{
 "analysis":{
   "authors":"Sergei L Kosakovsky Pond, Ben Murrell, Steven Weaver and Temple iGEM / UCSD viral evolution group",
   "citation":"Less Is More: An Adaptive Branch-Site Random Effects Model for Efficient Detection of Episodic Diversifying Selection (2015). Mol Biol Evol 32 (5): 1342-1353. v2.2 adds support for multiple-hit models",
   "contact":"spond@temple.edu",
   "info":"aBSREL (Adaptive branch-site random effects likelihood)\n                            uses an adaptive random effects branch-site model framework\n                            to test whether each branch has evolved under positive selection,\n                            using a procedure which infers an optimal number of rate categories per branch.",
   "requirements":"in-frame codon alignment and a phylogenetic tree",
   "version":"2.2"
  },
 "branch attributes":{
   "0":{
     "229E_lcl_NC_002645_1_cds_NP_073556_1_8_gene_N_locus_tag_HCoV229Egp7_db_xref_GeneID_918763_protein_nucleocapsid_protein_protein_id_NP_073556_1_location_25686_26855_gbkey_CDS__3":{
       "Baseline MG94xREV":0,
       "Baseline MG94xREV omega ratio":1,
       "Corrected P-value":null,
       "Full adaptive model":0,
       "Full adaptive model (non-synonymous subs/site)":1e-10,
       "Full adaptive model (synonymous subs/site)":1e-10,
       "LRT":null,
       "Nucleotide GTR":0,
       "Rate Distributions":        [
[1, 1] 
        ],
       "Rate classes":1,
       "Uncorrected P-value":null,
       "original name":"229E_lcl_NC_002645_1_cds_NP_073556_1_8_gene_N_locus_tag_HCoV229Egp7_db_xref_GeneID_918763_protein_nucleocapsid_protein_protein_id_NP_073556_1_location_25686_26855_gbkey_CDS__3"
      },
     "Node2":{
       "Baseline MG94xREV":0.003469058480397523,
       "Baseline MG94xREV omega ratio":0.4362363847670936,
       "Corrected P-value":1,
       "Full adaptive model":0.003470196433549522,
       "Full adaptive model (non-synonymous subs/site)":0.001697546899422835,
       "Full adaptive model (synonymous subs/site)":0.00177264953412669,
       "LRT":0,
       "Nucleotide GTR":0.003441165119299695,
       "Rate Distributions":        [
[0.4107714682316684, 1] 
        ],
       "Rate classes":1,
       "Uncorrected P-value":1
      },
     "Node20":{
       "Baseline MG94xREV":0.0008828245721952317,
       "Baseline MG94xREV omega ratio":0,
       "Corrected P-value":1,
       "Full adaptive model":0.0008846162990312966,
       "Full adaptive model (non-synonymous subs/site)":1e-10,
       "Full adaptive model (synonymous subs/site)":0.0008846162990312966,
       "LRT":0,
       "Nucleotide GTR":0.000857287911024327,
       "Rate Distributions":        [
[0, 1] 
        ],
       "Rate classes":1,
       "Uncorrected P-value":1
      },
     "Node22":{
       "Baseline MG94xREV":0.00177234894152402,
       "Baseline MG94xREV omega ratio":0,
       "Corrected P-value":1,
       "Full adaptive model":0.001777310960407248,
       "Full adaptive model (non-synonymous subs/site)":1e-10,
       "Full adaptive model (synonymous subs/site)":0.001777310960407248,
       "LRT":0,
       "Nucleotide GTR":0.001716077946149218,
       "Rate Distributions":        [
[0, 1] 
        ],
       "Rate classes":1,
       "Uncorrected P-value":1
      },
     "Node25":{
       "Baseline MG94xREV":0.001733644072441312,
       "Baseline MG94xREV omega ratio":0.4357874612327353,
       "Corrected P-value":1,
       "Full adaptive model":0.001736024287283136,
       "Full adaptive model (non-synonymous subs/site)":0.0008482616905314807,
       "Full adaptive model (synonymous subs/site)":0.0008877625967516539,
       "LRT":0,
       "Nucleotide GTR":0.001715698604053112,
       "Rate Distributions":        [
[0.4098589091364218, 1] 
        ],
       "Rate classes":1,
       "Uncorrected P-value":1
      },
     "Node28":{
       "Baseline MG94xREV":0.001698816111783415,
       "Baseline MG94xREV omega ratio":10000000000,
       "Corrected P-value":1,
       "Full adaptive model":0.001697371579934827,
       "Full adaptive model (non-synonymous subs/site)":0.001697371579934827,
       "Full adaptive model (synonymous subs/site)":1e-10,
       "LRT":1.377692914602449,
       "Nucleotide GTR":0.001716965455481983,
       "Rate Distributions":        [
[10000000000, 1] 
        ],
       "Rate classes":1,
       "Uncorrected P-value":0.1987454015189178
      },
     "Node31":{
       "Baseline MG94xREV":0.0008491239062889751,
       "Baseline MG94xREV omega ratio":10000000000,
       "Corrected P-value":1,
       "Full adaptive model":0.0008485158762330061,
       "Full adaptive model (non-synonymous subs/site)":0.0008485158762330061,
       "Full adaptive model (synonymous subs/site)":1e-10,
       "LRT":0.7084079692576779,
       "Nucleotide GTR":0.0008573116136049984,
       "Rate Distributions":        [
[10000000000, 1] 
        ],
       "Rate classes":1,
       "Uncorrected P-value":0.2905141100115056
      },
     "Node34":{
       "Baseline MG94xREV":0.0008491832666916722,
       "Baseline MG94xREV omega ratio":10000000000,
       "Corrected P-value":1,
       "Full adaptive model":0.0008484494632113542,
       "Full adaptive model (non-synonymous subs/site)":0.0008484494632113542,
       "Full adaptive model (synonymous subs/site)":1e-10,
       "LRT":0.7151912978133623,
       "Nucleotide GTR":0.0008574119677632658,
       "Rate Distributions":        [
[10000000000, 1] 
        ],
       "Rate classes":1,
       "Uncorrected P-value":0.2893518999414589
      },
     "Node40":{
       "Baseline MG94xREV":0.0008797244900235357,
       "Baseline MG94xREV omega ratio":0,
       "Corrected P-value":1,
       "Full adaptive model":0.0008822387713457482,
       "Full adaptive model (non-synonymous subs/site)":1e-10,
       "Full adaptive model (synonymous subs/site)":0.0008822387713457482,
       "LRT":0,
       "Nucleotide GTR":0.0008574116389911095,
       "Rate Distributions":        [
[0, 1] 
        ],
       "Rate classes":1,
       "Uncorrected P-value":1
      },
     "Node5":{
       "Baseline MG94xREV":0.001728794423059704,
       "Baseline MG94xREV omega ratio":0.4381057055706747,
       "Corrected P-value":1,
       "Full adaptive model":0.001730401623069685,
       "Full adaptive model (non-synonymous subs/site)":0.0008483449669105025,
       "Full adaptive model (synonymous subs/site)":0.0008820566561591835,
       "LRT":0,
       "Nucleotide GTR":0.001715291786648255,
       "Rate Distributions":        [
[0.4125507447876553, 1] 
        ],
       "Rate classes":1,
       "Uncorrected P-value":1
      },
     "Node51":{
       "Baseline MG94xREV":0.0008824262633326361,
       "Baseline MG94xREV omega ratio":0,
       "Corrected P-value":1,
       "Full adaptive model":0.0008848311249338501,
       "Full adaptive model (non-synonymous subs/site)":1e-10,
       "Full adaptive model (synonymous subs/site)":0.0008848311249338501,
       "LRT":0,
       "Nucleotide GTR":0.0008573064290910309,
       "Rate Distributions":        [
[0, 1] 
        ],
       "Rate classes":1,
       "Uncorrected P-value":1
      },
     "Node55":{
       "Baseline MG94xREV":0.0008491217317203519,
       "Baseline MG94xREV omega ratio":10000000000,
       "Corrected P-value":1,
       "Full adaptive model":0.0008484878925777676,
       "Full adaptive model (non-synonymous subs/site)":0.0008484878925777676,
       "Full adaptive model (synonymous subs/site)":1e-10,
       "LRT":2.273812748350792,
       "Nucleotide GTR":0.0008581576776692786,
       "Rate Distributions":        [
[10000000000, 1] 
        ],
       "Rate classes":1,
       "Uncorrected P-value":0.1225581562848507
      },
     "Node60":{
       "Baseline MG94xREV":0.001731522964257741,
       "Baseline MG94xREV omega ratio":0.4364316934449052,
       "Corrected P-value":1,
       "Full adaptive model":0.001733395983249577,
       "Full adaptive model (non-synonymous subs/site)":0.0008481386938234025,
       "Full adaptive model (synonymous subs/site)":0.0008852572894261719,
       "LRT":0,
       "Nucleotide GTR":0.001717356791623721,
       "Rate Distributions":        [
[0.4109592262367269, 1] 
        ],
       "Rate classes":1,
       "Uncorrected P-value":1
      },
     "Node65":{
       "Baseline MG94xREV":0.002620526585651499,
       "Baseline MG94xREV omega ratio":0.2175595977713735,
       "Corrected P-value":1,
       "Full adaptive model":0.002624240593890753,
       "Full adaptive model (non-synonymous subs/site)":0.0008483872293988682,
       "Full adaptive model (synonymous subs/site)":0.001775853364491888,
       "LRT":0,
       "Nucleotide GTR":0.002574568694471123,
       "Rate Distributions":        [
[0.2049219074011457, 1] 
        ],
       "Rate classes":1,
       "Uncorrected P-value":1
      },
     "Node68":{
       "Baseline MG94xREV":0.001769415419435781,
       "Baseline MG94xREV omega ratio":0,
       "Corrected P-value":1,
       "Full adaptive model":0.001772611121360296,
       "Full adaptive model (non-synonymous subs/site)":1e-10,
       "Full adaptive model (synonymous subs/site)":0.001772611121360296,
       "LRT":0,
       "Nucleotide GTR":0.0017159332094514,
       "Rate Distributions":        [
[0, 1] 
        ],
       "Rate classes":1,
       "Uncorrected P-value":1
      },
     "Node71":{
       "Baseline MG94xREV":0.0008843093929510611,
       "Baseline MG94xREV omega ratio":0,
       "Corrected P-value":1,
       "Full adaptive model":0.0008854185430942095,
       "Full adaptive model (non-synonymous subs/site)":1e-10,
       "Full adaptive model (synonymous subs/site)":0.0008854185430942095,
       "LRT":0,
       "Nucleotide GTR":0.0008585911113677315,
       "Rate Distributions":        [
[0, 1] 
        ],
       "Rate classes":1,
       "Uncorrected P-value":1
      },
     "Node73":{
       "Baseline MG94xREV":0.0008475777619643122,
       "Baseline MG94xREV omega ratio":10000000000,
       "Corrected P-value":1,
       "Full adaptive model":0.0008477209036678201,
       "Full adaptive model (non-synonymous subs/site)":0.0008477209036678201,
       "Full adaptive model (synonymous subs/site)":1e-10,
       "LRT":0.6472720380324972,
       "Nucleotide GTR":0.0008524403241225918,
       "Rate Distributions":        [
[10000000000, 1] 
        ],
       "Rate classes":1,
       "Uncorrected P-value":0.3012719996658914
      },
     "Node74":{
       "Baseline MG94xREV":0.01529843818100761,
       "Baseline MG94xREV omega ratio":0.1762691606068157,
       "Corrected P-value":1,
       "Full adaptive model":0.01530352943419134,
       "Full adaptive model (non-synonymous subs/site)":0.00427541230864851,
       "Full adaptive model (synonymous subs/site)":0.01102811712554283,
       "LRT":0,
       "Nucleotide GTR":0.01478495064193343,
       "Rate Distributions":        [
[0.1662945448365189, 1] 
        ],
       "Rate classes":1,
       "Uncorrected P-value":1
      },
     "Node81":{
       "Baseline MG94xREV":0.002580677508658658,
       "Baseline MG94xREV omega ratio":0.8747893121239138,
       "Corrected P-value":1,
       "Full adaptive model":0.002582096744951915,
       "Full adaptive model (non-synonymous subs/site)":0.001697782356296907,
       "Full adaptive model (synonymous subs/site)":0.0008843143886550107,
       "LRT":0,
       "Nucleotide GTR":0.002577120750815558,
       "Rate Distributions":        [
[0.8235248223134639, 1] 
        ],
       "Rate classes":1,
       "Uncorrected P-value":1
      },
     "gb_JX503060_Organism_Human_coronavirus_229E_Strain_Name_0349_Segment_null_Host_Human_1":{
       "Baseline MG94xREV":0.0008814236918022753,
       "Baseline MG94xREV omega ratio":0,
       "Corrected P-value":null,
       "Full adaptive model":0.0008839778174674222,
       "Full adaptive model (non-synonymous subs/site)":1e-10,
       "Full adaptive model (synonymous subs/site)":0.0008839778174674222,
       "LRT":null,
       "Nucleotide GTR":0.0008573064211648574,
       "Rate Distributions":        [
[0, 1] 
        ],
       "Rate classes":1,
       "Uncorrected P-value":null,
       "original name":"gb_JX503060_Organism_Human_coronavirus_229E_Strain_Name_0349_Segment_null_Host_Human_1"
      },
     "gb_JX503061_Organism_Human_coronavirus_229E_Strain_Name_J0304_Segment_null_Host_Human_1":{
       "Baseline MG94xREV":0.0008899766983008389,
       "Baseline MG94xREV omega ratio":0,
       "Corrected P-value":null,
       "Full adaptive model":0.0008920760822677373,
       "Full adaptive model (non-synonymous subs/site)":1e-10,
       "Full adaptive model (synonymous subs/site)":0.0008920760822677373,
       "LRT":null,
       "Nucleotide GTR":0.000857734109292577,
       "Rate Distributions":        [
[0, 1] 
        ],
       "Rate classes":1,
       "Uncorrected P-value":null,
       "original name":"gb_JX503061_Organism_Human_coronavirus_229E_Strain_Name_J0304_Segment_null_Host_Human_1"
      },
     "gb_KU291448_Organism_Human_coronavirus_229E_Strain_Name_HCoV_229E_BN1_GER_2015_Segment_null_Host_Human_1":{
       "Baseline MG94xREV":0.002676715021588388,
       "Baseline MG94xREV omega ratio":0,
       "Corrected P-value":null,
       "Full adaptive model":0.002680702471874078,
       "Full adaptive model (non-synonymous subs/site)":1e-10,
       "Full adaptive model (synonymous subs/site)":0.002680702471874078,
       "LRT":null,
       "Nucleotide GTR":0.002576240402041393,
       "Rate Distributions":        [
[0, 1] 
        ],
       "Rate classes":1,
       "Uncorrected P-value":null,
       "original name":"gb_KU291448_Organism_Human_coronavirus_229E_Strain_Name_HCoV_229E_BN1_GER_2015_Segment_null_Host_Human_1"
      },
     "gb_KY369908_Organism_Human_coronavirus_229E_Strain_Name_HCoV_229E_Seattle_USA_SC579_2016_Segment_null_Host_Human_1":{
       "Baseline MG94xREV":0.0008490517317342161,
       "Baseline MG94xREV omega ratio":10000000000,
       "Corrected P-value":null,
       "Full adaptive model":0.0008479563755910626,
       "Full adaptive model (non-synonymous subs/site)":0.0008479563755910626,
       "Full adaptive model (synonymous subs/site)":1e-10,
       "LRT":null,
       "Nucleotide GTR":0.0008571273612765049,
       "Rate Distributions":        [
[10000000000, 1] 
        ],
       "Rate classes":1,
       "Uncorrected P-value":null,
       "original name":"gb_KY369908_Organism_Human_coronavirus_229E_Strain_Name_HCoV_229E_Seattle_USA_SC579_2016_Segment_null_Host_Human_1"
      },
     "gb_KY369909_Organism_Human_coronavirus_229E_Strain_Name_HCoV_229E_Seattle_USA_SC677_2016_Segment_null_Host_Human_3":{
       "Baseline MG94xREV":0.001727911378767646,
       "Baseline MG94xREV omega ratio":0.4386386799002642,
       "Corrected P-value":null,
       "Full adaptive model":0.001729668481028256,
       "Full adaptive model (non-synonymous subs/site)":0.0008482586342958245,
       "Full adaptive model (synonymous subs/site)":0.0008814098467324294,
       "LRT":null,
       "Nucleotide GTR":0.001714932276824176,
       "Rate Distributions":        [
[0.4128114745590404, 1] 
        ],
       "Rate classes":1,
       "Uncorrected P-value":null,
       "original name":"gb_KY369909_Organism_Human_coronavirus_229E_Strain_Name_HCoV_229E_Seattle_USA_SC677_2016_Segment_null_Host_Human_3"
      },
     "gb_KY369911_Organism_Human_coronavirus_229E_Strain_Name_HCoV_229E_Seattle_USA_SC1212_2016_Segment_null_Host_Human_2":{
       "Baseline MG94xREV":0.001765591707574127,
       "Baseline MG94xREV omega ratio":0,
       "Corrected P-value":null,
       "Full adaptive model":0.001769432854971025,
       "Full adaptive model (non-synonymous subs/site)":1e-10,
       "Full adaptive model (synonymous subs/site)":0.001769432854971025,
       "LRT":null,
       "Nucleotide GTR":0.001719862694240941,
       "Rate Distributions":        [
[0, 1] 
        ],
       "Rate classes":1,
       "Uncorrected P-value":null,
       "original name":"gb_KY369911_Organism_Human_coronavirus_229E_Strain_Name_HCoV_229E_Seattle_USA_SC1212_2016_Segment_null_Host_Human_2"
      },
     "gb_KY369912_Organism_Human_coronavirus_229E_Strain_Name_HCoV_229E_Seattle_USA_SC9731_2016_Segment_null_Host_Human_1":{
       "Baseline MG94xREV":0.001772650414398904,
       "Baseline MG94xREV omega ratio":0,
       "Corrected P-value":null,
       "Full adaptive model":0.001776503207382315,
       "Full adaptive model (non-synonymous subs/site)":1e-10,
       "Full adaptive model (synonymous subs/site)":0.001776503207382315,
       "LRT":null,
       "Nucleotide GTR":0.001715899969837621,
       "Rate Distributions":        [
[0, 1] 
        ],
       "Rate classes":1,
       "Uncorrected P-value":null,
       "original name":"gb_KY369912_Organism_Human_coronavirus_229E_Strain_Name_HCoV_229E_Seattle_USA_SC9731_2016_Segment_null_Host_Human_1"
      },
     "gb_KY369913_Organism_Human_coronavirus_229E_Strain_Name_HCoV_229E_Seattle_USA_SC1073_2016_Segment_null_Host_Human_1":{
       "Baseline MG94xREV":0.0008483368422378162,
       "Baseline MG94xREV omega ratio":10000000000,
       "Corrected P-value":null,
       "Full adaptive model":0.0008476902298811515,
       "Full adaptive model (non-synonymous subs/site)":0.0008476902298811515,
       "Full adaptive model (synonymous subs/site)":1e-10,
       "LRT":null,
       "Nucleotide GTR":0.0008570224248185788,
       "Rate Distributions":        [
[10000000000, 1] 
        ],
       "Rate classes":1,
       "Uncorrected P-value":null,
       "original name":"gb_KY369913_Organism_Human_coronavirus_229E_Strain_Name_HCoV_229E_Seattle_USA_SC1073_2016_Segment_null_Host_Human_1"
      },
     "gb_KY369914_Organism_Human_coronavirus_229E_Strain_Name_HCoV_229E_Seattle_USA_SC9773_2016_Segment_null_Host_Human_1":{
       "Baseline MG94xREV":0,
       "Baseline MG94xREV omega ratio":1,
       "Corrected P-value":null,
       "Full adaptive model":0,
       "Full adaptive model (non-synonymous subs/site)":1e-10,
       "Full adaptive model (synonymous subs/site)":1e-10,
       "LRT":null,
       "Nucleotide GTR":0,
       "Rate Distributions":        [
[1, 1] 
        ],
       "Rate classes":1,
       "Uncorrected P-value":null,
       "original name":"gb_KY369914_Organism_Human_coronavirus_229E_Strain_Name_HCoV_229E_Seattle_USA_SC9773_2016_Segment_null_Host_Human_1"
      },
     "gb_KY674919_Organism_Human_coronavirus_229E_Strain_Name_N08_434B_Segment_null_Host_Human_1":{
       "Baseline MG94xREV":0.001758142992426455,
       "Baseline MG94xREV omega ratio":0.4237241082975046,
       "Corrected P-value":null,
       "Full adaptive model":0.001750848490797506,
       "Full adaptive model (non-synonymous subs/site)":0.0008480203381104489,
       "Full adaptive model (synonymous subs/site)":0.0009028281526870565,
       "LRT":null,
       "Nucleotide GTR":0.001723673309318304,
       "Rate Distributions":        [
[0.4029048956184816, 1] 
        ],
       "Rate classes":1,
       "Uncorrected P-value":null,
       "original name":"gb_KY674919_Organism_Human_coronavirus_229E_Strain_Name_N08_434B_Segment_null_Host_Human_1"
      },
     "gb_KY684760_Organism_Human_coronavirus_229E_Strain_Name_HCoV_229E_Seattle_USA_SC2282_2017_Segment_null_Host_Human_1":{
       "Baseline MG94xREV":0,
       "Baseline MG94xREV omega ratio":1,
       "Corrected P-value":null,
       "Full adaptive model":0,
       "Full adaptive model (non-synonymous subs/site)":1e-10,
       "Full adaptive model (synonymous subs/site)":1e-10,
       "LRT":null,
       "Nucleotide GTR":0,
       "Rate Distributions":        [
[1, 1] 
        ],
       "Rate classes":1,
       "Uncorrected P-value":null,
       "original name":"gb_KY684760_Organism_Human_coronavirus_229E_Strain_Name_HCoV_229E_Seattle_USA_SC2282_2017_Segment_null_Host_Human_1"
      },
     "gb_KY967357_Organism_Human_coronavirus_229E_Strain_Name_HCoV_229E_Seattle_USA_SC2872_2015_Segment_null_Host_Human_1":{
       "Baseline MG94xREV":0.002655256414141867,
       "Baseline MG94xREV omega ratio":0,
       "Corrected P-value":null,
       "Full adaptive model":0.002662268587534695,
       "Full adaptive model (non-synonymous subs/site)":1e-10,
       "Full adaptive model (synonymous subs/site)":0.002662268587534695,
       "LRT":null,
       "Nucleotide GTR":0.002573582191104866,
       "Rate Distributions":        [
[0, 1] 
        ],
       "Rate classes":1,
       "Uncorrected P-value":null,
       "original name":"gb_KY967357_Organism_Human_coronavirus_229E_Strain_Name_HCoV_229E_Seattle_USA_SC2872_2015_Segment_null_Host_Human_1"
      },
     "gb_MF542265_Organism_Human_coronavirus_229E_Strain_Name_229E_Haiti_1_2016_Segment_null_Host_Human_1":{
       "Baseline MG94xREV":0.0008478688932049783,
       "Baseline MG94xREV omega ratio":10000000000,
       "Corrected P-value":null,
       "Full adaptive model":0.0008472597260019413,
       "Full adaptive model (non-synonymous subs/site)":0.0008472597260019413,
       "Full adaptive model (synonymous subs/site)":1e-10,
       "LRT":null,
       "Nucleotide GTR":0.0008557263053983545,
       "Rate Distributions":        [
[10000000000, 1] 
        ],
       "Rate classes":1,
       "Uncorrected P-value":null,
       "original name":"gb_MF542265_Organism_Human_coronavirus_229E_Strain_Name_229E_Haiti_1_2016_Segment_null_Host_Human_1"
      },
     "gb_MN306046_Organism_Human_coronavirus_229E_Strain_Name_HCoV_229E_Seattle_USA_SC0865_2019_Segment_null_Host_Human_1":{
       "Baseline MG94xREV":0.001773440889082826,
       "Baseline MG94xREV omega ratio":0,
       "Corrected P-value":null,
       "Full adaptive model":0.001778039572761657,
       "Full adaptive model (non-synonymous subs/site)":1e-10,
       "Full adaptive model (synonymous subs/site)":0.001778039572761657,
       "LRT":null,
       "Nucleotide GTR":0.001717999692697323,
       "Rate Distributions":        [
[0, 1] 
        ],
       "Rate classes":1,
       "Uncorrected P-value":null,
       "original name":"gb_MN306046_Organism_Human_coronavirus_229E_Strain_Name_HCoV_229E_Seattle_USA_SC0865_2019_Segment_null_Host_Human_1"
      },
     "gb_MN369046_Organism_Human_coronavirus_229E_Strain_Name_HCoV_229E_Seattle_USA_SC9724_2018_Segment_null_Host_Human_1":{
       "Baseline MG94xREV":0.001727931891906477,
       "Baseline MG94xREV omega ratio":10000000000,
       "Corrected P-value":null,
       "Full adaptive model":0.001727195600103946,
       "Full adaptive model (non-synonymous subs/site)":0.001727195600103946,
       "Full adaptive model (synonymous subs/site)":1e-10,
       "LRT":null,
       "Nucleotide GTR":0.001747014988892123,
       "Rate Distributions":        [
[10000000000, 1] 
        ],
       "Rate classes":1,
       "Uncorrected P-value":null,
       "original name":"gb_MN369046_Organism_Human_coronavirus_229E_Strain_Name_HCoV_229E_Seattle_USA_SC9724_2018_Segment_null_Host_Human_1"
      },
     "kf293666_229e_n_sweden_no_value_1":{
       "Baseline MG94xREV":0.0008507672876178429,
       "Baseline MG94xREV omega ratio":10000000000,
       "Corrected P-value":null,
       "Full adaptive model":0.0008502096764874171,
       "Full adaptive model (non-synonymous subs/site)":0.0008502096764874171,
       "Full adaptive model (synonymous subs/site)":1e-10,
       "LRT":null,
       "Nucleotide GTR":0.0008589114879958619,
       "Rate Distributions":        [
[10000000000, 1] 
        ],
       "Rate classes":1,
       "Uncorrected P-value":null,
       "original name":"kf293666_229e_n_sweden_no_value_1"
      },
     "kf514429_229e_n_usa_nashville_tn_07_feb_1989_1":{
       "Baseline MG94xREV":0.002622618121393435,
       "Baseline MG94xREV omega ratio":0.2182262861081872,
       "Corrected P-value":null,
       "Full adaptive model":0.002625467953307741,
       "Full adaptive model (non-synonymous subs/site)":0.000850306833709508,
       "Full adaptive model (synonymous subs/site)":0.001775161119598232,
       "LRT":null,
       "Nucleotide GTR":0.002585086575942903,
       "Rate Distributions":        [
[0.2054656666963861, 1] 
        ],
       "Rate classes":1,
       "Uncorrected P-value":null,
       "original name":"kf514429_229e_n_usa_nashville_tn_07_feb_1989_1"
      },
     "kf514430_229e_n_usa_nashville_tn_18_mar_1993_2":{
       "Baseline MG94xREV":0.0008842843402500993,
       "Baseline MG94xREV omega ratio":0,
       "Corrected P-value":null,
       "Full adaptive model":0.0008864658180620117,
       "Full adaptive model (non-synonymous subs/site)":1e-10,
       "Full adaptive model (synonymous subs/site)":0.0008864658180620117,
       "LRT":null,
       "Nucleotide GTR":0.0008579081635032563,
       "Rate Distributions":        [
[0, 1] 
        ],
       "Rate classes":1,
       "Uncorrected P-value":null,
       "original name":"kf514430_229e_n_usa_nashville_tn_18_mar_1993_2"
      },
     "kf514431_229e_n_usa_nashville_tn_23_mar_1995_1":{
       "Baseline MG94xREV":0.0008815312479006171,
       "Baseline MG94xREV omega ratio":0,
       "Corrected P-value":null,
       "Full adaptive model":0.0008834962610469104,
       "Full adaptive model (non-synonymous subs/site)":1e-10,
       "Full adaptive model (synonymous subs/site)":0.0008834962610469104,
       "LRT":null,
       "Nucleotide GTR":0.0008574468905900019,
       "Rate Distributions":        [
[0, 1] 
        ],
       "Rate classes":1,
       "Uncorrected P-value":null,
       "original name":"kf514431_229e_n_usa_nashville_tn_23_mar_1995_1"
      },
     "kf514432_229e_n_usa_nashville_tn_22_feb_1993_2":{
       "Baseline MG94xREV":0,
       "Baseline MG94xREV omega ratio":1,
       "Corrected P-value":null,
       "Full adaptive model":0,
       "Full adaptive model (non-synonymous subs/site)":1e-10,
       "Full adaptive model (synonymous subs/site)":1e-10,
       "LRT":null,
       "Nucleotide GTR":0,
       "Rate Distributions":        [
[1, 1] 
        ],
       "Rate classes":1,
       "Uncorrected P-value":null,
       "original name":"kf514432_229e_n_usa_nashville_tn_22_feb_1993_2"
      },
     "kf514433_229e_n_usa_nashville_tn_11_mar_1993_2":{
       "Baseline MG94xREV":0.0008492045725823984,
       "Baseline MG94xREV omega ratio":10000000000,
       "Corrected P-value":null,
       "Full adaptive model":0.0008485118957639845,
       "Full adaptive model (non-synonymous subs/site)":0.0008485118957639845,
       "Full adaptive model (synonymous subs/site)":1e-10,
       "LRT":null,
       "Nucleotide GTR":0.0008577857630002809,
       "Rate Distributions":        [
[10000000000, 1] 
        ],
       "Rate classes":1,
       "Uncorrected P-value":null,
       "original name":"kf514433_229e_n_usa_nashville_tn_11_mar_1993_2"
      },
     "km055501_229e_n_china_2009_9":{
       "Baseline MG94xREV":0,
       "Baseline MG94xREV omega ratio":1,
       "Corrected P-value":null,
       "Full adaptive model":0,
       "Full adaptive model (non-synonymous subs/site)":1e-10,
       "Full adaptive model (synonymous subs/site)":1e-10,
       "LRT":null,
       "Nucleotide GTR":0,
       "Rate Distributions":        [
[1, 1] 
        ],
       "Rate classes":1,
       "Uncorrected P-value":null,
       "original name":"km055501_229e_n_china_2009_9"
      },
     "km055504_229e_n_china_2009_3":{
       "Baseline MG94xREV":0,
       "Baseline MG94xREV omega ratio":1,
       "Corrected P-value":null,
       "Full adaptive model":0,
       "Full adaptive model (non-synonymous subs/site)":1e-10,
       "Full adaptive model (synonymous subs/site)":1e-10,
       "LRT":null,
       "Nucleotide GTR":0,
       "Rate Distributions":        [
[1, 1] 
        ],
       "Rate classes":1,
       "Uncorrected P-value":null,
       "original name":"km055504_229e_n_china_2009_3"
      },
     "km055505_229e_n_china_2009_1":{
       "Baseline MG94xREV":0.0008797244902063332,
       "Baseline MG94xREV omega ratio":0,
       "Corrected P-value":null,
       "Full adaptive model":0.0008822386846603711,
       "Full adaptive model (non-synonymous subs/site)":1e-10,
       "Full adaptive model (synonymous subs/site)":0.0008822386846603711,
       "LRT":null,
       "Nucleotide GTR":0.0008574116395645614,
       "Rate Distributions":        [
[0, 1] 
        ],
       "Rate classes":1,
       "Uncorrected P-value":null,
       "original name":"km055505_229e_n_china_2009_1"
      },
     "km055507_229e_n_china_2010_2":{
       "Baseline MG94xREV":0.001729999488258802,
       "Baseline MG94xREV omega ratio":0.4376345540092213,
       "Corrected P-value":null,
       "Full adaptive model":0.001731659563701647,
       "Full adaptive model (non-synonymous subs/site)":0.0008483839913831282,
       "Full adaptive model (synonymous subs/site)":0.0008832755723185175,
       "LRT":null,
       "Nucleotide GTR":0.00171751211553493,
       "Rate Distributions":        [
[0.4120003781280814, 1] 
        ],
       "Rate classes":1,
       "Uncorrected P-value":null,
       "original name":"km055507_229e_n_china_2010_2"
      },
     "km055509_229e_n_china_2010_2":{
       "Baseline MG94xREV":0.0008766786385007138,
       "Baseline MG94xREV omega ratio":0,
       "Corrected P-value":null,
       "Full adaptive model":0.0008793579337790927,
       "Full adaptive model (non-synonymous subs/site)":1e-10,
       "Full adaptive model (synonymous subs/site)":0.0008793579337790927,
       "LRT":null,
       "Nucleotide GTR":0.000857516856846528,
       "Rate Distributions":        [
[0, 1] 
        ],
       "Rate classes":1,
       "Uncorrected P-value":null,
       "original name":"km055509_229e_n_china_2010_2"
      },
     "km055511_229e_n_china_2010_1":{
       "Baseline MG94xREV":0.0008828521201361557,
       "Baseline MG94xREV omega ratio":0,
       "Corrected P-value":null,
       "Full adaptive model":0.0008849278057558095,
       "Full adaptive model (non-synonymous subs/site)":1e-10,
       "Full adaptive model (synonymous subs/site)":0.0008849278057558095,
       "LRT":null,
       "Nucleotide GTR":0.000857411968713706,
       "Rate Distributions":        [
[0, 1] 
        ],
       "Rate classes":1,
       "Uncorrected P-value":null,
       "original name":"km055511_229e_n_china_2010_1"
      },
     "km055513_229e_n_china_2011_17":{
       "Baseline MG94xREV":0,
       "Baseline MG94xREV omega ratio":1,
       "Corrected P-value":null,
       "Full adaptive model":0,
       "Full adaptive model (non-synonymous subs/site)":1e-10,
       "Full adaptive model (synonymous subs/site)":1e-10,
       "LRT":null,
       "Nucleotide GTR":0,
       "Rate Distributions":        [
[1, 1] 
        ],
       "Rate classes":1,
       "Uncorrected P-value":null,
       "original name":"km055513_229e_n_china_2011_17"
      },
     "km055515_229e_n_china_2007_1":{
       "Baseline MG94xREV":0.0008489312276322757,
       "Baseline MG94xREV omega ratio":10000000000,
       "Corrected P-value":null,
       "Full adaptive model":0.0008483723803262389,
       "Full adaptive model (non-synonymous subs/site)":0.0008483723803262389,
       "Full adaptive model (synonymous subs/site)":1e-10,
       "LRT":null,
       "Nucleotide GTR":0.0008578687608561714,
       "Rate Distributions":        [
[10000000000, 1] 
        ],
       "Rate classes":1,
       "Uncorrected P-value":null,
       "original name":"km055515_229e_n_china_2007_1"
      },
     "km055516_229e_n_china_2008_1":{
       "Baseline MG94xREV":0.0008489173543805624,
       "Baseline MG94xREV omega ratio":10000000000,
       "Corrected P-value":null,
       "Full adaptive model":0.0008479871716245291,
       "Full adaptive model (non-synonymous subs/site)":0.0008479871716245291,
       "Full adaptive model (synonymous subs/site)":1e-10,
       "LRT":null,
       "Nucleotide GTR":0.0008579728833820325,
       "Rate Distributions":        [
[10000000000, 1] 
        ],
       "Rate classes":1,
       "Uncorrected P-value":null,
       "original name":"km055516_229e_n_china_2008_1"
      },
     "km055518_229e_n_china_2008_1":{
       "Baseline MG94xREV":0,
       "Baseline MG94xREV omega ratio":1,
       "Corrected P-value":null,
       "Full adaptive model":0,
       "Full adaptive model (non-synonymous subs/site)":1e-10,
       "Full adaptive model (synonymous subs/site)":1e-10,
       "LRT":null,
       "Nucleotide GTR":0,
       "Rate Distributions":        [
[1, 1] 
        ],
       "Rate classes":1,
       "Uncorrected P-value":null,
       "original name":"km055518_229e_n_china_2008_1"
      },
     "km055519_229e_n_china_2005_1":{
       "Baseline MG94xREV":0,
       "Baseline MG94xREV omega ratio":1,
       "Corrected P-value":null,
       "Full adaptive model":0,
       "Full adaptive model (non-synonymous subs/site)":1e-10,
       "Full adaptive model (synonymous subs/site)":1e-10,
       "LRT":null,
       "Nucleotide GTR":0,
       "Rate Distributions":        [
[1, 1] 
        ],
       "Rate classes":1,
       "Uncorrected P-value":null,
       "original name":"km055519_229e_n_china_2005_1"
      },
     "km055521_229e_n_china_2009_1":{
       "Baseline MG94xREV":0.0008822953652541686,
       "Baseline MG94xREV omega ratio":0,
       "Corrected P-value":null,
       "Full adaptive model":0.0008847699415002749,
       "Full adaptive model (non-synonymous subs/site)":1e-10,
       "Full adaptive model (synonymous subs/site)":0.0008847699415002749,
       "LRT":null,
       "Nucleotide GTR":0.0008573064270639637,
       "Rate Distributions":        [
[0, 1] 
        ],
       "Rate classes":1,
       "Uncorrected P-value":null,
       "original name":"km055521_229e_n_china_2009_1"
      },
     "km055522_229e_n_china_2009_1":{
       "Baseline MG94xREV":0.000882859335298516,
       "Baseline MG94xREV omega ratio":0,
       "Corrected P-value":null,
       "Full adaptive model":0.0008849151299847816,
       "Full adaptive model (non-synonymous subs/site)":1e-10,
       "Full adaptive model (synonymous subs/site)":0.0008849151299847816,
       "LRT":null,
       "Nucleotide GTR":0.0008573064211648574,
       "Rate Distributions":        [
[0, 1] 
        ],
       "Rate classes":1,
       "Uncorrected P-value":null,
       "original name":"km055522_229e_n_china_2009_1"
      },
     "km055523_229e_n_china_2005_1":{
       "Baseline MG94xREV":0,
       "Baseline MG94xREV omega ratio":1,
       "Corrected P-value":null,
       "Full adaptive model":0,
       "Full adaptive model (non-synonymous subs/site)":1e-10,
       "Full adaptive model (synonymous subs/site)":1e-10,
       "LRT":null,
       "Nucleotide GTR":0,
       "Rate Distributions":        [
[1, 1] 
        ],
       "Rate classes":1,
       "Uncorrected P-value":null,
       "original name":"km055523_229e_n_china_2005_1"
      },
     "km055524_229e_n_china_2011_1":{
       "Baseline MG94xREV":0.002590839763207578,
       "Baseline MG94xREV omega ratio":0.8805793427284029,
       "Corrected P-value":null,
       "Full adaptive model":0.002588291287181237,
       "Full adaptive model (non-synonymous subs/site)":0.001704158685639322,
       "Full adaptive model (synonymous subs/site)":0.0008841326015419133,
       "LRT":null,
       "Nucleotide GTR":0.002586827482158248,
       "Rate Distributions":        [
[0.8267876804764714, 1] 
        ],
       "Rate classes":1,
       "Uncorrected P-value":null,
       "original name":"km055524_229e_n_china_2011_1"
      },
     "km055525_229e_n_china_2009_1":{
       "Baseline MG94xREV":0.0008812330986161663,
       "Baseline MG94xREV omega ratio":0,
       "Corrected P-value":null,
       "Full adaptive model":0.0008837127681419174,
       "Full adaptive model (non-synonymous subs/site)":1e-10,
       "Full adaptive model (synonymous subs/site)":0.0008837127681419174,
       "LRT":null,
       "Nucleotide GTR":0.0008559044848249301,
       "Rate Distributions":        [
[0, 1] 
        ],
       "Rate classes":1,
       "Uncorrected P-value":null,
       "original name":"km055525_229e_n_china_2009_1"
      },
     "km055526_229e_n_china_2009_1":{
       "Baseline MG94xREV":0.0008484393542386273,
       "Baseline MG94xREV omega ratio":10000000000,
       "Corrected P-value":null,
       "Full adaptive model":0.0008479494332933467,
       "Full adaptive model (non-synonymous subs/site)":0.0008479494332933467,
       "Full adaptive model (synonymous subs/site)":1e-10,
       "LRT":null,
       "Nucleotide GTR":0.0008582992625492435,
       "Rate Distributions":        [
[10000000000, 1] 
        ],
       "Rate classes":1,
       "Uncorrected P-value":null,
       "original name":"km055526_229e_n_china_2009_1"
      },
     "km055527_229e_n_china_2009_1":{
       "Baseline MG94xREV":0.0008812517105515455,
       "Baseline MG94xREV omega ratio":0,
       "Corrected P-value":null,
       "Full adaptive model":0.0008833322942234989,
       "Full adaptive model (non-synonymous subs/site)":1e-10,
       "Full adaptive model (synonymous subs/site)":0.0008833322942234989,
       "LRT":null,
       "Nucleotide GTR":0.0008573116136049984,
       "Rate Distributions":        [
[0, 1] 
        ],
       "Rate classes":1,
       "Uncorrected P-value":null,
       "original name":"km055527_229e_n_china_2009_1"
      },
     "kt359754_229e_n_malaysia_2012_1":{
       "Baseline MG94xREV":0.01040900461609124,
       "Baseline MG94xREV omega ratio":1.063783874778163,
       "Corrected P-value":null,
       "Full adaptive model":0.03183063273267592,
       "Full adaptive model (non-synonymous subs/site)":0.02997977401201903,
       "Full adaptive model (synonymous subs/site)":0.001850858720656893,
       "LRT":null,
       "Nucleotide GTR":0.01039888353385071,
       "Rate Distributions":        [
[0.343504866441934, 0.9880784613805219],
        [554.3358769581472, 0.01192153861947809] 
        ],
       "Rate classes":2,
       "Uncorrected P-value":null,
       "original name":"kt359754_229e_n_malaysia_2012_1"
      },
     "kt359759_229e_n_malaysia_2012_1":{
       "Baseline MG94xREV":0.001702909272449121,
       "Baseline MG94xREV omega ratio":10000000000,
       "Corrected P-value":null,
       "Full adaptive model":0.001701735596796583,
       "Full adaptive model (non-synonymous subs/site)":0.001701735596796583,
       "Full adaptive model (synonymous subs/site)":1e-10,
       "LRT":null,
       "Nucleotide GTR":0.001720129915521582,
       "Rate Distributions":        [
[10000000000, 1] 
        ],
       "Rate classes":1,
       "Uncorrected P-value":null,
       "original name":"kt359759_229e_n_malaysia_2012_1"
      },
     "kt359767_229e_n_malaysia_2013_1":{
       "Baseline MG94xREV":0.0008504649825546343,
       "Baseline MG94xREV omega ratio":10000000000,
       "Corrected P-value":null,
       "Full adaptive model":0.0008497559330393968,
       "Full adaptive model (non-synonymous subs/site)":0.0008497559330393968,
       "Full adaptive model (synonymous subs/site)":1e-10,
       "LRT":null,
       "Nucleotide GTR":0.000858979869212483,
       "Rate Distributions":        [
[10000000000, 1] 
        ],
       "Rate classes":1,
       "Uncorrected P-value":null,
       "original name":"kt359767_229e_n_malaysia_2013_1"
      },
     "kt359768_229e_n_malaysia_2013_1":{
       "Baseline MG94xREV":0.0008892347696470904,
       "Baseline MG94xREV omega ratio":0,
       "Corrected P-value":null,
       "Full adaptive model":0.0008916870153781679,
       "Full adaptive model (non-synonymous subs/site)":1e-10,
       "Full adaptive model (synonymous subs/site)":0.0008916870153781679,
       "LRT":null,
       "Nucleotide GTR":0.0008603927194649381,
       "Rate Distributions":        [
[0, 1] 
        ],
       "Rate classes":1,
       "Uncorrected P-value":null,
       "original name":"kt359768_229e_n_malaysia_2013_1"
      },
     "lc005736_229e_n_japan_yamagata_2008_1":{
       "Baseline MG94xREV":0.0009483187424258712,
       "Baseline MG94xREV omega ratio":0,
       "Corrected P-value":null,
       "Full adaptive model":0.0009498924516432371,
       "Full adaptive model (non-synonymous subs/site)":1e-10,
       "Full adaptive model (synonymous subs/site)":0.0009498924516432371,
       "LRT":null,
       "Nucleotide GTR":0.0009116084112155069,
       "Rate Distributions":        [
[0, 1] 
        ],
       "Rate classes":1,
       "Uncorrected P-value":null,
       "original name":"lc005736_229e_n_japan_yamagata_2008_1"
      },
     "lc005738_229e_n_japan_yamagata_2010_2":{
       "Baseline MG94xREV":0.0009394644865911868,
       "Baseline MG94xREV omega ratio":0,
       "Corrected P-value":null,
       "Full adaptive model":0.0009414917943303076,
       "Full adaptive model (non-synonymous subs/site)":1e-10,
       "Full adaptive model (synonymous subs/site)":0.0009414917943303076,
       "LRT":null,
       "Nucleotide GTR":0.0009137649975356008,
       "Rate Distributions":        [
[0, 1] 
        ],
       "Rate classes":1,
       "Uncorrected P-value":null,
       "original name":"lc005738_229e_n_japan_yamagata_2010_2"
      },
     "lc005739_229e_n_japan_yamagata_2010_1":{
       "Baseline MG94xREV":0.0009395162968297907,
       "Baseline MG94xREV omega ratio":0,
       "Corrected P-value":null,
       "Full adaptive model":0.0009415982576615813,
       "Full adaptive model (non-synonymous subs/site)":1e-10,
       "Full adaptive model (synonymous subs/site)":0.0009415982576615813,
       "LRT":null,
       "Nucleotide GTR":0.0009137012664190273,
       "Rate Distributions":        [
[0, 1] 
        ],
       "Rate classes":1,
       "Uncorrected P-value":null,
       "original name":"lc005739_229e_n_japan_yamagata_2010_1"
      },
     "mt438696_229e_n_usa_albuquerque_new_mexico_09_feb_2016_2":{
       "Baseline MG94xREV":0.0008776114677292945,
       "Baseline MG94xREV omega ratio":0,
       "Corrected P-value":null,
       "Full adaptive model":0.0008802019942351307,
       "Full adaptive model (non-synonymous subs/site)":1e-10,
       "Full adaptive model (synonymous subs/site)":0.0008802019942351307,
       "LRT":null,
       "Nucleotide GTR":0.0008547689719454684,
       "Rate Distributions":        [
[0, 1] 
        ],
       "Rate classes":1,
       "Uncorrected P-value":null,
       "original name":"mt438696_229e_n_usa_albuquerque_new_mexico_09_feb_2016_2"
      },
     "mt438697_229e_n_usa_little_rock_arkansas_24_feb_2017_7":{
       "Baseline MG94xREV":0,
       "Baseline MG94xREV omega ratio":1,
       "Corrected P-value":null,
       "Full adaptive model":0,
       "Full adaptive model (non-synonymous subs/site)":1e-10,
       "Full adaptive model (synonymous subs/site)":1e-10,
       "LRT":null,
       "Nucleotide GTR":0,
       "Rate Distributions":        [
[1, 1] 
        ],
       "Rate classes":1,
       "Uncorrected P-value":null,
       "original name":"mt438697_229e_n_usa_little_rock_arkansas_24_feb_2017_7"
      },
     "mt438700_229e_n_usa_little_rock_arkansas_27_jan_2017_2":{
       "Baseline MG94xREV":0.000879840937870548,
       "Baseline MG94xREV omega ratio":0,
       "Corrected P-value":null,
       "Full adaptive model":0.0008820163279236725,
       "Full adaptive model (non-synonymous subs/site)":1e-10,
       "Full adaptive model (synonymous subs/site)":0.0008820163279236725,
       "LRT":null,
       "Nucleotide GTR":0.0008570224272108328,
       "Rate Distributions":        [
[0, 1] 
        ],
       "Rate classes":1,
       "Uncorrected P-value":null,
       "original name":"mt438700_229e_n_usa_little_rock_arkansas_27_jan_2017_2"
      }
    },
   "attributes":{
     "Baseline MG94xREV":{
       "attribute type":"branch length",
       "display order":1
      },
     "Baseline MG94xREV omega ratio":{
       "attribute type":"branch label",
       "display order":1
      },
     "Corrected P-value":{
       "attribute type":"branch label",
       "display order":6
      },
     "Full adaptive model":{
       "attribute type":"branch length",
       "display order":2
      },
     "Full adaptive model (non-synonymous subs/site)":{
       "attribute type":"branch label",
       "display order":10
      },
     "Full adaptive model (synonymous subs/site)":{
       "attribute type":"branch label",
       "display order":9
      },
     "LRT":{
       "attribute type":"branch label",
       "display order":4
      },
     "Nucleotide GTR":{
       "attribute type":"branch length",
       "display order":0
      },
     "Rate Distributions":{
       "attribute type":"branch label",
       "display order":3
      },
     "Rate classes":{
       "attribute type":"branch label",
       "display order":2
      },
     "Uncorrected P-value":{
       "attribute type":"branch label",
       "display order":5
      },
     "original name":{
       "attribute type":"node label",
       "display order":-1
      }
    }
  },
 "data partitions":{
   "0":{
     "coverage":      [
[0, 1, 2, 3, 4, 5, 6, 7, 8, 9, 10, 11, 12, 13, 14, 15, 16, 17, 18, 19, 20, 21, 22, 23, 24, 25, 26, 27, 28, 29, 30, 31, 32, 33, 34, 35, 36, 37, 38, 39, 40, 41, 42, 43, 44, 45, 46, 47, 48, 49, 50, 51, 52, 53, 54, 55, 56, 57, 58, 59, 60, 61, 62, 63, 64, 65, 66, 67, 68, 69, 70, 71, 72, 73, 74, 75, 76, 77, 78, 79, 80, 81, 82, 83, 84, 85, 86, 87, 88, 89, 90, 91, 92, 93, 94, 95, 96, 97, 98, 99, 100, 101, 102, 103, 104, 105, 106, 107, 108, 109, 110, 111, 112, 113, 114, 115, 116, 117, 118, 119, 120, 121, 122, 123, 124, 125, 126, 127, 128, 129, 130, 131, 132, 133, 134, 135, 136, 137, 138, 139, 140, 141, 142, 143, 144, 145, 146, 147, 148, 149, 150, 151, 152, 153, 154, 155, 156, 157, 158, 159, 160, 161, 162, 163, 164, 165, 166, 167, 168, 169, 170, 171, 172, 173, 174, 175, 176, 177, 178, 179, 180, 181, 182, 183, 184, 185, 186, 187, 188, 189, 190, 191, 192, 193, 194, 195, 196, 197, 198, 199, 200, 201, 202, 203, 204, 205, 206, 207, 208, 209, 210, 211, 212, 213, 214, 215, 216, 217, 218, 219, 220, 221, 222, 223, 224, 225, 226, 227, 228, 229, 230, 231, 232, 233, 234, 235, 236, 237, 238, 239, 240, 241, 242, 243, 244, 245, 246, 247, 248, 249, 250, 251, 252, 253, 254, 255, 256, 257, 258, 259, 260, 261, 262, 263, 264, 265, 266, 267, 268, 269, 270, 271, 272, 273, 274, 275, 276, 277, 278, 279, 280, 281, 282, 283, 284, 285, 286, 287, 288, 289, 290, 291, 292, 293, 294, 295, 296, 297, 298, 299, 300, 301, 302, 303, 304, 305, 306, 307, 308, 309, 310, 311, 312, 313, 314, 315, 316, 317, 318, 319, 320, 321, 322, 323, 324, 325, 326, 327, 328, 329, 330, 331, 332, 333, 334, 335, 336, 337, 338, 339, 340, 341, 342, 343, 344, 345, 346, 347, 348, 349, 350, 351, 352, 353, 354, 355, 356, 357, 358, 359, 360, 361, 362, 363, 364, 365, 366, 367, 368, 369, 370, 371, 372, 373, 374, 375, 376, 377, 378, 379, 380, 381, 382, 383, 384, 385, 386, 387, 388, 389] 
      ],
     "name":"absrel.filter.default"
    }
  },
 "fits":{
   "Baseline MG94xREV":{
     "AIC-c":4959.044537494455,
     "Equilibrium frequencies":      [
[0.0299101120817099],
      [0.01586566889127836],
      [0.01773395121989311],
      [0.04318239901578853],
      [0.02104154756999897],
      [0.01116138334064716],
      [0.01247570644931164],
      [0.03037850545645453],
      [0.01373964714053692],
      [0.007288126892311407],
      [0.008146349686125822],
      [0.01983646612683923],
      [0.01627269213757609],
      [0.008631767902413406],
      [0.009648212878499358],
      [0.02349352229193399],
      [0.02454374444595335],
      [0.01301910610257354],
      [0.01455218775406128],
      [0.03543476410624374],
      [0.01726634674235234],
      [0.009158847002237791],
      [0.01023735885837349],
      [0.02492810032059883],
      [0.01127452773408777],
      [0.005980516670947402],
      [0.006684760134546918],
      [0.01627747679440054],
      [0.01335310266244611],
      [0.007083086313246141],
      [0.00791716428889111],
      [0.01927839674065079],
      [0.03254618398576381],
      [0.01726396000730851],
      [0.01929689991199144],
      [0.04698819915736586],
      [0.02289600509311224],
      [0.0121450710297564],
      [0.01357522955254885],
      [0.03305585833638162],
      [0.01495056529757492],
      [0.007930452353396858],
      [0.008864313011356099],
      [0.02158471604612501],
      [0.01770685548775005],
      [0.009392512656151073],
      [0.01049854011311029],
      [0.02556408003079657],
      [0.01115824640449587],
      [0.03036996749757611],
      [0.01479841626135512],
      [0.007849745660483241],
      [0.008774102597596881],
      [0.02136505252985458],
      [0.005125703570956781],
      [0.005729287414093728],
      [0.01395088844690201],
      [0.01144450383906546],
      [0.006070679643043195],
      [0.006785540363854889],
      [0.0165228779473031] 
      ],
     "Log Likelihood":-2338.532808855024,
     "Rate Distributions":{
       "Per-branch omega":{
         "2.5%":0,
         "97.5%":10000000000,
         "Mean":625000000.4673604,
         "Median":0.4370331237270633
        }
      },
     "display order":1,
     "estimated parameters":150
    },
   "Full adaptive model":{
     "AIC-c":4959.044537494455,
     "Log Likelihood":-2326.320221918262,
     "Rate Distributions":{
      },
     "display order":2,
     "estimated parameters":152
    },
   "Nucleotide GTR":{
     "AIC-c":4959.044537494455,
     "Equilibrium frequencies":      [
[0.3008054522924412],
      [0.2211551700399284],
      [0.2142021203359493],
      [0.2638372573316811] 
      ],
     "Log Likelihood":-2474.051333118488,
     "Rate Distributions":{
       "Substitution rate from nucleotide A to nucleotide C":0.456541815250137,
       "Substitution rate from nucleotide A to nucleotide G":1,
       "Substitution rate from nucleotide A to nucleotide T":0.2944201172915815,
       "Substitution rate from nucleotide C to nucleotide G":0.1407826106866686,
       "Substitution rate from nucleotide C to nucleotide T":3.127121613289696,
       "Substitution rate from nucleotide G to nucleotide T":1.313226999394178
      },
     "display order":0,
     "estimated parameters":105
    }
  },
 "input":{
   "file name":"/data/shares/veg/SARS-CoV-2/coronavirus-comparative-data/data/catted/229E_N.catted.qa.fasta_protein.aligned.compressed.codon.fas",
   "number of sequences":50,
   "number of sites":390,
   "partition count":1,
   "trees":{
     "0":"((gb_KY369911_Organism_Human_coronavirus_229E_Strain_Name_HCoV_229E_Seattle_USA_SC1212_2016_Segment_null_Host_Human_2,mt438696_229e_n_usa_albuquerque_new_mexico_09_feb_2016_2)Node2,(gb_KY369908_Organism_Human_coronavirus_229E_Strain_Name_HCoV_229E_Seattle_USA_SC579_2016_Segment_null_Host_Human_1,mt438697_229e_n_usa_little_rock_arkansas_24_feb_2017_7,gb_KY369909_Organism_Human_coronavirus_229E_Strain_Name_HCoV_229E_Seattle_USA_SC677_2016_Segment_null_Host_Human_3,mt438700_229e_n_usa_little_rock_arkansas_27_jan_2017_2,gb_KY967357_Organism_Human_coronavirus_229E_Strain_Name_HCoV_229E_Seattle_USA_SC2872_2015_Segment_null_Host_Human_1,gb_KY369913_Organism_Human_coronavirus_229E_Strain_Name_HCoV_229E_Seattle_USA_SC1073_2016_Segment_null_Host_Human_1)Node5,km055513_229e_n_china_2011_17,(km055511_229e_n_china_2010_1,km055527_229e_n_china_2009_1,(km055522_229e_n_china_2009_1,((gb_KY674919_Organism_Human_coronavirus_229E_Strain_Name_N08_434B_Segment_null_Host_Human_1,km055523_229e_n_china_2005_1,(kf514431_229e_n_usa_nashville_tn_23_mar_1995_1,kf514432_229e_n_usa_nashville_tn_22_feb_1993_2,(kf514430_229e_n_usa_nashville_tn_18_mar_1993_2,((229E_lcl_NC_002645_1_cds_NP_073556_1_8_gene_N_locus_tag_HCoV229Egp7_db_xref_GeneID_918763_protein_nucleocapsid_protein_protein_id_NP_073556_1_location_25686_26855_gbkey_CDS__3,kf293666_229e_n_sweden_no_value_1)Node74,kf514429_229e_n_usa_nashville_tn_07_feb_1989_1)Node73)Node71,kf514433_229e_n_usa_nashville_tn_11_mar_1993_2)Node68,(lc005736_229e_n_japan_yamagata_2008_1,gb_JX503061_Organism_Human_coronavirus_229E_Strain_Name_J0304_Segment_null_Host_Human_1)Node81)Node65,km055515_229e_n_china_2007_1,(km055516_229e_n_china_2008_1,km055518_229e_n_china_2008_1)Node55,km055519_229e_n_china_2005_1,(km055526_229e_n_china_2009_1,km055525_229e_n_china_2009_1)Node60,km055521_229e_n_china_2009_1)Node51,km055501_229e_n_china_2009_9,gb_JX503060_Organism_Human_coronavirus_229E_Strain_Name_0349_Segment_null_Host_Human_1,(km055509_229e_n_china_2010_2,km055504_229e_n_china_2009_3,km055505_229e_n_china_2009_1,km055507_229e_n_china_2010_2)Node40,lc005739_229e_n_japan_yamagata_2010_1,lc005738_229e_n_japan_yamagata_2010_2)Node34)Node31,km055524_229e_n_china_2011_1,((gb_KY684760_Organism_Human_coronavirus_229E_Strain_Name_HCoV_229E_Seattle_USA_SC2282_2017_Segment_null_Host_Human_1,gb_MF542265_Organism_Human_coronavirus_229E_Strain_Name_229E_Haiti_1_2016_Segment_null_Host_Human_1)Node28,(gb_MN369046_Organism_Human_coronavirus_229E_Strain_Name_HCoV_229E_Seattle_USA_SC9724_2018_Segment_null_Host_Human_1,gb_MN306046_Organism_Human_coronavirus_229E_Strain_Name_HCoV_229E_Seattle_USA_SC0865_2019_Segment_null_Host_Human_1)Node22,(gb_KY369914_Organism_Human_coronavirus_229E_Strain_Name_HCoV_229E_Seattle_USA_SC9773_2016_Segment_null_Host_Human_1,gb_KY369912_Organism_Human_coronavirus_229E_Strain_Name_HCoV_229E_Seattle_USA_SC9731_2016_Segment_null_Host_Human_1)Node25)Node20,kt359768_229e_n_malaysia_2013_1,kt359759_229e_n_malaysia_2012_1,kt359767_229e_n_malaysia_2013_1,kt359754_229e_n_malaysia_2012_1,gb_KU291448_Organism_Human_coronavirus_229E_Strain_Name_HCoV_229E_BN1_GER_2015_Segment_null_Host_Human_1)"
    }
  },
 "test results":{
   "P-value threshold":0.05,
   "positive test results":0,
   "tested":18
  },
 "tested":{
   "0":{
     "229E_lcl_NC_002645_1_cds_NP_073556_1_8_gene_N_locus_tag_HCoV229Egp7_db_xref_GeneID_918763_protein_nucleocapsid_protein_protein_id_NP_073556_1_location_25686_26855_gbkey_CDS__3":"background",
     "Node2":"test",
     "Node20":"test",
     "Node22":"test",
     "Node25":"test",
     "Node28":"test",
     "Node31":"test",
     "Node34":"test",
     "Node40":"test",
     "Node5":"test",
     "Node51":"test",
     "Node55":"test",
     "Node60":"test",
     "Node65":"test",
     "Node68":"test",
     "Node71":"test",
     "Node73":"test",
     "Node74":"test",
     "Node81":"test",
     "gb_JX503060_Organism_Human_coronavirus_229E_Strain_Name_0349_Segment_null_Host_Human_1":"background",
     "gb_JX503061_Organism_Human_coronavirus_229E_Strain_Name_J0304_Segment_null_Host_Human_1":"background",
     "gb_KU291448_Organism_Human_coronavirus_229E_Strain_Name_HCoV_229E_BN1_GER_2015_Segment_null_Host_Human_1":"background",
     "gb_KY369908_Organism_Human_coronavirus_229E_Strain_Name_HCoV_229E_Seattle_USA_SC579_2016_Segment_null_Host_Human_1":"background",
     "gb_KY369909_Organism_Human_coronavirus_229E_Strain_Name_HCoV_229E_Seattle_USA_SC677_2016_Segment_null_Host_Human_3":"background",
     "gb_KY369911_Organism_Human_coronavirus_229E_Strain_Name_HCoV_229E_Seattle_USA_SC1212_2016_Segment_null_Host_Human_2":"background",
     "gb_KY369912_Organism_Human_coronavirus_229E_Strain_Name_HCoV_229E_Seattle_USA_SC9731_2016_Segment_null_Host_Human_1":"background",
     "gb_KY369913_Organism_Human_coronavirus_229E_Strain_Name_HCoV_229E_Seattle_USA_SC1073_2016_Segment_null_Host_Human_1":"background",
     "gb_KY369914_Organism_Human_coronavirus_229E_Strain_Name_HCoV_229E_Seattle_USA_SC9773_2016_Segment_null_Host_Human_1":"background",
     "gb_KY674919_Organism_Human_coronavirus_229E_Strain_Name_N08_434B_Segment_null_Host_Human_1":"background",
     "gb_KY684760_Organism_Human_coronavirus_229E_Strain_Name_HCoV_229E_Seattle_USA_SC2282_2017_Segment_null_Host_Human_1":"background",
     "gb_KY967357_Organism_Human_coronavirus_229E_Strain_Name_HCoV_229E_Seattle_USA_SC2872_2015_Segment_null_Host_Human_1":"background",
     "gb_MF542265_Organism_Human_coronavirus_229E_Strain_Name_229E_Haiti_1_2016_Segment_null_Host_Human_1":"background",
     "gb_MN306046_Organism_Human_coronavirus_229E_Strain_Name_HCoV_229E_Seattle_USA_SC0865_2019_Segment_null_Host_Human_1":"background",
     "gb_MN369046_Organism_Human_coronavirus_229E_Strain_Name_HCoV_229E_Seattle_USA_SC9724_2018_Segment_null_Host_Human_1":"background",
     "kf293666_229e_n_sweden_no_value_1":"background",
     "kf514429_229e_n_usa_nashville_tn_07_feb_1989_1":"background",
     "kf514430_229e_n_usa_nashville_tn_18_mar_1993_2":"background",
     "kf514431_229e_n_usa_nashville_tn_23_mar_1995_1":"background",
     "kf514432_229e_n_usa_nashville_tn_22_feb_1993_2":"background",
     "kf514433_229e_n_usa_nashville_tn_11_mar_1993_2":"background",
     "km055501_229e_n_china_2009_9":"background",
     "km055504_229e_n_china_2009_3":"background",
     "km055505_229e_n_china_2009_1":"background",
     "km055507_229e_n_china_2010_2":"background",
     "km055509_229e_n_china_2010_2":"background",
     "km055511_229e_n_china_2010_1":"background",
     "km055513_229e_n_china_2011_17":"background",
     "km055515_229e_n_china_2007_1":"background",
     "km055516_229e_n_china_2008_1":"background",
     "km055518_229e_n_china_2008_1":"background",
     "km055519_229e_n_china_2005_1":"background",
     "km055521_229e_n_china_2009_1":"background",
     "km055522_229e_n_china_2009_1":"background",
     "km055523_229e_n_china_2005_1":"background",
     "km055524_229e_n_china_2011_1":"background",
     "km055525_229e_n_china_2009_1":"background",
     "km055526_229e_n_china_2009_1":"background",
     "km055527_229e_n_china_2009_1":"background",
     "kt359754_229e_n_malaysia_2012_1":"background",
     "kt359759_229e_n_malaysia_2012_1":"background",
     "kt359767_229e_n_malaysia_2013_1":"background",
     "kt359768_229e_n_malaysia_2013_1":"background",
     "lc005736_229e_n_japan_yamagata_2008_1":"background",
     "lc005738_229e_n_japan_yamagata_2010_2":"background",
     "lc005739_229e_n_japan_yamagata_2010_1":"background",
     "mt438696_229e_n_usa_albuquerque_new_mexico_09_feb_2016_2":"background",
     "mt438697_229e_n_usa_little_rock_arkansas_24_feb_2017_7":"background",
     "mt438700_229e_n_usa_little_rock_arkansas_27_jan_2017_2":"background"
    }
  },
 "timers":{
   "Baseline model fitting":{
     "order":2,
     "timer":5
    },
   "Complexity analysis":{
     "order":3,
     "timer":128
    },
   "Full adaptive model fitting":{
     "order":4,
     "timer":19
    },
   "Overall":{
     "order":0,
     "timer":235
    },
   "Preliminary model fitting":{
     "order":1,
     "timer":1
    },
   "Testing for selection":{
     "order":5,
     "timer":82
    }
  }
}