{
 "analysis":{
   "authors":"Sergei L Kosakovsky Pond, Ben Murrell, Steven Weaver and Temple iGEM / UCSD viral evolution group",
   "citation":"Less Is More: An Adaptive Branch-Site Random Effects Model for Efficient Detection of Episodic Diversifying Selection (2015). Mol Biol Evol 32 (5): 1342-1353. v2.2 adds support for multiple-hit models",
   "contact":"spond@temple.edu",
   "info":"aBSREL (Adaptive branch-site random effects likelihood)\n                            uses an adaptive random effects branch-site model framework\n                            to test whether each branch has evolved under positive selection,\n                            using a procedure which infers an optimal number of rate categories per branch.",
   "requirements":"in-frame codon alignment and a phylogenetic tree",
   "version":"2.2"
  },
 "branch attributes":{
   "0":{
     "229E_lcl_NC_002645_1_cds_NP_073555_1_7_gene_M_locus_tag_HCoV229Egp6_db_xref_GeneID_918762_protein_membrane_protein_protein_id_NP_073555_1_location_24995_25672_gbkey_CDS__1":{
       "Baseline MG94xREV":0.001487505659688744,
       "Baseline MG94xREV omega ratio":10000000000,
       "Corrected P-value":null,
       "Full adaptive model":0.001479329941703728,
       "Full adaptive model (non-synonymous subs/site)":0.001479329941703728,
       "Full adaptive model (synonymous subs/site)":1e-10,
       "LRT":null,
       "Nucleotide GTR":0.001495528088800985,
       "Rate Distributions":        [
[10000000000, 1] 
        ],
       "Rate classes":1,
       "Uncorrected P-value":null,
       "original name":"229E_lcl_NC_002645_1_cds_NP_073555_1_7_gene_M_locus_tag_HCoV229Egp6_db_xref_GeneID_918762_protein_membrane_protein_protein_id_NP_073555_1_location_24995_25672_gbkey_CDS__1"
      },
     "Node1":{
       "Baseline MG94xREV":0.001474495873874966,
       "Baseline MG94xREV omega ratio":0,
       "Corrected P-value":1,
       "Full adaptive model":0.001493826320090993,
       "Full adaptive model (non-synonymous subs/site)":1e-10,
       "Full adaptive model (synonymous subs/site)":0.001493826320090993,
       "LRT":0,
       "Nucleotide GTR":0.001462337841103485,
       "Rate Distributions":        [
[0, 1] 
        ],
       "Rate classes":1,
       "Uncorrected P-value":1
      },
     "Node11":{
       "Baseline MG94xREV":0.001535318905721924,
       "Baseline MG94xREV omega ratio":0,
       "Corrected P-value":1,
       "Full adaptive model":0.001549241429071753,
       "Full adaptive model (non-synonymous subs/site)":1e-10,
       "Full adaptive model (synonymous subs/site)":0.001549241429071753,
       "LRT":0,
       "Nucleotide GTR":0.001479081537213646,
       "Rate Distributions":        [
[0, 1] 
        ],
       "Rate classes":1,
       "Uncorrected P-value":1
      },
     "Node16":{
       "Baseline MG94xREV":0.003100095805242581,
       "Baseline MG94xREV omega ratio":0,
       "Corrected P-value":1,
       "Full adaptive model":0.003119211468190637,
       "Full adaptive model (non-synonymous subs/site)":1e-10,
       "Full adaptive model (synonymous subs/site)":0.003119211468190637,
       "LRT":0,
       "Nucleotide GTR":0.00297558068864465,
       "Rate Distributions":        [
[0, 1] 
        ],
       "Rate classes":1,
       "Uncorrected P-value":1
      },
     "Node26":{
       "Baseline MG94xREV":0.008129282868316582,
       "Baseline MG94xREV omega ratio":0,
       "Corrected P-value":1,
       "Full adaptive model":0.0081333139733615,
       "Full adaptive model (non-synonymous subs/site)":1e-10,
       "Full adaptive model (synonymous subs/site)":0.0081333139733615,
       "LRT":0,
       "Nucleotide GTR":0.007571179832400353,
       "Rate Distributions":        [
[0, 1] 
        ],
       "Rate classes":1,
       "Uncorrected P-value":1
      },
     "Node5":{
       "Baseline MG94xREV":0.001541295221672921,
       "Baseline MG94xREV omega ratio":0,
       "Corrected P-value":1,
       "Full adaptive model":0.00155328676313498,
       "Full adaptive model (non-synonymous subs/site)":1e-10,
       "Full adaptive model (synonymous subs/site)":0.00155328676313498,
       "LRT":0,
       "Nucleotide GTR":0.001481104624093204,
       "Rate Distributions":        [
[0, 1] 
        ],
       "Rate classes":1,
       "Uncorrected P-value":1
      },
     "Node6":{
       "Baseline MG94xREV":0.003104749540934171,
       "Baseline MG94xREV omega ratio":0,
       "Corrected P-value":1,
       "Full adaptive model":0.003123633902585539,
       "Full adaptive model (non-synonymous subs/site)":1e-10,
       "Full adaptive model (synonymous subs/site)":0.003123633902585539,
       "LRT":0,
       "Nucleotide GTR":0.002970629218590067,
       "Rate Distributions":        [
[0, 1] 
        ],
       "Rate classes":1,
       "Uncorrected P-value":1
      },
     "Node8":{
       "Baseline MG94xREV":0.001540977907313963,
       "Baseline MG94xREV omega ratio":0,
       "Corrected P-value":1,
       "Full adaptive model":0.001553779869700194,
       "Full adaptive model (non-synonymous subs/site)":1e-10,
       "Full adaptive model (synonymous subs/site)":0.001553779869700194,
       "LRT":0,
       "Nucleotide GTR":0.001480857633929518,
       "Rate Distributions":        [
[0, 1] 
        ],
       "Rate classes":1,
       "Uncorrected P-value":1
      },
     "gb_KY369909_Organism_Human_coronavirus_229E_Strain_Name_HCoV_229E_Seattle_USA_SC677_2016_Segment_null_Host_Human_3":{
       "Baseline MG94xREV":0.004693425603113493,
       "Baseline MG94xREV omega ratio":0,
       "Corrected P-value":null,
       "Full adaptive model":0.004708057849899819,
       "Full adaptive model (non-synonymous subs/site)":1e-10,
       "Full adaptive model (synonymous subs/site)":0.004708057849899819,
       "LRT":null,
       "Nucleotide GTR":0.004478861841848343,
       "Rate Distributions":        [
[0, 1] 
        ],
       "Rate classes":1,
       "Uncorrected P-value":null,
       "original name":"gb_KY369909_Organism_Human_coronavirus_229E_Strain_Name_HCoV_229E_Seattle_USA_SC677_2016_Segment_null_Host_Human_3"
      },
     "gb_KY369911_Organism_Human_coronavirus_229E_Strain_Name_HCoV_229E_Seattle_USA_SC1212_2016_Segment_null_Host_Human_2":{
       "Baseline MG94xREV":0.003022010914409406,
       "Baseline MG94xREV omega ratio":0.5978948353422753,
       "Corrected P-value":null,
       "Full adaptive model":0.003027044756787921,
       "Full adaptive model (non-synonymous subs/site)":0.001478250381847364,
       "Full adaptive model (synonymous subs/site)":0.001548794374940554,
       "LRT":null,
       "Nucleotide GTR":0.002973882917743786,
       "Rate Distributions":        [
[0.5031045950869337, 1] 
        ],
       "Rate classes":1,
       "Uncorrected P-value":null,
       "original name":"gb_KY369911_Organism_Human_coronavirus_229E_Strain_Name_HCoV_229E_Seattle_USA_SC1212_2016_Segment_null_Host_Human_2"
      },
     "gb_KY369914_Organism_Human_coronavirus_229E_Strain_Name_HCoV_229E_Seattle_USA_SC9773_2016_Segment_null_Host_Human_3":{
       "Baseline MG94xREV":0,
       "Baseline MG94xREV omega ratio":1,
       "Corrected P-value":null,
       "Full adaptive model":0,
       "Full adaptive model (non-synonymous subs/site)":1e-10,
       "Full adaptive model (synonymous subs/site)":1e-10,
       "LRT":null,
       "Nucleotide GTR":0,
       "Rate Distributions":        [
[1, 1] 
        ],
       "Rate classes":1,
       "Uncorrected P-value":null,
       "original name":"gb_KY369914_Organism_Human_coronavirus_229E_Strain_Name_HCoV_229E_Seattle_USA_SC9773_2016_Segment_null_Host_Human_3"
      },
     "gb_KY674919_Organism_Human_coronavirus_229E_Strain_Name_N08_434B_Segment_null_Host_Human_4":{
       "Baseline MG94xREV":0,
       "Baseline MG94xREV omega ratio":1,
       "Corrected P-value":null,
       "Full adaptive model":0,
       "Full adaptive model (non-synonymous subs/site)":1e-10,
       "Full adaptive model (synonymous subs/site)":1e-10,
       "LRT":null,
       "Nucleotide GTR":0,
       "Rate Distributions":        [
[1, 1] 
        ],
       "Rate classes":1,
       "Uncorrected P-value":null,
       "original name":"gb_KY674919_Organism_Human_coronavirus_229E_Strain_Name_N08_434B_Segment_null_Host_Human_4"
      },
     "gb_KY684760_Organism_Human_coronavirus_229E_Strain_Name_HCoV_229E_Seattle_USA_SC2282_2017_Segment_null_Host_Human_1":{
       "Baseline MG94xREV":0,
       "Baseline MG94xREV omega ratio":1,
       "Corrected P-value":null,
       "Full adaptive model":0,
       "Full adaptive model (non-synonymous subs/site)":1e-10,
       "Full adaptive model (synonymous subs/site)":1e-10,
       "LRT":null,
       "Nucleotide GTR":0,
       "Rate Distributions":        [
[1, 1] 
        ],
       "Rate classes":1,
       "Uncorrected P-value":null,
       "original name":"gb_KY684760_Organism_Human_coronavirus_229E_Strain_Name_HCoV_229E_Seattle_USA_SC2282_2017_Segment_null_Host_Human_1"
      },
     "gb_KY983587_Organism_Human_coronavirus_229E_Strain_Name_HCoV_229E_Seattle_USA_SC3112_2015_Segment_null_Host_Human_1":{
       "Baseline MG94xREV":0.001539727790500194,
       "Baseline MG94xREV omega ratio":0,
       "Corrected P-value":null,
       "Full adaptive model":0.001551727955915154,
       "Full adaptive model (non-synonymous subs/site)":1e-10,
       "Full adaptive model (synonymous subs/site)":0.001551727955915154,
       "LRT":null,
       "Nucleotide GTR":0.001484094574464729,
       "Rate Distributions":        [
[0, 1] 
        ],
       "Rate classes":1,
       "Uncorrected P-value":null,
       "original name":"gb_KY983587_Organism_Human_coronavirus_229E_Strain_Name_HCoV_229E_Seattle_USA_SC3112_2015_Segment_null_Host_Human_1"
      },
     "gb_MF542265_Organism_Human_coronavirus_229E_Strain_Name_229E_Haiti_1_2016_Segment_null_Host_Human_1":{
       "Baseline MG94xREV":0.003020814481106976,
       "Baseline MG94xREV omega ratio":0.5989704082721088,
       "Corrected P-value":null,
       "Full adaptive model":0.003026216888603615,
       "Full adaptive model (non-synonymous subs/site)":0.001478068722178558,
       "Full adaptive model (synonymous subs/site)":0.001548148166425058,
       "LRT":null,
       "Nucleotide GTR":0.002967526065837346,
       "Rate Distributions":        [
[0.5032527432003007, 1] 
        ],
       "Rate classes":1,
       "Uncorrected P-value":null,
       "original name":"gb_MF542265_Organism_Human_coronavirus_229E_Strain_Name_229E_Haiti_1_2016_Segment_null_Host_Human_1"
      },
     "gb_MN369046_Organism_Human_coronavirus_229E_Strain_Name_HCoV_229E_Seattle_USA_SC9724_2018_Segment_null_Host_Human_1":{
       "Baseline MG94xREV":0.001539963257366602,
       "Baseline MG94xREV omega ratio":0,
       "Corrected P-value":null,
       "Full adaptive model":0.001553611649026985,
       "Full adaptive model (non-synonymous subs/site)":1e-10,
       "Full adaptive model (synonymous subs/site)":0.001553611649026985,
       "LRT":null,
       "Nucleotide GTR":0.001480567402577796,
       "Rate Distributions":        [
[0, 1] 
        ],
       "Rate classes":1,
       "Uncorrected P-value":null,
       "original name":"gb_MN369046_Organism_Human_coronavirus_229E_Strain_Name_HCoV_229E_Seattle_USA_SC9724_2018_Segment_null_Host_Human_1"
      },
     "kf293664_229e_m_sweden_no_value_3":{
       "Baseline MG94xREV":0.001547287160660973,
       "Baseline MG94xREV omega ratio":0,
       "Corrected P-value":null,
       "Full adaptive model":0.001557152728431837,
       "Full adaptive model (non-synonymous subs/site)":1e-10,
       "Full adaptive model (synonymous subs/site)":0.001557152728431837,
       "LRT":null,
       "Nucleotide GTR":0.001477724859368355,
       "Rate Distributions":        [
[0, 1] 
        ],
       "Rate classes":1,
       "Uncorrected P-value":null,
       "original name":"kf293664_229e_m_sweden_no_value_3"
      },
     "kf514429_229e_m_usa_nashville_tn_07_feb_1989_1":{
       "Baseline MG94xREV":0.003203582385534056,
       "Baseline MG94xREV omega ratio":0,
       "Corrected P-value":null,
       "Full adaptive model":0.003214095151475918,
       "Full adaptive model (non-synonymous subs/site)":1e-10,
       "Full adaptive model (synonymous subs/site)":0.003214095151475918,
       "LRT":null,
       "Nucleotide GTR":0.002997210754602842,
       "Rate Distributions":        [
[0, 1] 
        ],
       "Rate classes":1,
       "Uncorrected P-value":null,
       "original name":"kf514429_229e_m_usa_nashville_tn_07_feb_1989_1"
      },
     "kf514430_229e_m_usa_nashville_tn_18_mar_1993_2":{
       "Baseline MG94xREV":0.001541295220483088,
       "Baseline MG94xREV omega ratio":0,
       "Corrected P-value":null,
       "Full adaptive model":0.001553286763106176,
       "Full adaptive model (non-synonymous subs/site)":1e-10,
       "Full adaptive model (synonymous subs/site)":0.001553286763106176,
       "LRT":null,
       "Nucleotide GTR":0.001481104629108329,
       "Rate Distributions":        [
[0, 1] 
        ],
       "Rate classes":1,
       "Uncorrected P-value":null,
       "original name":"kf514430_229e_m_usa_nashville_tn_18_mar_1993_2"
      },
     "kf514431_229e_m_usa_nashville_tn_23_mar_1995_3":{
       "Baseline MG94xREV":0,
       "Baseline MG94xREV omega ratio":1,
       "Corrected P-value":null,
       "Full adaptive model":0,
       "Full adaptive model (non-synonymous subs/site)":1e-10,
       "Full adaptive model (synonymous subs/site)":1e-10,
       "LRT":null,
       "Nucleotide GTR":0,
       "Rate Distributions":        [
[1, 1] 
        ],
       "Rate classes":1,
       "Uncorrected P-value":null,
       "original name":"kf514431_229e_m_usa_nashville_tn_23_mar_1995_3"
      },
     "kf514432_229e_m_usa_nashville_tn_22_feb_1993_2":{
       "Baseline MG94xREV":0,
       "Baseline MG94xREV omega ratio":1,
       "Corrected P-value":null,
       "Full adaptive model":0,
       "Full adaptive model (non-synonymous subs/site)":1e-10,
       "Full adaptive model (synonymous subs/site)":1e-10,
       "LRT":null,
       "Nucleotide GTR":0,
       "Rate Distributions":        [
[1, 1] 
        ],
       "Rate classes":1,
       "Uncorrected P-value":null,
       "original name":"kf514432_229e_m_usa_nashville_tn_22_feb_1993_2"
      },
     "mt438696_229e_m_usa_albuquerque_new_mexico_09_feb_2016_2":{
       "Baseline MG94xREV":0.001541686298861531,
       "Baseline MG94xREV omega ratio":0,
       "Corrected P-value":null,
       "Full adaptive model":0.001552682070917239,
       "Full adaptive model (non-synonymous subs/site)":1e-10,
       "Full adaptive model (synonymous subs/site)":0.001552682070917239,
       "LRT":null,
       "Nucleotide GTR":0.001484567062967137,
       "Rate Distributions":        [
[0, 1] 
        ],
       "Rate classes":1,
       "Uncorrected P-value":null,
       "original name":"mt438696_229e_m_usa_albuquerque_new_mexico_09_feb_2016_2"
      },
     "mt438697_229e_m_usa_little_rock_arkansas_24_feb_2017_11":{
       "Baseline MG94xREV":0,
       "Baseline MG94xREV omega ratio":1,
       "Corrected P-value":null,
       "Full adaptive model":0,
       "Full adaptive model (non-synonymous subs/site)":1e-10,
       "Full adaptive model (synonymous subs/site)":1e-10,
       "LRT":null,
       "Nucleotide GTR":0,
       "Rate Distributions":        [
[1, 1] 
        ],
       "Rate classes":1,
       "Uncorrected P-value":null,
       "original name":"mt438697_229e_m_usa_little_rock_arkansas_24_feb_2017_11"
      }
    },
   "attributes":{
     "Baseline MG94xREV":{
       "attribute type":"branch length",
       "display order":1
      },
     "Baseline MG94xREV omega ratio":{
       "attribute type":"branch label",
       "display order":1
      },
     "Corrected P-value":{
       "attribute type":"branch label",
       "display order":6
      },
     "Full adaptive model":{
       "attribute type":"branch length",
       "display order":2
      },
     "Full adaptive model (non-synonymous subs/site)":{
       "attribute type":"branch label",
       "display order":10
      },
     "Full adaptive model (synonymous subs/site)":{
       "attribute type":"branch label",
       "display order":9
      },
     "LRT":{
       "attribute type":"branch label",
       "display order":4
      },
     "Nucleotide GTR":{
       "attribute type":"branch length",
       "display order":0
      },
     "Rate Distributions":{
       "attribute type":"branch label",
       "display order":3
      },
     "Rate classes":{
       "attribute type":"branch label",
       "display order":2
      },
     "Uncorrected P-value":{
       "attribute type":"branch label",
       "display order":5
      },
     "original name":{
       "attribute type":"node label",
       "display order":-1
      }
    }
  },
 "data partitions":{
   "0":{
     "coverage":      [
[0, 1, 2, 3, 4, 5, 6, 7, 8, 9, 10, 11, 12, 13, 14, 15, 16, 17, 18, 19, 20, 21, 22, 23, 24, 25, 26, 27, 28, 29, 30, 31, 32, 33, 34, 35, 36, 37, 38, 39, 40, 41, 42, 43, 44, 45, 46, 47, 48, 49, 50, 51, 52, 53, 54, 55, 56, 57, 58, 59, 60, 61, 62, 63, 64, 65, 66, 67, 68, 69, 70, 71, 72, 73, 74, 75, 76, 77, 78, 79, 80, 81, 82, 83, 84, 85, 86, 87, 88, 89, 90, 91, 92, 93, 94, 95, 96, 97, 98, 99, 100, 101, 102, 103, 104, 105, 106, 107, 108, 109, 110, 111, 112, 113, 114, 115, 116, 117, 118, 119, 120, 121, 122, 123, 124, 125, 126, 127, 128, 129, 130, 131, 132, 133, 134, 135, 136, 137, 138, 139, 140, 141, 142, 143, 144, 145, 146, 147, 148, 149, 150, 151, 152, 153, 154, 155, 156, 157, 158, 159, 160, 161, 162, 163, 164, 165, 166, 167, 168, 169, 170, 171, 172, 173, 174, 175, 176, 177, 178, 179, 180, 181, 182, 183, 184, 185, 186, 187, 188, 189, 190, 191, 192, 193, 194, 195, 196, 197, 198, 199, 200, 201, 202, 203, 204, 205, 206, 207, 208, 209, 210, 211, 212, 213, 214, 215, 216, 217, 218, 219, 220, 221, 222, 223, 224, 225] 
      ],
     "name":"absrel.filter.default"
    }
  },
 "fits":{
   "Baseline MG94xREV":{
     "AIC-c":2274.669447568038,
     "Equilibrium frequencies":      [
[0.01886495378348013],
      [0.01697752119343625],
      [0.01568870430904952],
      [0.02724637537768628],
      [0.01525444032218782],
      [0.01372823844873349],
      [0.01268608480898687],
      [0.02203176387099368],
      [0.01431612224121604],
      [0.01288379879154054],
      [0.01190574921478616],
      [0.02067656486275572],
      [0.0263499755886341],
      [0.02371366896187734],
      [0.02191348997222359],
      [0.03805688231844435],
      [0.01022018366311491],
      [0.009197657557650021],
      [0.008499434523672036],
      [0.01476086099707137],
      [0.008264169823056146],
      [0.007437342276446812],
      [0.006872750296755823],
      [0.01193581896718524],
      [0.007755831279955618],
      [0.006979862841936499],
      [0.00644999956101954],
      [0.01120163308349695],
      [0.01427523189960105],
      [0.01284699951552093],
      [0.01187174348723143],
      [0.0206175075435727],
      [0.01611904153510751],
      [0.01450633658693666],
      [0.01340511507698684],
      [0.02328049469056461],
      [0.01303406093491124],
      [0.01173000730872573],
      [0.01083954566233943],
      [0.0188249025682328],
      [0.01223232093099079],
      [0.01100848113567438],
      [0.01017279280417665],
      [0.01766696126856987],
      [0.02251457150847621],
      [0.02026199583277094],
      [0.01872384417664196],
      [0.03251746459749547],
      [0.01622063847736002],
      [0.02603169212892859],
      [0.01457437507050996],
      [0.01311621350789367],
      [0.01212052060104398],
      [0.0210495556270084],
      [0.01230942020519597],
      [0.01137497350848967],
      [0.01975477337186956],
      [0.02517525515301607],
      [0.02265647892998166],
      [0.02093655455156288],
      [0.03636025086521937] 
      ],
     "Log Likelihood":-1077.396840829473,
     "Rate Distributions":{
       "Per-branch omega":{
         "2.5%":0,
         "97.5%":10000000000,
         "Mean":2000000000.439373,
         "Median":0.5989704082721088
        }
      },
     "display order":1,
     "estimated parameters":60
    },
   "Full adaptive model":{
     "AIC-c":2274.669447568038,
     "Log Likelihood":-1076.30518791904,
     "Rate Distributions":{
      },
     "display order":2,
     "estimated parameters":60
    },
   "Nucleotide GTR":{
     "AIC-c":2274.669447568038,
     "Equilibrium frequencies":      [
[0.2540740740740741],
      [0.2026851851851852],
      [0.2157407407407407],
      [0.3275] 
      ],
     "Log Likelihood":-1119.769318981448,
     "Rate Distributions":{
       "Substitution rate from nucleotide A to nucleotide C":0.3481033635277841,
       "Substitution rate from nucleotide A to nucleotide G":1,
       "Substitution rate from nucleotide A to nucleotide T":0.2130093448458788,
       "Substitution rate from nucleotide C to nucleotide G":0,
       "Substitution rate from nucleotide C to nucleotide T":5.69545523880329,
       "Substitution rate from nucleotide G to nucleotide T":0.5052456072396047
      },
     "display order":0,
     "estimated parameters":37
    }
  },
 "input":{
   "file name":"/data/shares/veg/SARS-CoV-2/coronavirus-comparative-data/data/catted/229E_M.catted.qa.fasta_protein.aligned.compressed.codon.fas",
   "number of sequences":16,
   "number of sites":226,
   "partition count":1,
   "trees":{
     "0":"(((((gb_KY369909_Organism_Human_coronavirus_229E_Strain_Name_HCoV_229E_Seattle_USA_SC677_2016_Segment_null_Host_Human_3,mt438697_229e_m_usa_little_rock_arkansas_24_feb_2017_11,gb_KY983587_Organism_Human_coronavirus_229E_Strain_Name_HCoV_229E_Seattle_USA_SC3112_2015_Segment_null_Host_Human_1,mt438696_229e_m_usa_albuquerque_new_mexico_09_feb_2016_2,gb_KY369911_Organism_Human_coronavirus_229E_Strain_Name_HCoV_229E_Seattle_USA_SC1212_2016_Segment_null_Host_Human_2)Node16,(gb_KY369914_Organism_Human_coronavirus_229E_Strain_Name_HCoV_229E_Seattle_USA_SC9773_2016_Segment_null_Host_Human_3,(gb_MF542265_Organism_Human_coronavirus_229E_Strain_Name_229E_Haiti_1_2016_Segment_null_Host_Human_1,gb_KY684760_Organism_Human_coronavirus_229E_Strain_Name_HCoV_229E_Seattle_USA_SC2282_2017_Segment_null_Host_Human_1)Node11,gb_MN369046_Organism_Human_coronavirus_229E_Strain_Name_HCoV_229E_Seattle_USA_SC9724_2018_Segment_null_Host_Human_1)Node8,gb_KY674919_Organism_Human_coronavirus_229E_Strain_Name_N08_434B_Segment_null_Host_Human_4)Node6,kf514431_229e_m_usa_nashville_tn_23_mar_1995_3)Node5,kf514430_229e_m_usa_nashville_tn_18_mar_1993_2,kf514432_229e_m_usa_nashville_tn_22_feb_1993_2)Node1,(229E_lcl_NC_002645_1_cds_NP_073555_1_7_gene_M_locus_tag_HCoV229Egp6_db_xref_GeneID_918762_protein_membrane_protein_protein_id_NP_073555_1_location_24995_25672_gbkey_CDS__1,kf293664_229e_m_sweden_no_value_3)Node26,kf514429_229e_m_usa_nashville_tn_07_feb_1989_1)"
    }
  },
 "test results":{
   "P-value threshold":0.05,
   "positive test results":0,
   "tested":7
  },
 "tested":{
   "0":{
     "229E_lcl_NC_002645_1_cds_NP_073555_1_7_gene_M_locus_tag_HCoV229Egp6_db_xref_GeneID_918762_protein_membrane_protein_protein_id_NP_073555_1_location_24995_25672_gbkey_CDS__1":"background",
     "Node1":"test",
     "Node11":"test",
     "Node16":"test",
     "Node26":"test",
     "Node5":"test",
     "Node6":"test",
     "Node8":"test",
     "gb_KY369909_Organism_Human_coronavirus_229E_Strain_Name_HCoV_229E_Seattle_USA_SC677_2016_Segment_null_Host_Human_3":"background",
     "gb_KY369911_Organism_Human_coronavirus_229E_Strain_Name_HCoV_229E_Seattle_USA_SC1212_2016_Segment_null_Host_Human_2":"background",
     "gb_KY369914_Organism_Human_coronavirus_229E_Strain_Name_HCoV_229E_Seattle_USA_SC9773_2016_Segment_null_Host_Human_3":"background",
     "gb_KY674919_Organism_Human_coronavirus_229E_Strain_Name_N08_434B_Segment_null_Host_Human_4":"background",
     "gb_KY684760_Organism_Human_coronavirus_229E_Strain_Name_HCoV_229E_Seattle_USA_SC2282_2017_Segment_null_Host_Human_1":"background",
     "gb_KY983587_Organism_Human_coronavirus_229E_Strain_Name_HCoV_229E_Seattle_USA_SC3112_2015_Segment_null_Host_Human_1":"background",
     "gb_MF542265_Organism_Human_coronavirus_229E_Strain_Name_229E_Haiti_1_2016_Segment_null_Host_Human_1":"background",
     "gb_MN369046_Organism_Human_coronavirus_229E_Strain_Name_HCoV_229E_Seattle_USA_SC9724_2018_Segment_null_Host_Human_1":"background",
     "kf293664_229e_m_sweden_no_value_3":"background",
     "kf514429_229e_m_usa_nashville_tn_07_feb_1989_1":"background",
     "kf514430_229e_m_usa_nashville_tn_18_mar_1993_2":"background",
     "kf514431_229e_m_usa_nashville_tn_23_mar_1995_3":"background",
     "kf514432_229e_m_usa_nashville_tn_22_feb_1993_2":"background",
     "mt438696_229e_m_usa_albuquerque_new_mexico_09_feb_2016_2":"background",
     "mt438697_229e_m_usa_little_rock_arkansas_24_feb_2017_11":"background"
    }
  },
 "timers":{
   "Baseline model fitting":{
     "order":2,
     "timer":2
    },
   "Complexity analysis":{
     "order":3,
     "timer":38
    },
   "Full adaptive model fitting":{
     "order":4,
     "timer":6
    },
   "Overall":{
     "order":0,
     "timer":46
    },
   "Preliminary model fitting":{
     "order":1,
     "timer":0
    },
   "Testing for selection":{
     "order":5,
     "timer":0
    }
  }
}