{
 "analysis":{
   "authors":"Sergei L Kosakovsky Pond, Ben Murrell, Steven Weaver and Temple iGEM / UCSD viral evolution group",
   "citation":"Less Is More: An Adaptive Branch-Site Random Effects Model for Efficient Detection of Episodic Diversifying Selection (2015). Mol Biol Evol 32 (5): 1342-1353. v2.2 adds support for multiple-hit models",
   "contact":"spond@temple.edu",
   "info":"aBSREL (Adaptive branch-site random effects likelihood)\n                            uses an adaptive random effects branch-site model framework\n                            to test whether each branch has evolved under positive selection,\n                            using a procedure which infers an optimal number of rate categories per branch.",
   "requirements":"in-frame codon alignment and a phylogenetic tree",
   "version":"2.2"
  },
 "branch attributes":{
   "0":{
     "229E_lcl_NC_002645_1_cds_NP_073551_1_3_gene_S_locus_tag_HCoV229Egp2_db_xref_GeneID_918758_protein_surface_glycoprotein_protein_id_NP_073551_1_location_20570_24091_gbkey_CDS__1":{
       "Baseline MG94xREV":0,
       "Baseline MG94xREV omega ratio":1,
       "Corrected P-value":null,
       "Full adaptive model":0,
       "Full adaptive model (non-synonymous subs/site)":1e-10,
       "Full adaptive model (synonymous subs/site)":1e-10,
       "LRT":null,
       "Nucleotide GTR":0,
       "Rate Distributions":        [
[1, 1] 
        ],
       "Rate classes":1,
       "Uncorrected P-value":null,
       "original name":"229E_lcl_NC_002645_1_cds_NP_073551_1_3_gene_S_locus_tag_HCoV229Egp2_db_xref_GeneID_918758_protein_surface_glycoprotein_protein_id_NP_073551_1_location_20570_24091_gbkey_CDS__1"
      },
     "Node1":{
       "Baseline MG94xREV":0.004080161226662786,
       "Baseline MG94xREV omega ratio":0.3468408170202192,
       "Corrected P-value":0.5915609076626416,
       "Full adaptive model":0.004618070205992136,
       "Full adaptive model (non-synonymous subs/site)":0.002299635834433215,
       "Full adaptive model (synonymous subs/site)":0.002318434371558921,
       "LRT":5.799355434321114,
       "Nucleotide GTR":0.004040235290660404,
       "Rate Distributions":        [
[0.005739345555706929, 0.9916153355531389],
        [49.10104233549772, 0.008384664446861145] 
        ],
       "Rate classes":2,
       "Uncorrected P-value":0.01971869692208805
      },
     "Node10":{
       "Baseline MG94xREV":0.0002872662815112559,
       "Baseline MG94xREV omega ratio":10000000000,
       "Corrected P-value":1,
       "Full adaptive model":0.000286375229836296,
       "Full adaptive model (non-synonymous subs/site)":0.000286375229836296,
       "Full adaptive model (synonymous subs/site)":1e-10,
       "LRT":0.7930135733458883,
       "Nucleotide GTR":0.0002848979317254317,
       "Rate Distributions":        [
[10000000000, 1] 
        ],
       "Rate classes":1,
       "Uncorrected P-value":0.2764378014347638
      },
     "Node14":{
       "Baseline MG94xREV":0.001148062124775031,
       "Baseline MG94xREV omega ratio":0,
       "Corrected P-value":1,
       "Full adaptive model":0.001150722502727348,
       "Full adaptive model (non-synonymous subs/site)":1e-10,
       "Full adaptive model (synonymous subs/site)":0.001150722502727348,
       "LRT":0,
       "Nucleotide GTR":0.001140891117918161,
       "Rate Distributions":        [
[0, 1] 
        ],
       "Rate classes":1,
       "Uncorrected P-value":1
      },
     "Node18":{
       "Baseline MG94xREV":0.0002871726095413862,
       "Baseline MG94xREV omega ratio":10000000000,
       "Corrected P-value":1,
       "Full adaptive model":0.0002862821699776394,
       "Full adaptive model (non-synonymous subs/site)":0.0002862821699776394,
       "Full adaptive model (synonymous subs/site)":1e-10,
       "LRT":0.7082046636915038,
       "Nucleotide GTR":0.0002846911886429793,
       "Rate Distributions":        [
[10000000000, 1] 
        ],
       "Rate classes":1,
       "Uncorrected P-value":0.2905490370785674
      },
     "Node27":{
       "Baseline MG94xREV":0.001148688040262705,
       "Baseline MG94xREV omega ratio":1.383162818796385,
       "Corrected P-value":1,
       "Full adaptive model":0.001147220832652068,
       "Full adaptive model (non-synonymous subs/site)":0.0008600907891408062,
       "Full adaptive model (synonymous subs/site)":0.0002871300435112619,
       "LRT":0.03992890809604432,
       "Nucleotide GTR":0.001140814744401155,
       "Rate Distributions":        [
[1.260492610737253, 1] 
        ],
       "Rate classes":1,
       "Uncorrected P-value":0.4623939838601485
      },
     "Node28":{
       "Baseline MG94xREV":0.0002872845529072392,
       "Baseline MG94xREV omega ratio":10000000000,
       "Corrected P-value":1,
       "Full adaptive model":0.0002863923689566591,
       "Full adaptive model (non-synonymous subs/site)":0.0002863923689566591,
       "Full adaptive model (synonymous subs/site)":1e-10,
       "LRT":0.6993060725308169,
       "Nucleotide GTR":0.0002848365822609373,
       "Rate Distributions":        [
[10000000000, 1] 
        ],
       "Rate classes":1,
       "Uncorrected P-value":0.2920831824505334
      },
     "Node3":{
       "Baseline MG94xREV":0.0002773632264023805,
       "Baseline MG94xREV omega ratio":0,
       "Corrected P-value":1,
       "Full adaptive model":0.0002785970313063685,
       "Full adaptive model (non-synonymous subs/site)":1e-10,
       "Full adaptive model (synonymous subs/site)":0.0002785970313063685,
       "LRT":0,
       "Nucleotide GTR":0.0003067524852235033,
       "Rate Distributions":        [
[0, 1] 
        ],
       "Rate classes":1,
       "Uncorrected P-value":1
      },
     "Node31":{
       "Baseline MG94xREV":0.000864353662348387,
       "Baseline MG94xREV omega ratio":0.2281864707082681,
       "Corrected P-value":1,
       "Full adaptive model":0.0008646270408354777,
       "Full adaptive model (non-synonymous subs/site)":0.0002861056845055362,
       "Full adaptive model (synonymous subs/site)":0.0005785213563299424,
       "LRT":0,
       "Nucleotide GTR":0.0008562902198720285,
       "Rate Distributions":        [
[0.2081046263503173, 1] 
        ],
       "Rate classes":1,
       "Uncorrected P-value":1
      },
     "Node32":{
       "Baseline MG94xREV":0.002587767224973397,
       "Baseline MG94xREV omega ratio":0.5736944581976595,
       "Corrected P-value":1,
       "Full adaptive model":0.002586876754758998,
       "Full adaptive model (non-synonymous subs/site)":0.001433706664824377,
       "Full adaptive model (synonymous subs/site)":0.001153170089934621,
       "LRT":0,
       "Nucleotide GTR":0.002567535856494911,
       "Rate Distributions":        [
[0.5231684898441369, 1] 
        ],
       "Rate classes":1,
       "Uncorrected P-value":1
      },
     "Node34":{
       "Baseline MG94xREV":0.000287576733690504,
       "Baseline MG94xREV omega ratio":10000000000,
       "Corrected P-value":1,
       "Full adaptive model":0.0002869292662500102,
       "Full adaptive model (non-synonymous subs/site)":0.0002869292662500102,
       "Full adaptive model (synonymous subs/site)":1e-10,
       "LRT":0.7016035057149566,
       "Nucleotide GTR":0.0002848533653399764,
       "Rate Distributions":        [
[10000000000, 1] 
        ],
       "Rate classes":1,
       "Uncorrected P-value":0.2916860825636495
      },
     "Node35":{
       "Baseline MG94xREV":0.0008620520052752455,
       "Baseline MG94xREV omega ratio":0.2286253530877515,
       "Corrected P-value":1,
       "Full adaptive model":0.0008626755474929884,
       "Full adaptive model (non-synonymous subs/site)":0.0002860394043945616,
       "Full adaptive model (synonymous subs/site)":0.0005766361430984283,
       "LRT":0,
       "Nucleotide GTR":0.000855727970829725,
       "Rate Distributions":        [
[0.208736621064157, 1] 
        ],
       "Rate classes":1,
       "Uncorrected P-value":1
      },
     "Node36":{
       "Baseline MG94xREV":0.001146575823936368,
       "Baseline MG94xREV omega ratio":0.4614224499220061,
       "Corrected P-value":1,
       "Full adaptive model":0.001147075015816369,
       "Full adaptive model (non-synonymous subs/site)":0.0005731893869365034,
       "Full adaptive model (synonymous subs/site)":0.0005738856288798663,
       "LRT":0,
       "Nucleotide GTR":0.001139245403884291,
       "Rate Distributions":        [
[0.4202884305939686, 1] 
        ],
       "Rate classes":1,
       "Uncorrected P-value":1
      },
     "Node4":{
       "Baseline MG94xREV":0.0002861912538835617,
       "Baseline MG94xREV omega ratio":0,
       "Corrected P-value":1,
       "Full adaptive model":0.00028700779668446,
       "Full adaptive model (non-synonymous subs/site)":1e-10,
       "Full adaptive model (synonymous subs/site)":0.00028700779668446,
       "LRT":0,
       "Nucleotide GTR":0.0002983452957137621,
       "Rate Distributions":        [
[0, 1] 
        ],
       "Rate classes":1,
       "Uncorrected P-value":1
      },
     "Node40":{
       "Baseline MG94xREV":0.0003683460856475622,
       "Baseline MG94xREV omega ratio":10000000000,
       "Corrected P-value":1,
       "Full adaptive model":0.0003675181621264694,
       "Full adaptive model (non-synonymous subs/site)":0.0003675181621264694,
       "Full adaptive model (synonymous subs/site)":1e-10,
       "LRT":0.8597497476421267,
       "Nucleotide GTR":0.0003658577494245677,
       "Rate Distributions":        [
[10000000000, 1] 
        ],
       "Rate classes":1,
       "Uncorrected P-value":0.2659388951429269
      },
     "Node41":{
       "Baseline MG94xREV":0.001929801543439873,
       "Baseline MG94xREV omega ratio":0.5707202336252958,
       "Corrected P-value":1,
       "Full adaptive model":0.001929121420879295,
       "Full adaptive model (non-synonymous subs/site)":0.00106642894248844,
       "Full adaptive model (synonymous subs/site)":0.0008626924783908535,
       "LRT":0,
       "Nucleotide GTR":0.001913960122319535,
       "Rate Distributions":        [
[0.5201762934151294, 1] 
        ],
       "Rate classes":1,
       "Uncorrected P-value":1
      },
     "Node42":{
       "Baseline MG94xREV":0.0008622679814888961,
       "Baseline MG94xREV omega ratio":0.9214750537961158,
       "Corrected P-value":1,
       "Full adaptive model":0.0008614514458883913,
       "Full adaptive model (non-synonymous subs/site)":0.0005739681870030512,
       "Full adaptive model (synonymous subs/site)":0.0002874832588853402,
       "LRT":0,
       "Nucleotide GTR":0.0008551225072279732,
       "Rate Distributions":        [
[0.8401366030374714, 1] 
        ],
       "Rate classes":1,
       "Uncorrected P-value":1
      },
     "Node45":{
       "Baseline MG94xREV":0.001434056797294555,
       "Baseline MG94xREV omega ratio":1.869922410361816,
       "Corrected P-value":1,
       "Full adaptive model":0.001432074263111552,
       "Full adaptive model (non-synonymous subs/site)":0.001148247891293864,
       "Full adaptive model (synonymous subs/site)":0.0002838263718176875,
       "LRT":0.2653211355791427,
       "Nucleotide GTR":0.001423912008336519,
       "Rate Distributions":        [
[1.702384102478993, 1] 
        ],
       "Rate classes":1,
       "Uncorrected P-value":0.3840262521804442
      },
     "Node48":{
       "Baseline MG94xREV":0.002302943727271448,
       "Baseline MG94xREV omega ratio":0.7678463822051048,
       "Corrected P-value":1,
       "Full adaptive model":0.002301272422024596,
       "Full adaptive model (non-synonymous subs/site)":0.001436670932187876,
       "Full adaptive model (synonymous subs/site)":0.0008646014898367227,
       "LRT":0,
       "Nucleotide GTR":0.002285572594162827,
       "Rate Distributions":        [
[0.6992234250985288, 1] 
        ],
       "Rate classes":1,
       "Uncorrected P-value":1
      },
     "Node49":{
       "Baseline MG94xREV":0.001646629364981126,
       "Baseline MG94xREV omega ratio":0.8526466922810221,
       "Corrected P-value":1,
       "Full adaptive model":0.001644665126785673,
       "Full adaptive model (non-synonymous subs/site)":0.001067102535573225,
       "Full adaptive model (synonymous subs/site)":0.0005775625912124467,
       "LRT":0,
       "Nucleotide GTR":0.001631184659952029,
       "Rate Distributions":        [
[0.7774665981819116, 1] 
        ],
       "Rate classes":1,
       "Uncorrected P-value":1
      },
     "Node52":{
       "Baseline MG94xREV":0.001809909608863769,
       "Baseline MG94xREV omega ratio":0.5008011494761734,
       "Corrected P-value":1,
       "Full adaptive model":0.001809858477665276,
       "Full adaptive model (non-synonymous subs/site)":0.0009417545588051084,
       "Full adaptive model (synonymous subs/site)":0.0008681039188601671,
       "LRT":0,
       "Nucleotide GTR":0.001795798840016123,
       "Rate Distributions":        [
[0.4564998703704318, 1] 
        ],
       "Rate classes":1,
       "Uncorrected P-value":1
      },
     "Node59":{
       "Baseline MG94xREV":0.0002864368045520875,
       "Baseline MG94xREV omega ratio":0,
       "Corrected P-value":1,
       "Full adaptive model":0.0002875444034658639,
       "Full adaptive model (non-synonymous subs/site)":1e-10,
       "Full adaptive model (synonymous subs/site)":0.0002875444034658639,
       "LRT":0,
       "Nucleotide GTR":0.0002845118961809495,
       "Rate Distributions":        [
[0, 1] 
        ],
       "Rate classes":1,
       "Uncorrected P-value":1
      },
     "Node7":{
       "Baseline MG94xREV":0.002336939115655045,
       "Baseline MG94xREV omega ratio":10000000000,
       "Corrected P-value":0.614211287452382,
       "Full adaptive model":0.002330385485173817,
       "Full adaptive model (non-synonymous subs/site)":0.002330385485173817,
       "Full adaptive model (synonymous subs/site)":1e-10,
       "LRT":5.659573601613374,
       "Nucleotide GTR":0.002262857224364055,
       "Rate Distributions":        [
[10000000000, 1] 
        ],
       "Rate classes":1,
       "Uncorrected P-value":0.02117969956732352
      },
     "Node70":{
       "Baseline MG94xREV":0.0002855136044964358,
       "Baseline MG94xREV omega ratio":0,
       "Corrected P-value":1,
       "Full adaptive model":0.0002863475435985142,
       "Full adaptive model (non-synonymous subs/site)":1e-10,
       "Full adaptive model (synonymous subs/site)":0.0002863475435985142,
       "LRT":0,
       "Nucleotide GTR":0.0002839247058043889,
       "Rate Distributions":        [
[0, 1] 
        ],
       "Rate classes":1,
       "Uncorrected P-value":1
      },
     "Node73":{
       "Baseline MG94xREV":0.001434846386025992,
       "Baseline MG94xREV omega ratio":0.3069069223888432,
       "Corrected P-value":1,
       "Full adaptive model":0.001435595322796381,
       "Full adaptive model (non-synonymous subs/site)":0.0005733500171144939,
       "Full adaptive model (synonymous subs/site)":0.0008622453056818874,
       "LRT":0,
       "Nucleotide GTR":0.001425022886525312,
       "Rate Distributions":        [
[0.2798102601686705, 1] 
        ],
       "Rate classes":1,
       "Uncorrected P-value":1
      },
     "Node76":{
       "Baseline MG94xREV":0.000286056191681799,
       "Baseline MG94xREV omega ratio":0,
       "Corrected P-value":1,
       "Full adaptive model":0.0002868848822155474,
       "Full adaptive model (non-synonymous subs/site)":1e-10,
       "Full adaptive model (synonymous subs/site)":0.0002868848822155474,
       "LRT":0,
       "Nucleotide GTR":0.0002845816479322217,
       "Rate Distributions":        [
[0, 1] 
        ],
       "Rate classes":1,
       "Uncorrected P-value":1
      },
     "Node86":{
       "Baseline MG94xREV":0.0008704726168342695,
       "Baseline MG94xREV omega ratio":0.9307258716839447,
       "Corrected P-value":1,
       "Full adaptive model":0.0008693351809898111,
       "Full adaptive model (non-synonymous subs/site)":0.000581642384360889,
       "Full adaptive model (synonymous subs/site)":0.0002876927966289236,
       "LRT":0,
       "Nucleotide GTR":0.0008418641035818856,
       "Rate Distributions":        [
[0.8507494994077889, 1] 
        ],
       "Rate classes":1,
       "Uncorrected P-value":1
      },
     "Node87":{
       "Baseline MG94xREV":0.001049863011978627,
       "Baseline MG94xREV omega ratio":0.1769075190181813,
       "Corrected P-value":1,
       "Full adaptive model":0.001051225520634122,
       "Full adaptive model (non-synonymous subs/site)":0.0002910823713778945,
       "Full adaptive model (synonymous subs/site)":0.0007601431492562284,
       "LRT":0,
       "Nucleotide GTR":0.0009405822772434087,
       "Rate Distributions":        [
[0.1611369587540017, 1] 
        ],
       "Rate classes":1,
       "Uncorrected P-value":1
      },
     "Node89":{
       "Baseline MG94xREV":0.0002918018554320014,
       "Baseline MG94xREV omega ratio":10000000000,
       "Corrected P-value":1,
       "Full adaptive model":0.0002909730887090156,
       "Full adaptive model (non-synonymous subs/site)":0.0002909730887090156,
       "Full adaptive model (synonymous subs/site)":1e-10,
       "LRT":0.6138974165751279,
       "Nucleotide GTR":0.000308447829722076,
       "Rate Distributions":        [
[10000000000, 1] 
        ],
       "Rate classes":1,
       "Uncorrected P-value":0.3073713256788471
      },
     "Node90":{
       "Baseline MG94xREV":0.002779207898597926,
       "Baseline MG94xREV omega ratio":0.7874214258443081,
       "Corrected P-value":1,
       "Full adaptive model":0.00277127042396771,
       "Full adaptive model (non-synonymous subs/site)":0.001749659431926827,
       "Full adaptive model (synonymous subs/site)":0.001021610992040883,
       "LRT":0,
       "Nucleotide GTR":0.002903260713167022,
       "Rate Distributions":        [
[0.7206802313552877, 1] 
        ],
       "Rate classes":1,
       "Uncorrected P-value":1
      },
     "Node91":{
       "Baseline MG94xREV":0.0243654612535223,
       "Baseline MG94xREV omega ratio":0.5869356348057116,
       "Corrected P-value":1,
       "Full adaptive model":0.02565901596374535,
       "Full adaptive model (non-synonymous subs/site)":0.01498624085338317,
       "Full adaptive model (synonymous subs/site)":0.01067277511036219,
       "LRT":3.455384098484501,
       "Nucleotide GTR":0.02415620954964443,
       "Rate Distributions":        [
[0.0381668449187483, 0.8642747512420221],
        [4.110367942458334, 0.1357252487579779] 
        ],
       "Rate classes":2,
       "Uncorrected P-value":0.06591743087589691
      },
     "gb_JX503060_Organism_Human_coronavirus_229E_Strain_Name_0349_Segment_null_Host_Human_1":{
       "Baseline MG94xREV":0.0005719165773813501,
       "Baseline MG94xREV omega ratio":0,
       "Corrected P-value":null,
       "Full adaptive model":0.0005735794066733149,
       "Full adaptive model (non-synonymous subs/site)":1e-10,
       "Full adaptive model (synonymous subs/site)":0.0005735794066733149,
       "LRT":null,
       "Nucleotide GTR":0.0005697224614176386,
       "Rate Distributions":        [
[0, 1] 
        ],
       "Rate classes":1,
       "Uncorrected P-value":null,
       "original name":"gb_JX503060_Organism_Human_coronavirus_229E_Strain_Name_0349_Segment_null_Host_Human_1"
      },
     "gb_JX503061_Organism_Human_coronavirus_229E_Strain_Name_J0304_Segment_null_Host_Human_1":{
       "Baseline MG94xREV":0.003186363943139118,
       "Baseline MG94xREV omega ratio":0.1010741177678975,
       "Corrected P-value":null,
       "Full adaptive model":0.003191880718369783,
       "Full adaptive model (non-synonymous subs/site)":0.000573122985412511,
       "Full adaptive model (synonymous subs/site)":0.002618757732957271,
       "LRT":null,
       "Nucleotide GTR":0.003164452145183345,
       "Rate Distributions":        [
[0.09209311177428002, 1] 
        ],
       "Rate classes":1,
       "Uncorrected P-value":null,
       "original name":"gb_JX503061_Organism_Human_coronavirus_229E_Strain_Name_J0304_Segment_null_Host_Human_1"
      },
     "gb_KU291448_Organism_Human_coronavirus_229E_Strain_Name_HCoV_229E_BN1_GER_2015_Segment_null_Host_Human_1":{
       "Baseline MG94xREV":0.001721126532161024,
       "Baseline MG94xREV omega ratio":0.9239485659014213,
       "Corrected P-value":null,
       "Full adaptive model":0.001963902489657891,
       "Full adaptive model (non-synonymous subs/site)":0.001402656438064787,
       "Full adaptive model (synonymous subs/site)":0.0005612460515931041,
       "LRT":null,
       "Nucleotide GTR":0.001708544265795131,
       "Rate Distributions":        [
[0, 0.9949016837880648],
        [206.2746631920826, 0.005098316211935239] 
        ],
       "Rate classes":2,
       "Uncorrected P-value":null,
       "original name":"gb_KU291448_Organism_Human_coronavirus_229E_Strain_Name_HCoV_229E_BN1_GER_2015_Segment_null_Host_Human_1"
      },
     "gb_KY369908_Organism_Human_coronavirus_229E_Strain_Name_HCoV_229E_Seattle_USA_SC579_2016_Segment_null_Host_Human_1":{
       "Baseline MG94xREV":0.0005737969601913889,
       "Baseline MG94xREV omega ratio":0.4602763949659702,
       "Corrected P-value":null,
       "Full adaptive model":0.0005740997235275845,
       "Full adaptive model (non-synonymous subs/site)":0.000286500498176222,
       "Full adaptive model (synonymous subs/site)":0.0002875992253513622,
       "LRT":null,
       "Nucleotide GTR":0.0005694976214736162,
       "Rate Distributions":        [
[0.4191913511735444, 1] 
        ],
       "Rate classes":1,
       "Uncorrected P-value":null,
       "original name":"gb_KY369908_Organism_Human_coronavirus_229E_Strain_Name_HCoV_229E_Seattle_USA_SC579_2016_Segment_null_Host_Human_1"
      },
     "gb_KY369909_Organism_Human_coronavirus_229E_Strain_Name_HCoV_229E_Seattle_USA_SC677_2016_Segment_null_Host_Human_3":{
       "Baseline MG94xREV":0.001147848206194423,
       "Baseline MG94xREV omega ratio":1.381579484542854,
       "Corrected P-value":null,
       "Full adaptive model":0.001146608170158757,
       "Full adaptive model (non-synonymous subs/site)":0.0008592384078432285,
       "Full adaptive model (synonymous subs/site)":0.0002873697623155286,
       "LRT":null,
       "Nucleotide GTR":0.001138516464066421,
       "Rate Distributions":        [
[1.258192977928481, 1] 
        ],
       "Rate classes":1,
       "Uncorrected P-value":null,
       "original name":"gb_KY369909_Organism_Human_coronavirus_229E_Strain_Name_HCoV_229E_Seattle_USA_SC677_2016_Segment_null_Host_Human_3"
      },
     "gb_KY369911_Organism_Human_coronavirus_229E_Strain_Name_HCoV_229E_Seattle_USA_SC1212_2016_Segment_null_Host_Human_2":{
       "Baseline MG94xREV":0.0002853396680819358,
       "Baseline MG94xREV omega ratio":10000000000,
       "Corrected P-value":null,
       "Full adaptive model":0.0002850499254904369,
       "Full adaptive model (non-synonymous subs/site)":0.0002850499254904369,
       "Full adaptive model (synonymous subs/site)":1e-10,
       "LRT":null,
       "Nucleotide GTR":0.0002820372474708377,
       "Rate Distributions":        [
[10000000000, 1] 
        ],
       "Rate classes":1,
       "Uncorrected P-value":null,
       "original name":"gb_KY369911_Organism_Human_coronavirus_229E_Strain_Name_HCoV_229E_Seattle_USA_SC1212_2016_Segment_null_Host_Human_2"
      },
     "gb_KY369912_Organism_Human_coronavirus_229E_Strain_Name_HCoV_229E_Seattle_USA_SC9731_2016_Segment_null_Host_Human_1":{
       "Baseline MG94xREV":0,
       "Baseline MG94xREV omega ratio":1,
       "Corrected P-value":null,
       "Full adaptive model":0,
       "Full adaptive model (non-synonymous subs/site)":1e-10,
       "Full adaptive model (synonymous subs/site)":1e-10,
       "LRT":null,
       "Nucleotide GTR":0,
       "Rate Distributions":        [
[1, 1] 
        ],
       "Rate classes":1,
       "Uncorrected P-value":null,
       "original name":"gb_KY369912_Organism_Human_coronavirus_229E_Strain_Name_HCoV_229E_Seattle_USA_SC9731_2016_Segment_null_Host_Human_1"
      },
     "gb_KY369913_Organism_Human_coronavirus_229E_Strain_Name_HCoV_229E_Seattle_USA_SC1073_2016_Segment_null_Host_Human_1":{
       "Baseline MG94xREV":0.0005738694888742613,
       "Baseline MG94xREV omega ratio":0.4599002802070921,
       "Corrected P-value":null,
       "Full adaptive model":0.000574170580809979,
       "Full adaptive model (non-synonymous subs/site)":0.0002864217709809411,
       "Full adaptive model (synonymous subs/site)":0.0002877488098290383,
       "LRT":null,
       "Nucleotide GTR":0.0005692929642292324,
       "Rate Distributions":        [
[0.4188583077798222, 1] 
        ],
       "Rate classes":1,
       "Uncorrected P-value":null,
       "original name":"gb_KY369913_Organism_Human_coronavirus_229E_Strain_Name_HCoV_229E_Seattle_USA_SC1073_2016_Segment_null_Host_Human_1"
      },
     "gb_KY369914_Organism_Human_coronavirus_229E_Strain_Name_HCoV_229E_Seattle_USA_SC9773_2016_Segment_null_Host_Human_1":{
       "Baseline MG94xREV":0.001435103197258646,
       "Baseline MG94xREV omega ratio":0.3067559426726234,
       "Corrected P-value":null,
       "Full adaptive model":0.001436112176346123,
       "Full adaptive model (non-synonymous subs/site)":0.0005732989357305426,
       "Full adaptive model (synonymous subs/site)":0.0008628132406155801,
       "LRT":null,
       "Nucleotide GTR":0.001424846204957668,
       "Rate Distributions":        [
[0.2796011662354447, 1] 
        ],
       "Rate classes":1,
       "Uncorrected P-value":null,
       "original name":"gb_KY369914_Organism_Human_coronavirus_229E_Strain_Name_HCoV_229E_Seattle_USA_SC9773_2016_Segment_null_Host_Human_1"
      },
     "gb_KY674919_Organism_Human_coronavirus_229E_Strain_Name_N08_434B_Segment_null_Host_Human_1":{
       "Baseline MG94xREV":0.002016539063279545,
       "Baseline MG94xREV omega ratio":0.1831462203178755,
       "Corrected P-value":null,
       "Full adaptive model":0.002018526694318276,
       "Full adaptive model (non-synonymous subs/site)":0.0005735208843566054,
       "Full adaptive model (synonymous subs/site)":0.00144500580996167,
       "LRT":null,
       "Nucleotide GTR":0.002027355671150206,
       "Rate Distributions":        [
[0.1670145423664264, 1] 
        ],
       "Rate classes":1,
       "Uncorrected P-value":null,
       "original name":"gb_KY674919_Organism_Human_coronavirus_229E_Strain_Name_N08_434B_Segment_null_Host_Human_1"
      },
     "gb_KY684760_Organism_Human_coronavirus_229E_Strain_Name_HCoV_229E_Seattle_USA_SC2282_2017_Segment_null_Host_Human_1":{
       "Baseline MG94xREV":0.00201463411180824,
       "Baseline MG94xREV omega ratio":0.3443414500910433,
       "Corrected P-value":null,
       "Full adaptive model":0.002015058929900698,
       "Full adaptive model (non-synonymous subs/site)":0.00086072805050336,
       "Full adaptive model (synonymous subs/site)":0.001154330879397338,
       "LRT":null,
       "Nucleotide GTR":0.001999717460680975,
       "Rate Distributions":        [
[0.3137691831183324, 1] 
        ],
       "Rate classes":1,
       "Uncorrected P-value":null,
       "original name":"gb_KY684760_Organism_Human_coronavirus_229E_Strain_Name_HCoV_229E_Seattle_USA_SC2282_2017_Segment_null_Host_Human_1"
      },
     "gb_KY967357_Organism_Human_coronavirus_229E_Strain_Name_HCoV_229E_Seattle_USA_SC2872_2015_Segment_null_Host_Human_1":{
       "Baseline MG94xREV":0.0002870722774596935,
       "Baseline MG94xREV omega ratio":10000000000,
       "Corrected P-value":null,
       "Full adaptive model":0.0002862846261778903,
       "Full adaptive model (non-synonymous subs/site)":0.0002862846261778903,
       "Full adaptive model (synonymous subs/site)":1e-10,
       "LRT":null,
       "Nucleotide GTR":0.0002845118918763002,
       "Rate Distributions":        [
[10000000000, 1] 
        ],
       "Rate classes":1,
       "Uncorrected P-value":null,
       "original name":"gb_KY967357_Organism_Human_coronavirus_229E_Strain_Name_HCoV_229E_Seattle_USA_SC2872_2015_Segment_null_Host_Human_1"
      },
     "gb_KY983587_Organism_Human_coronavirus_229E_Strain_Name_HCoV_229E_Seattle_USA_SC3112_2015_Segment_null_Host_Human_1":{
       "Baseline MG94xREV":0.0002864368046624881,
       "Baseline MG94xREV omega ratio":0,
       "Corrected P-value":null,
       "Full adaptive model":0.000287544400510442,
       "Full adaptive model (non-synonymous subs/site)":1e-10,
       "Full adaptive model (synonymous subs/site)":0.000287544400510442,
       "LRT":null,
       "Nucleotide GTR":0.000284511897750994,
       "Rate Distributions":        [
[0, 1] 
        ],
       "Rate classes":1,
       "Uncorrected P-value":null,
       "original name":"gb_KY983587_Organism_Human_coronavirus_229E_Strain_Name_HCoV_229E_Seattle_USA_SC3112_2015_Segment_null_Host_Human_1"
      },
     "gb_MF542265_Organism_Human_coronavirus_229E_Strain_Name_229E_Haiti_1_2016_Segment_null_Host_Human_1":{
       "Baseline MG94xREV":0.003166039629359901,
       "Baseline MG94xREV omega ratio":0.8057047768043372,
       "Corrected P-value":null,
       "Full adaptive model":0.003163365435194684,
       "Full adaptive model (non-synonymous subs/site)":0.002010507234534398,
       "Full adaptive model (synonymous subs/site)":0.001152858200660283,
       "LRT":null,
       "Nucleotide GTR":0.003142500472207685,
       "Rate Distributions":        [
[0.733845087114696, 1] 
        ],
       "Rate classes":1,
       "Uncorrected P-value":null,
       "original name":"gb_MF542265_Organism_Human_coronavirus_229E_Strain_Name_229E_Haiti_1_2016_Segment_null_Host_Human_1"
      },
     "gb_MN306046_Organism_Human_coronavirus_229E_Strain_Name_HCoV_229E_Seattle_USA_SC0865_2019_Segment_null_Host_Human_1":{
       "Baseline MG94xREV":0.001435332104038989,
       "Baseline MG94xREV omega ratio":0.307982032884387,
       "Corrected P-value":null,
       "Full adaptive model":0.001436868683034613,
       "Full adaptive model (non-synonymous subs/site)":0.0005746719184702611,
       "Full adaptive model (synonymous subs/site)":0.0008621967645643527,
       "LRT":null,
       "Nucleotide GTR":0.001427346670170789,
       "Rate Distributions":        [
[0.2804711731114465, 1] 
        ],
       "Rate classes":1,
       "Uncorrected P-value":null,
       "original name":"gb_MN306046_Organism_Human_coronavirus_229E_Strain_Name_HCoV_229E_Seattle_USA_SC0865_2019_Segment_null_Host_Human_1"
      },
     "gb_MN369046_Organism_Human_coronavirus_229E_Strain_Name_HCoV_229E_Seattle_USA_SC9724_2018_Segment_null_Host_Human_1":{
       "Baseline MG94xREV":0.001430785126758168,
       "Baseline MG94xREV omega ratio":0.1148778850592553,
       "Corrected P-value":null,
       "Full adaptive model":0.001435220991289002,
       "Full adaptive model (non-synonymous subs/site)":0.0002856547453572952,
       "Full adaptive model (synonymous subs/site)":0.001149566245931708,
       "LRT":null,
       "Nucleotide GTR":0.001423550232078767,
       "Rate Distributions":        [
[0.1045639748048422, 1] 
        ],
       "Rate classes":1,
       "Uncorrected P-value":null,
       "original name":"gb_MN369046_Organism_Human_coronavirus_229E_Strain_Name_HCoV_229E_Seattle_USA_SC9724_2018_Segment_null_Host_Human_1"
      },
     "kf293664_229e_s_sweden_no_value_3":{
       "Baseline MG94xREV":0.001724742715186216,
       "Baseline MG94xREV omega ratio":2.349217463025278,
       "Corrected P-value":null,
       "Full adaptive model":0.001719797211245888,
       "Full adaptive model (non-synonymous subs/site)":0.001436737045301923,
       "Full adaptive model (synonymous subs/site)":0.0002830601659439656,
       "LRT":null,
       "Nucleotide GTR":0.001707599806622199,
       "Rate Distributions":        [
[2.13586194080506, 1] 
        ],
       "Rate classes":1,
       "Uncorrected P-value":null,
       "original name":"kf293664_229e_s_sweden_no_value_3"
      },
     "kf514429_229e_s_usa_nashville_tn_07_feb_1989_1":{
       "Baseline MG94xREV":0.00022531560889608,
       "Baseline MG94xREV omega ratio":0,
       "Corrected P-value":null,
       "Full adaptive model":0.0002306104068568735,
       "Full adaptive model (non-synonymous subs/site)":1e-10,
       "Full adaptive model (synonymous subs/site)":0.0002306104068568735,
       "LRT":null,
       "Nucleotide GTR":0.0001909819721097116,
       "Rate Distributions":        [
[0, 1] 
        ],
       "Rate classes":1,
       "Uncorrected P-value":null,
       "original name":"kf514429_229e_s_usa_nashville_tn_07_feb_1989_1"
      },
     "kf514430_229e_s_usa_nashville_tn_18_mar_1993_2":{
       "Baseline MG94xREV":0.001538758445766428,
       "Baseline MG94xREV omega ratio":0.1056174431757908,
       "Corrected P-value":null,
       "Full adaptive model":0.001541763477178032,
       "Full adaptive model (non-synonymous subs/site)":0.0002870385514902581,
       "Full adaptive model (synonymous subs/site)":0.001254724925687775,
       "LRT":null,
       "Nucleotide GTR":0.00161799832127008,
       "Rate Distributions":        [
[0.09626454186612045, 1] 
        ],
       "Rate classes":1,
       "Uncorrected P-value":null,
       "original name":"kf514430_229e_s_usa_nashville_tn_18_mar_1993_2"
      },
     "kf514431_229e_s_usa_nashville_tn_23_mar_1995_1":{
       "Baseline MG94xREV":0.00144057132248323,
       "Baseline MG94xREV omega ratio":1.853357499166691,
       "Corrected P-value":null,
       "Full adaptive model":0.001437401409660621,
       "Full adaptive model (non-synonymous subs/site)":0.001150246778813415,
       "Full adaptive model (synonymous subs/site)":0.0002871546308472059,
       "LRT":null,
       "Nucleotide GTR":0.001430643835521272,
       "Rate Distributions":        [
[1.685581846900941, 1] 
        ],
       "Rate classes":1,
       "Uncorrected P-value":null,
       "original name":"kf514431_229e_s_usa_nashville_tn_23_mar_1995_1"
      },
     "kf514432_229e_s_usa_nashville_tn_22_feb_1993_2":{
       "Baseline MG94xREV":0.001047858111234754,
       "Baseline MG94xREV omega ratio":0,
       "Corrected P-value":null,
       "Full adaptive model":0.001049950581179508,
       "Full adaptive model (non-synonymous subs/site)":1e-10,
       "Full adaptive model (synonymous subs/site)":0.001049950581179508,
       "LRT":null,
       "Nucleotide GTR":0.0009320891130556943,
       "Rate Distributions":        [
[0, 1] 
        ],
       "Rate classes":1,
       "Uncorrected P-value":null,
       "original name":"kf514432_229e_s_usa_nashville_tn_22_feb_1993_2"
      },
     "kf514433_229e_s_usa_nashville_tn_11_mar_1993_2":{
       "Baseline MG94xREV":0.0005723322114194009,
       "Baseline MG94xREV omega ratio":0,
       "Corrected P-value":null,
       "Full adaptive model":0.0005738610613714679,
       "Full adaptive model (non-synonymous subs/site)":1e-10,
       "Full adaptive model (synonymous subs/site)":0.0005738610613714679,
       "LRT":null,
       "Nucleotide GTR":0.0005909225559410419,
       "Rate Distributions":        [
[0, 1] 
        ],
       "Rate classes":1,
       "Uncorrected P-value":null,
       "original name":"kf514433_229e_s_usa_nashville_tn_11_mar_1993_2"
      },
     "km055531_229e_s_china_2011_1":{
       "Baseline MG94xREV":0.0005741531119036129,
       "Baseline MG94xREV omega ratio":0.4585367055728971,
       "Corrected P-value":null,
       "Full adaptive model":0.0005741413482154338,
       "Full adaptive model (non-synonymous subs/site)":0.0002861390714401343,
       "Full adaptive model (synonymous subs/site)":0.0002880022767753001,
       "LRT":null,
       "Nucleotide GTR":0.0005696614294920842,
       "Rate Distributions":        [
[0.4180766250524354, 1] 
        ],
       "Rate classes":1,
       "Uncorrected P-value":null,
       "original name":"km055531_229e_s_china_2011_1"
      },
     "km055532_229e_s_china_2009_2":{
       "Baseline MG94xREV":0.0002860086302853609,
       "Baseline MG94xREV omega ratio":0,
       "Corrected P-value":null,
       "Full adaptive model":0.0002869962295379732,
       "Full adaptive model (non-synonymous subs/site)":1e-10,
       "Full adaptive model (synonymous subs/site)":0.0002869962295379732,
       "LRT":null,
       "Nucleotide GTR":0.0002847512796161317,
       "Rate Distributions":        [
[0, 1] 
        ],
       "Rate classes":1,
       "Uncorrected P-value":null,
       "original name":"km055532_229e_s_china_2009_2"
      },
     "km055534_229e_s_china_2009_1":{
       "Baseline MG94xREV":0.0005737067013735091,
       "Baseline MG94xREV omega ratio":0.4605706055872199,
       "Corrected P-value":null,
       "Full adaptive model":0.0005738578633460931,
       "Full adaptive model (non-synonymous subs/site)":0.0002865390916480169,
       "Full adaptive model (synonymous subs/site)":0.0002873187716980762,
       "LRT":null,
       "Nucleotide GTR":0.0005704164126775492,
       "Rate Distributions":        [
[0.4196570493851645, 1] 
        ],
       "Rate classes":1,
       "Uncorrected P-value":null,
       "original name":"km055534_229e_s_china_2009_1"
      },
     "km055535_229e_s_china_2009_1":{
       "Baseline MG94xREV":0.0002862824797348735,
       "Baseline MG94xREV omega ratio":0,
       "Corrected P-value":null,
       "Full adaptive model":0.000287261589364771,
       "Full adaptive model (non-synonymous subs/site)":1e-10,
       "Full adaptive model (synonymous subs/site)":0.000287261589364771,
       "LRT":null,
       "Nucleotide GTR":0.0002846660803835905,
       "Rate Distributions":        [
[0, 1] 
        ],
       "Rate classes":1,
       "Uncorrected P-value":null,
       "original name":"km055535_229e_s_china_2009_1"
      },
     "km055536_229e_s_china_2009_1":{
       "Baseline MG94xREV":0,
       "Baseline MG94xREV omega ratio":1,
       "Corrected P-value":null,
       "Full adaptive model":0,
       "Full adaptive model (non-synonymous subs/site)":1e-10,
       "Full adaptive model (synonymous subs/site)":1e-10,
       "LRT":null,
       "Nucleotide GTR":0,
       "Rate Distributions":        [
[1, 1] 
        ],
       "Rate classes":1,
       "Uncorrected P-value":null,
       "original name":"km055536_229e_s_china_2009_1"
      },
     "km055537_229e_s_china_2009_5":{
       "Baseline MG94xREV":0,
       "Baseline MG94xREV omega ratio":1,
       "Corrected P-value":null,
       "Full adaptive model":0,
       "Full adaptive model (non-synonymous subs/site)":1e-10,
       "Full adaptive model (synonymous subs/site)":1e-10,
       "LRT":null,
       "Nucleotide GTR":0,
       "Rate Distributions":        [
[1, 1] 
        ],
       "Rate classes":1,
       "Uncorrected P-value":null,
       "original name":"km055537_229e_s_china_2009_5"
      },
     "km055538_229e_s_china_2010_1":{
       "Baseline MG94xREV":0.001146626304201944,
       "Baseline MG94xREV omega ratio":0.4617406132357419,
       "Corrected P-value":null,
       "Full adaptive model":0.001146697563009939,
       "Full adaptive model (non-synonymous subs/site)":0.0005734229893710153,
       "Full adaptive model (synonymous subs/site)":0.000573274573638923,
       "LRT":null,
       "Nucleotide GTR":0.001139762970466421,
       "Rate Distributions":        [
[0.4209078878714219, 1] 
        ],
       "Rate classes":1,
       "Uncorrected P-value":null,
       "original name":"km055538_229e_s_china_2010_1"
      },
     "km055543_229e_s_china_2010_1":{
       "Baseline MG94xREV":0.001144363114812918,
       "Baseline MG94xREV omega ratio":0.1538071246980245,
       "Corrected P-value":null,
       "Full adaptive model":0.001146314436292597,
       "Full adaptive model (non-synonymous subs/site)":0.0002864199875565648,
       "Full adaptive model (synonymous subs/site)":0.0008598944487360328,
       "LRT":null,
       "Nucleotide GTR":0.001138922216662774,
       "Rate Distributions":        [
[0.1401628179652872, 1] 
        ],
       "Rate classes":1,
       "Uncorrected P-value":null,
       "original name":"km055543_229e_s_china_2010_1"
      },
     "km055544_229e_s_china_2011_1":{
       "Baseline MG94xREV":0.001722681471424546,
       "Baseline MG94xREV omega ratio":0.9206233528800334,
       "Corrected P-value":null,
       "Full adaptive model":0.001721435722619261,
       "Full adaptive model (non-synonymous subs/site)":0.001146384997506621,
       "Full adaptive model (synonymous subs/site)":0.0005750507251126421,
       "LRT":null,
       "Nucleotide GTR":0.001710250482055396,
       "Rate Distributions":        [
[0.8388783431386508, 1] 
        ],
       "Rate classes":1,
       "Uncorrected P-value":null,
       "original name":"km055544_229e_s_china_2011_1"
      },
     "km055545_229e_s_china_2009_1":{
       "Baseline MG94xREV":0.000571995417997266,
       "Baseline MG94xREV omega ratio":0,
       "Corrected P-value":null,
       "Full adaptive model":0.0005736742127019521,
       "Full adaptive model (non-synonymous subs/site)":1e-10,
       "Full adaptive model (synonymous subs/site)":0.0005736742127019521,
       "LRT":null,
       "Nucleotide GTR":0.0005696692117664435,
       "Rate Distributions":        [
[0, 1] 
        ],
       "Rate classes":1,
       "Uncorrected P-value":null,
       "original name":"km055545_229e_s_china_2009_1"
      },
     "km055546_229e_s_china_2009_2":{
       "Baseline MG94xREV":0,
       "Baseline MG94xREV omega ratio":1,
       "Corrected P-value":null,
       "Full adaptive model":0,
       "Full adaptive model (non-synonymous subs/site)":1e-10,
       "Full adaptive model (synonymous subs/site)":1e-10,
       "LRT":null,
       "Nucleotide GTR":0,
       "Rate Distributions":        [
[1, 1] 
        ],
       "Rate classes":1,
       "Uncorrected P-value":null,
       "original name":"km055546_229e_s_china_2009_2"
      },
     "km055548_229e_s_china_2011_1":{
       "Baseline MG94xREV":0.0008606462543951153,
       "Baseline MG94xREV omega ratio":0.2297139614915485,
       "Corrected P-value":null,
       "Full adaptive model":0.0008615872911568968,
       "Full adaptive model (non-synonymous subs/site)":0.0002862572239821383,
       "Full adaptive model (synonymous subs/site)":0.0005753300671747576,
       "LRT":null,
       "Nucleotide GTR":0.0008545391963401936,
       "Rate Distributions":        [
[0.2093697952175254, 1] 
        ],
       "Rate classes":1,
       "Uncorrected P-value":null,
       "original name":"km055548_229e_s_china_2011_1"
      },
     "km055549_229e_s_china_2011_1":{
       "Baseline MG94xREV":0,
       "Baseline MG94xREV omega ratio":1,
       "Corrected P-value":null,
       "Full adaptive model":0,
       "Full adaptive model (non-synonymous subs/site)":1e-10,
       "Full adaptive model (synonymous subs/site)":1e-10,
       "LRT":null,
       "Nucleotide GTR":0,
       "Rate Distributions":        [
[1, 1] 
        ],
       "Rate classes":1,
       "Uncorrected P-value":null,
       "original name":"km055549_229e_s_china_2011_1"
      },
     "km055550_229e_s_china_2011_1":{
       "Baseline MG94xREV":0.0005742371271530132,
       "Baseline MG94xREV omega ratio":10000000000,
       "Corrected P-value":null,
       "Full adaptive model":0.0005724784438296575,
       "Full adaptive model (non-synonymous subs/site)":0.0005724784438296575,
       "Full adaptive model (synonymous subs/site)":1e-10,
       "LRT":null,
       "Nucleotide GTR":0.0005690405200248816,
       "Rate Distributions":        [
[10000000000, 1] 
        ],
       "Rate classes":1,
       "Uncorrected P-value":null,
       "original name":"km055550_229e_s_china_2011_1"
      },
     "km055551_229e_s_china_2007_1":{
       "Baseline MG94xREV":0.001150226382300553,
       "Baseline MG94xREV omega ratio":1.384795166804029,
       "Corrected P-value":null,
       "Full adaptive model":0.001148322053346063,
       "Full adaptive model (non-synonymous subs/site)":0.0008610671148906135,
       "Full adaptive model (synonymous subs/site)":0.0002872549384554481,
       "LRT":null,
       "Nucleotide GTR":0.001141680153053343,
       "Rate Distributions":        [
[1.261374780750713, 1] 
        ],
       "Rate classes":1,
       "Uncorrected P-value":null,
       "original name":"km055551_229e_s_china_2007_1"
      },
     "km055552_229e_s_china_2007_2":{
       "Baseline MG94xREV":0,
       "Baseline MG94xREV omega ratio":1,
       "Corrected P-value":null,
       "Full adaptive model":0,
       "Full adaptive model (non-synonymous subs/site)":1e-10,
       "Full adaptive model (synonymous subs/site)":1e-10,
       "LRT":null,
       "Nucleotide GTR":0,
       "Rate Distributions":        [
[1, 1] 
        ],
       "Rate classes":1,
       "Uncorrected P-value":null,
       "original name":"km055552_229e_s_china_2007_2"
      },
     "km055553_229e_s_china_2009_1":{
       "Baseline MG94xREV":0.000287275665107773,
       "Baseline MG94xREV omega ratio":10000000000,
       "Corrected P-value":null,
       "Full adaptive model":0.0002866281134856099,
       "Full adaptive model (non-synonymous subs/site)":0.0002866281134856099,
       "Full adaptive model (synonymous subs/site)":1e-10,
       "LRT":null,
       "Nucleotide GTR":0.0002847345230068819,
       "Rate Distributions":        [
[10000000000, 1] 
        ],
       "Rate classes":1,
       "Uncorrected P-value":null,
       "original name":"km055553_229e_s_china_2009_1"
      },
     "km055555_229e_s_china_2008_1":{
       "Baseline MG94xREV":0.001436067232012172,
       "Baseline MG94xREV omega ratio":0.3065773097903581,
       "Corrected P-value":null,
       "Full adaptive model":0.001436811129733339,
       "Full adaptive model (non-synonymous subs/site)":0.0005734790789098571,
       "Full adaptive model (synonymous subs/site)":0.0008633320508234828,
       "LRT":null,
       "Nucleotide GTR":0.001426220862579606,
       "Rate Distributions":        [
[0.279520946951333, 1] 
        ],
       "Rate classes":1,
       "Uncorrected P-value":null,
       "original name":"km055555_229e_s_china_2008_1"
      },
     "km055556_229e_s_china_2008_1":{
       "Baseline MG94xREV":0.001149030499005962,
       "Baseline MG94xREV omega ratio":0.460143576637618,
       "Corrected P-value":null,
       "Full adaptive model":0.001149329877158872,
       "Full adaptive model (non-synonymous subs/site)":0.0005736275050106407,
       "Full adaptive model (synonymous subs/site)":0.0005757023721482325,
       "LRT":null,
       "Nucleotide GTR":0.001140688914518319,
       "Rate Distributions":        [
[0.4192823611717597, 1] 
        ],
       "Rate classes":1,
       "Uncorrected P-value":null,
       "original name":"km055556_229e_s_china_2008_1"
      },
     "km055557_229e_s_china_2005_1":{
       "Baseline MG94xREV":0,
       "Baseline MG94xREV omega ratio":1,
       "Corrected P-value":null,
       "Full adaptive model":0,
       "Full adaptive model (non-synonymous subs/site)":1e-10,
       "Full adaptive model (synonymous subs/site)":1e-10,
       "LRT":null,
       "Nucleotide GTR":0,
       "Rate Distributions":        [
[1, 1] 
        ],
       "Rate classes":1,
       "Uncorrected P-value":null,
       "original name":"km055557_229e_s_china_2005_1"
      },
     "km055558_229e_s_china_2009_1":{
       "Baseline MG94xREV":0.0008617318517580742,
       "Baseline MG94xREV omega ratio":0.2299713640178258,
       "Corrected P-value":null,
       "Full adaptive model":0.000862587900174064,
       "Full adaptive model (non-synonymous subs/site)":0.0002866725297820487,
       "Full adaptive model (synonymous subs/site)":0.0005759153703920162,
       "LRT":null,
       "Nucleotide GTR":0.0008557859883658374,
       "Rate Distributions":        [
[0.2094604603241053, 1] 
        ],
       "Rate classes":1,
       "Uncorrected P-value":null,
       "original name":"km055558_229e_s_china_2009_1"
      },
     "km055559_229e_s_china_2005_1":{
       "Baseline MG94xREV":0.001435044427528181,
       "Baseline MG94xREV omega ratio":0.1147928330096346,
       "Corrected P-value":null,
       "Full adaptive model":0.001437444472605705,
       "Full adaptive model (non-synonymous subs/site)":0.0002865120977725878,
       "Full adaptive model (synonymous subs/site)":0.001150932374833117,
       "LRT":null,
       "Nucleotide GTR":0.001399613165714329,
       "Rate Distributions":        [
[0.104753321399024, 1] 
        ],
       "Rate classes":1,
       "Uncorrected P-value":null,
       "original name":"km055559_229e_s_china_2005_1"
      },
     "km055560_229e_s_china_2009_1":{
       "Baseline MG94xREV":0.001149495234639526,
       "Baseline MG94xREV omega ratio":0.4592225532978164,
       "Corrected P-value":null,
       "Full adaptive model":0.001149520853742331,
       "Full adaptive model (non-synonymous subs/site)":0.0005732962484251493,
       "Full adaptive model (synonymous subs/site)":0.0005762246053171807,
       "LRT":null,
       "Nucleotide GTR":0.001141131261342319,
       "Rate Distributions":        [
[0.4186604585748804, 1] 
        ],
       "Rate classes":1,
       "Uncorrected P-value":null,
       "original name":"km055560_229e_s_china_2009_1"
      },
     "mt438696_229e_s_usa_albuquerque_new_mexico_09_feb_2016_2":{
       "Baseline MG94xREV":0.001439621344026678,
       "Baseline MG94xREV omega ratio":1.840555454973591,
       "Corrected P-value":null,
       "Full adaptive model":0.001436743445030668,
       "Full adaptive model (non-synonymous subs/site)":0.00114854892743597,
       "Full adaptive model (synonymous subs/site)":0.0002881945175946999,
       "LRT":null,
       "Nucleotide GTR":0.001428173318541214,
       "Rate Distributions":        [
[1.677020725348936, 1] 
        ],
       "Rate classes":1,
       "Uncorrected P-value":null,
       "original name":"mt438696_229e_s_usa_albuquerque_new_mexico_09_feb_2016_2"
      },
     "mt438697_229e_s_usa_little_rock_arkansas_24_feb_2017_4":{
       "Baseline MG94xREV":0,
       "Baseline MG94xREV omega ratio":1,
       "Corrected P-value":null,
       "Full adaptive model":0,
       "Full adaptive model (non-synonymous subs/site)":1e-10,
       "Full adaptive model (synonymous subs/site)":1e-10,
       "LRT":null,
       "Nucleotide GTR":0,
       "Rate Distributions":        [
[1, 1] 
        ],
       "Rate classes":1,
       "Uncorrected P-value":null,
       "original name":"mt438697_229e_s_usa_little_rock_arkansas_24_feb_2017_4"
      },
     "mt438698_229e_s_usa_little_rock_arkansas_24_feb_2017_2":{
       "Baseline MG94xREV":0.0005745129949868332,
       "Baseline MG94xREV omega ratio":0,
       "Corrected P-value":null,
       "Full adaptive model":0.0005763671552520983,
       "Full adaptive model (non-synonymous subs/site)":1e-10,
       "Full adaptive model (synonymous subs/site)":0.0005763671552520983,
       "LRT":null,
       "Nucleotide GTR":0.0005691771503597761,
       "Rate Distributions":        [
[0, 1] 
        ],
       "Rate classes":1,
       "Uncorrected P-value":null,
       "original name":"mt438698_229e_s_usa_little_rock_arkansas_24_feb_2017_2"
      },
     "mt438700_229e_s_usa_little_rock_arkansas_27_jan_2017_2":{
       "Baseline MG94xREV":0.002011039766026879,
       "Baseline MG94xREV omega ratio":0.6134464417270312,
       "Corrected P-value":null,
       "Full adaptive model":0.002011178630236675,
       "Full adaptive model (non-synonymous subs/site)":0.001147165651681033,
       "Full adaptive model (synonymous subs/site)":0.0008640129785556443,
       "LRT":null,
       "Nucleotide GTR":0.001995480798152225,
       "Rate Distributions":        [
[0.5587023689904448, 1] 
        ],
       "Rate classes":1,
       "Uncorrected P-value":null,
       "original name":"mt438700_229e_s_usa_little_rock_arkansas_27_jan_2017_2"
      }
    },
   "attributes":{
     "Baseline MG94xREV":{
       "attribute type":"branch length",
       "display order":1
      },
     "Baseline MG94xREV omega ratio":{
       "attribute type":"branch label",
       "display order":1
      },
     "Corrected P-value":{
       "attribute type":"branch label",
       "display order":6
      },
     "Full adaptive model":{
       "attribute type":"branch length",
       "display order":2
      },
     "Full adaptive model (non-synonymous subs/site)":{
       "attribute type":"branch label",
       "display order":10
      },
     "Full adaptive model (synonymous subs/site)":{
       "attribute type":"branch label",
       "display order":9
      },
     "LRT":{
       "attribute type":"branch label",
       "display order":4
      },
     "Nucleotide GTR":{
       "attribute type":"branch length",
       "display order":0
      },
     "Rate Distributions":{
       "attribute type":"branch label",
       "display order":3
      },
     "Rate classes":{
       "attribute type":"branch label",
       "display order":2
      },
     "Uncorrected P-value":{
       "attribute type":"branch label",
       "display order":5
      },
     "original name":{
       "attribute type":"node label",
       "display order":-1
      }
    }
  },
 "data partitions":{
   "0":{
     "coverage":      [
[0, 1, 2, 3, 4, 5, 6, 7, 8, 9, 10, 11, 12, 13, 14, 15, 16, 17, 18, 19, 20, 21, 22, 23, 24, 25, 26, 27, 28, 29, 30, 31, 32, 33, 34, 35, 36, 37, 38, 39, 40, 41, 42, 43, 44, 45, 46, 47, 48, 49, 50, 51, 52, 53, 54, 55, 56, 57, 58, 59, 60, 61, 62, 63, 64, 65, 66, 67, 68, 69, 70, 71, 72, 73, 74, 75, 76, 77, 78, 79, 80, 81, 82, 83, 84, 85, 86, 87, 88, 89, 90, 91, 92, 93, 94, 95, 96, 97, 98, 99, 100, 101, 102, 103, 104, 105, 106, 107, 108, 109, 110, 111, 112, 113, 114, 115, 116, 117, 118, 119, 120, 121, 122, 123, 124, 125, 126, 127, 128, 129, 130, 131, 132, 133, 134, 135, 136, 137, 138, 139, 140, 141, 142, 143, 144, 145, 146, 147, 148, 149, 150, 151, 152, 153, 154, 155, 156, 157, 158, 159, 160, 161, 162, 163, 164, 165, 166, 167, 168, 169, 170, 171, 172, 173, 174, 175, 176, 177, 178, 179, 180, 181, 182, 183, 184, 185, 186, 187, 188, 189, 190, 191, 192, 193, 194, 195, 196, 197, 198, 199, 200, 201, 202, 203, 204, 205, 206, 207, 208, 209, 210, 211, 212, 213, 214, 215, 216, 217, 218, 219, 220, 221, 222, 223, 224, 225, 226, 227, 228, 229, 230, 231, 232, 233, 234, 235, 236, 237, 238, 239, 240, 241, 242, 243, 244, 245, 246, 247, 248, 249, 250, 251, 252, 253, 254, 255, 256, 257, 258, 259, 260, 261, 262, 263, 264, 265, 266, 267, 268, 269, 270, 271, 272, 273, 274, 275, 276, 277, 278, 279, 280, 281, 282, 283, 284, 285, 286, 287, 288, 289, 290, 291, 292, 293, 294, 295, 296, 297, 298, 299, 300, 301, 302, 303, 304, 305, 306, 307, 308, 309, 310, 311, 312, 313, 314, 315, 316, 317, 318, 319, 320, 321, 322, 323, 324, 325, 326, 327, 328, 329, 330, 331, 332, 333, 334, 335, 336, 337, 338, 339, 340, 341, 342, 343, 344, 345, 346, 347, 348, 349, 350, 351, 352, 353, 354, 355, 356, 357, 358, 359, 360, 361, 362, 363, 364, 365, 366, 367, 368, 369, 370, 371, 372, 373, 374, 375, 376, 377, 378, 379, 380, 381, 382, 383, 384, 385, 386, 387, 388, 389, 390, 391, 392, 393, 394, 395, 396, 397, 398, 399, 400, 401, 402, 403, 404, 405, 406, 407, 408, 409, 410, 411, 412, 413, 414, 415, 416, 417, 418, 419, 420, 421, 422, 423, 424, 425, 426, 427, 428, 429, 430, 431, 432, 433, 434, 435, 436, 437, 438, 439, 440, 441, 442, 443, 444, 445, 446, 447, 448, 449, 450, 451, 452, 453, 454, 455, 456, 457, 458, 459, 460, 461, 462, 463, 464, 465, 466, 467, 468, 469, 470, 471, 472, 473, 474, 475, 476, 477, 478, 479, 480, 481, 482, 483, 484, 485, 486, 487, 488, 489, 490, 491, 492, 493, 494, 495, 496, 497, 498, 499, 500, 501, 502, 503, 504, 505, 506, 507, 508, 509, 510, 511, 512, 513, 514, 515, 516, 517, 518, 519, 520, 521, 522, 523, 524, 525, 526, 527, 528, 529, 530, 531, 532, 533, 534, 535, 536, 537, 538, 539, 540, 541, 542, 543, 544, 545, 546, 547, 548, 549, 550, 551, 552, 553, 554, 555, 556, 557, 558, 559, 560, 561, 562, 563, 564, 565, 566, 567, 568, 569, 570, 571, 572, 573, 574, 575, 576, 577, 578, 579, 580, 581, 582, 583, 584, 585, 586, 587, 588, 589, 590, 591, 592, 593, 594, 595, 596, 597, 598, 599, 600, 601, 602, 603, 604, 605, 606, 607, 608, 609, 610, 611, 612, 613, 614, 615, 616, 617, 618, 619, 620, 621, 622, 623, 624, 625, 626, 627, 628, 629, 630, 631, 632, 633, 634, 635, 636, 637, 638, 639, 640, 641, 642, 643, 644, 645, 646, 647, 648, 649, 650, 651, 652, 653, 654, 655, 656, 657, 658, 659, 660, 661, 662, 663, 664, 665, 666, 667, 668, 669, 670, 671, 672, 673, 674, 675, 676, 677, 678, 679, 680, 681, 682, 683, 684, 685, 686, 687, 688, 689, 690, 691, 692, 693, 694, 695, 696, 697, 698, 699, 700, 701, 702, 703, 704, 705, 706, 707, 708, 709, 710, 711, 712, 713, 714, 715, 716, 717, 718, 719, 720, 721, 722, 723, 724, 725, 726, 727, 728, 729, 730, 731, 732, 733, 734, 735, 736, 737, 738, 739, 740, 741, 742, 743, 744, 745, 746, 747, 748, 749, 750, 751, 752, 753, 754, 755, 756, 757, 758, 759, 760, 761, 762, 763, 764, 765, 766, 767, 768, 769, 770, 771, 772, 773, 774, 775, 776, 777, 778, 779, 780, 781, 782, 783, 784, 785, 786, 787, 788, 789, 790, 791, 792, 793, 794, 795, 796, 797, 798, 799, 800, 801, 802, 803, 804, 805, 806, 807, 808, 809, 810, 811, 812, 813, 814, 815, 816, 817, 818, 819, 820, 821, 822, 823, 824, 825, 826, 827, 828, 829, 830, 831, 832, 833, 834, 835, 836, 837, 838, 839, 840, 841, 842, 843, 844, 845, 846, 847, 848, 849, 850, 851, 852, 853, 854, 855, 856, 857, 858, 859, 860, 861, 862, 863, 864, 865, 866, 867, 868, 869, 870, 871, 872, 873, 874, 875, 876, 877, 878, 879, 880, 881, 882, 883, 884, 885, 886, 887, 888, 889, 890, 891, 892, 893, 894, 895, 896, 897, 898, 899, 900, 901, 902, 903, 904, 905, 906, 907, 908, 909, 910, 911, 912, 913, 914, 915, 916, 917, 918, 919, 920, 921, 922, 923, 924, 925, 926, 927, 928, 929, 930, 931, 932, 933, 934, 935, 936, 937, 938, 939, 940, 941, 942, 943, 944, 945, 946, 947, 948, 949, 950, 951, 952, 953, 954, 955, 956, 957, 958, 959, 960, 961, 962, 963, 964, 965, 966, 967, 968, 969, 970, 971, 972, 973, 974, 975, 976, 977, 978, 979, 980, 981, 982, 983, 984, 985, 986, 987, 988, 989, 990, 991, 992, 993, 994, 995, 996, 997, 998, 999, 1000, 1001, 1002, 1003, 1004, 1005, 1006, 1007, 1008, 1009, 1010, 1011, 1012, 1013, 1014, 1015, 1016, 1017, 1018, 1019, 1020, 1021, 1022, 1023, 1024, 1025, 1026, 1027, 1028, 1029, 1030, 1031, 1032, 1033, 1034, 1035, 1036, 1037, 1038, 1039, 1040, 1041, 1042, 1043, 1044, 1045, 1046, 1047, 1048, 1049, 1050, 1051, 1052, 1053, 1054, 1055, 1056, 1057, 1058, 1059, 1060, 1061, 1062, 1063, 1064, 1065, 1066, 1067, 1068, 1069, 1070, 1071, 1072, 1073, 1074, 1075, 1076, 1077, 1078, 1079, 1080, 1081, 1082, 1083, 1084, 1085, 1086, 1087, 1088, 1089, 1090, 1091, 1092, 1093, 1094, 1095, 1096, 1097, 1098, 1099, 1100, 1101, 1102, 1103, 1104, 1105, 1106, 1107, 1108, 1109, 1110, 1111, 1112, 1113, 1114, 1115, 1116, 1117, 1118, 1119, 1120, 1121, 1122, 1123, 1124, 1125, 1126, 1127, 1128, 1129, 1130, 1131, 1132, 1133, 1134, 1135, 1136, 1137, 1138, 1139, 1140, 1141, 1142, 1143, 1144, 1145, 1146, 1147, 1148, 1149, 1150, 1151, 1152, 1153, 1154, 1155, 1156, 1157, 1158, 1159, 1160, 1161, 1162, 1163, 1164, 1165, 1166, 1167, 1168, 1169, 1170, 1171, 1172, 1173, 1174] 
      ],
     "name":"absrel.filter.default"
    }
  },
 "fits":{
   "Baseline MG94xREV":{
     "AIC-c":14772.05430060554,
     "Equilibrium frequencies":      [
[0.01964681275121332],
      [0.01485108670075141],
      [0.01396067916444372],
      [0.0441351538265105],
      [0.01499380970274238],
      [0.01133386726334241],
      [0.01065433713668302],
      [0.03368251665324662],
      [0.01113975080579423],
      [0.00842057218830055],
      [0.007915710753742606],
      [0.02502465013681976],
      [0.0196958198112184],
      [0.0148881312894234],
      [0.01399550271827849],
      [0.04424524466716229],
      [0.009010449138294414],
      [0.006811026452993359],
      [0.006402666485407317],
      [0.02024132686560133],
      [0.006876482278657751],
      [0.005197954284479048],
      [0.004886307213692717],
      [0.01544752357529801],
      [0.005108928319311455],
      [0.003861854763864075],
      [0.003630314496464225],
      [0.01147684055000228],
      [0.009032924825683755],
      [0.006828015894807907],
      [0.006418637313073679],
      [0.02029181688313478],
      [0.01910662724828203],
      [0.01444275880349356],
      [0.01357683285862286],
      [0.04292166588988571],
      [0.01458155766279602],
      [0.01102224466758946],
      [0.01036139809677574],
      [0.03275642205313384],
      [0.01083346540633749],
      [0.008189050104789805],
      [0.007698069742515225],
      [0.02433660198412371],
      [0.0191542868681862],
      [0.01447878485801368],
      [0.01361069894525008],
      [0.04302872980312293],
      [0.01406065898910335],
      [0.04178612379623274],
      [0.01419578576476177],
      [0.01073063849324619],
      [0.01008727537940103],
      [0.03188981319004306],
      [0.007972399354912611],
      [0.007494408443465733],
      [0.02369274915603572],
      [0.01864753815371342],
      [0.01409573193286861],
      [0.01325061223249247],
      [0.04189035521036556] 
      ],
     "Log Likelihood":-7220.932442330432,
     "Rate Distributions":{
       "Per-branch omega":{
         "2.5%":0.1010741177678975,
         "97.5%":2.349217463025278,
         "Mean":208333333.9643025,
         "Median":0.460996527754613
        }
      },
     "display order":1,
     "estimated parameters":174
    },
   "Full adaptive model":{
     "AIC-c":14772.05430060554,
     "Log Likelihood":-7205.470883335602,
     "Rate Distributions":{
      },
     "display order":2,
     "estimated parameters":180
    },
   "Nucleotide GTR":{
     "AIC-c":14772.05430060554,
     "Equilibrium frequencies":      [
[0.2604673807205453],
      [0.1825108047626369],
      [0.2036562519573846],
      [0.3533655625594334] 
      ],
     "Log Likelihood":-7482.482019630236,
     "Rate Distributions":{
       "Substitution rate from nucleotide A to nucleotide C":0.6246556357797711,
       "Substitution rate from nucleotide A to nucleotide G":1,
       "Substitution rate from nucleotide A to nucleotide T":0.2004629185554433,
       "Substitution rate from nucleotide C to nucleotide G":0.3226175537743484,
       "Substitution rate from nucleotide C to nucleotide T":2.709206301388388,
       "Substitution rate from nucleotide G to nucleotide T":0.6431725393786664
      },
     "display order":0,
     "estimated parameters":105
    }
  },
 "input":{
   "file name":"/data/shares/veg/SARS-CoV-2/coronavirus-comparative-data/data/catted/229E_S.catted.qa.fasta_protein.aligned.compressed.codon.fas",
   "number of sequences":50,
   "number of sites":1175,
   "partition count":1,
   "trees":{
     "0":"((gb_JX503061_Organism_Human_coronavirus_229E_Strain_Name_J0304_Segment_null_Host_Human_1,((gb_KY674919_Organism_Human_coronavirus_229E_Strain_Name_N08_434B_Segment_null_Host_Human_1,km055559_229e_s_china_2005_1)Node4,(km055557_229e_s_china_2005_1,(km055551_229e_s_china_2007_1,km055555_229e_s_china_2008_1,((km055546_229e_s_china_2009_2,km055538_229e_s_china_2010_1,gb_JX503060_Organism_Human_coronavirus_229E_Strain_Name_0349_Segment_null_Host_Human_1,km055545_229e_s_china_2009_1,km055543_229e_s_china_2010_1)Node18,km055532_229e_s_china_2009_2,km055534_229e_s_china_2009_1)Node14)Node10,((km055553_229e_s_china_2009_1,(((km055548_229e_s_china_2011_1,km055531_229e_s_china_2011_1)Node70,(((gb_MF542265_Organism_Human_coronavirus_229E_Strain_Name_229E_Haiti_1_2016_Segment_null_Host_Human_1,gb_KY684760_Organism_Human_coronavirus_229E_Strain_Name_HCoV_229E_Seattle_USA_SC2282_2017_Segment_null_Host_Human_1)Node36,gb_KU291448_Organism_Human_coronavirus_229E_Strain_Name_HCoV_229E_BN1_GER_2015_Segment_null_Host_Human_1)Node35,(((gb_KY369914_Organism_Human_coronavirus_229E_Strain_Name_HCoV_229E_Seattle_USA_SC9773_2016_Segment_null_Host_Human_1,gb_KY369912_Organism_Human_coronavirus_229E_Strain_Name_HCoV_229E_Seattle_USA_SC9731_2016_Segment_null_Host_Human_1)Node42,(gb_MN369046_Organism_Human_coronavirus_229E_Strain_Name_HCoV_229E_Seattle_USA_SC9724_2018_Segment_null_Host_Human_1,gb_MN306046_Organism_Human_coronavirus_229E_Strain_Name_HCoV_229E_Seattle_USA_SC0865_2019_Segment_null_Host_Human_1)Node45)Node41,((gb_KY369911_Organism_Human_coronavirus_229E_Strain_Name_HCoV_229E_Seattle_USA_SC1212_2016_Segment_null_Host_Human_2,mt438696_229e_s_usa_albuquerque_new_mexico_09_feb_2016_2)Node49,(gb_KY983587_Organism_Human_coronavirus_229E_Strain_Name_HCoV_229E_Seattle_USA_SC3112_2015_Segment_null_Host_Human_1,gb_KY369913_Organism_Human_coronavirus_229E_Strain_Name_HCoV_229E_Seattle_USA_SC1073_2016_Segment_null_Host_Human_1,gb_KY369908_Organism_Human_coronavirus_229E_Strain_Name_HCoV_229E_Seattle_USA_SC579_2016_Segment_null_Host_Human_1,(mt438697_229e_s_usa_little_rock_arkansas_24_feb_2017_4,mt438698_229e_s_usa_little_rock_arkansas_24_feb_2017_2)Node59,gb_KY967357_Organism_Human_coronavirus_229E_Strain_Name_HCoV_229E_Seattle_USA_SC2872_2015_Segment_null_Host_Human_1,gb_KY369909_Organism_Human_coronavirus_229E_Strain_Name_HCoV_229E_Seattle_USA_SC677_2016_Segment_null_Host_Human_3,mt438700_229e_s_usa_little_rock_arkansas_27_jan_2017_2)Node52)Node48)Node40)Node34,km055550_229e_s_china_2011_1,km055549_229e_s_china_2011_1)Node32,(km055544_229e_s_china_2011_1,(km055536_229e_s_china_2009_1,km055535_229e_s_china_2009_1)Node76,km055537_229e_s_china_2009_5)Node73)Node31,km055560_229e_s_china_2009_1)Node28,km055552_229e_s_china_2007_2,km055556_229e_s_china_2008_1,km055558_229e_s_china_2009_1)Node27)Node7)Node3)Node1,((kf514430_229e_s_usa_nashville_tn_18_mar_1993_2,(((229E_lcl_NC_002645_1_cds_NP_073551_1_3_gene_S_locus_tag_HCoV229Egp2_db_xref_GeneID_918758_protein_surface_glycoprotein_protein_id_NP_073551_1_location_20570_24091_gbkey_CDS__1,kf293664_229e_s_sweden_no_value_3)Node91,kf514429_229e_s_usa_nashville_tn_07_feb_1989_1)Node90,kf514432_229e_s_usa_nashville_tn_22_feb_1993_2)Node89)Node87,kf514433_229e_s_usa_nashville_tn_11_mar_1993_2)Node86,kf514431_229e_s_usa_nashville_tn_23_mar_1995_1)"
    }
  },
 "test results":{
   "P-value threshold":0.05,
   "positive test results":0,
   "tested":30
  },
 "tested":{
   "0":{
     "229E_lcl_NC_002645_1_cds_NP_073551_1_3_gene_S_locus_tag_HCoV229Egp2_db_xref_GeneID_918758_protein_surface_glycoprotein_protein_id_NP_073551_1_location_20570_24091_gbkey_CDS__1":"background",
     "Node1":"test",
     "Node10":"test",
     "Node14":"test",
     "Node18":"test",
     "Node27":"test",
     "Node28":"test",
     "Node3":"test",
     "Node31":"test",
     "Node32":"test",
     "Node34":"test",
     "Node35":"test",
     "Node36":"test",
     "Node4":"test",
     "Node40":"test",
     "Node41":"test",
     "Node42":"test",
     "Node45":"test",
     "Node48":"test",
     "Node49":"test",
     "Node52":"test",
     "Node59":"test",
     "Node7":"test",
     "Node70":"test",
     "Node73":"test",
     "Node76":"test",
     "Node86":"test",
     "Node87":"test",
     "Node89":"test",
     "Node90":"test",
     "Node91":"test",
     "gb_JX503060_Organism_Human_coronavirus_229E_Strain_Name_0349_Segment_null_Host_Human_1":"background",
     "gb_JX503061_Organism_Human_coronavirus_229E_Strain_Name_J0304_Segment_null_Host_Human_1":"background",
     "gb_KU291448_Organism_Human_coronavirus_229E_Strain_Name_HCoV_229E_BN1_GER_2015_Segment_null_Host_Human_1":"background",
     "gb_KY369908_Organism_Human_coronavirus_229E_Strain_Name_HCoV_229E_Seattle_USA_SC579_2016_Segment_null_Host_Human_1":"background",
     "gb_KY369909_Organism_Human_coronavirus_229E_Strain_Name_HCoV_229E_Seattle_USA_SC677_2016_Segment_null_Host_Human_3":"background",
     "gb_KY369911_Organism_Human_coronavirus_229E_Strain_Name_HCoV_229E_Seattle_USA_SC1212_2016_Segment_null_Host_Human_2":"background",
     "gb_KY369912_Organism_Human_coronavirus_229E_Strain_Name_HCoV_229E_Seattle_USA_SC9731_2016_Segment_null_Host_Human_1":"background",
     "gb_KY369913_Organism_Human_coronavirus_229E_Strain_Name_HCoV_229E_Seattle_USA_SC1073_2016_Segment_null_Host_Human_1":"background",
     "gb_KY369914_Organism_Human_coronavirus_229E_Strain_Name_HCoV_229E_Seattle_USA_SC9773_2016_Segment_null_Host_Human_1":"background",
     "gb_KY674919_Organism_Human_coronavirus_229E_Strain_Name_N08_434B_Segment_null_Host_Human_1":"background",
     "gb_KY684760_Organism_Human_coronavirus_229E_Strain_Name_HCoV_229E_Seattle_USA_SC2282_2017_Segment_null_Host_Human_1":"background",
     "gb_KY967357_Organism_Human_coronavirus_229E_Strain_Name_HCoV_229E_Seattle_USA_SC2872_2015_Segment_null_Host_Human_1":"background",
     "gb_KY983587_Organism_Human_coronavirus_229E_Strain_Name_HCoV_229E_Seattle_USA_SC3112_2015_Segment_null_Host_Human_1":"background",
     "gb_MF542265_Organism_Human_coronavirus_229E_Strain_Name_229E_Haiti_1_2016_Segment_null_Host_Human_1":"background",
     "gb_MN306046_Organism_Human_coronavirus_229E_Strain_Name_HCoV_229E_Seattle_USA_SC0865_2019_Segment_null_Host_Human_1":"background",
     "gb_MN369046_Organism_Human_coronavirus_229E_Strain_Name_HCoV_229E_Seattle_USA_SC9724_2018_Segment_null_Host_Human_1":"background",
     "kf293664_229e_s_sweden_no_value_3":"background",
     "kf514429_229e_s_usa_nashville_tn_07_feb_1989_1":"background",
     "kf514430_229e_s_usa_nashville_tn_18_mar_1993_2":"background",
     "kf514431_229e_s_usa_nashville_tn_23_mar_1995_1":"background",
     "kf514432_229e_s_usa_nashville_tn_22_feb_1993_2":"background",
     "kf514433_229e_s_usa_nashville_tn_11_mar_1993_2":"background",
     "km055531_229e_s_china_2011_1":"background",
     "km055532_229e_s_china_2009_2":"background",
     "km055534_229e_s_china_2009_1":"background",
     "km055535_229e_s_china_2009_1":"background",
     "km055536_229e_s_china_2009_1":"background",
     "km055537_229e_s_china_2009_5":"background",
     "km055538_229e_s_china_2010_1":"background",
     "km055543_229e_s_china_2010_1":"background",
     "km055544_229e_s_china_2011_1":"background",
     "km055545_229e_s_china_2009_1":"background",
     "km055546_229e_s_china_2009_2":"background",
     "km055548_229e_s_china_2011_1":"background",
     "km055549_229e_s_china_2011_1":"background",
     "km055550_229e_s_china_2011_1":"background",
     "km055551_229e_s_china_2007_1":"background",
     "km055552_229e_s_china_2007_2":"background",
     "km055553_229e_s_china_2009_1":"background",
     "km055555_229e_s_china_2008_1":"background",
     "km055556_229e_s_china_2008_1":"background",
     "km055557_229e_s_china_2005_1":"background",
     "km055558_229e_s_china_2009_1":"background",
     "km055559_229e_s_china_2005_1":"background",
     "km055560_229e_s_china_2009_1":"background",
     "mt438696_229e_s_usa_albuquerque_new_mexico_09_feb_2016_2":"background",
     "mt438697_229e_s_usa_little_rock_arkansas_24_feb_2017_4":"background",
     "mt438698_229e_s_usa_little_rock_arkansas_24_feb_2017_2":"background",
     "mt438700_229e_s_usa_little_rock_arkansas_27_jan_2017_2":"background"
    }
  },
 "timers":{
   "Baseline model fitting":{
     "order":2,
     "timer":17
    },
   "Complexity analysis":{
     "order":3,
     "timer":240
    },
   "Full adaptive model fitting":{
     "order":4,
     "timer":32
    },
   "Overall":{
     "order":0,
     "timer":484
    },
   "Preliminary model fitting":{
     "order":1,
     "timer":2
    },
   "Testing for selection":{
     "order":5,
     "timer":192
    }
  }
}