{
 "analysis":{
   "authors":"Sergei L Kosakovsky Pond, Ben Murrell, Steven Weaver and Temple iGEM / UCSD viral evolution group",
   "citation":"Less Is More: An Adaptive Branch-Site Random Effects Model for Efficient Detection of Episodic Diversifying Selection (2015). Mol Biol Evol 32 (5): 1342-1353. v2.2 adds support for multiple-hit models",
   "contact":"spond@temple.edu",
   "info":"aBSREL (Adaptive branch-site random effects likelihood)\n                            uses an adaptive random effects branch-site model framework\n                            to test whether each branch has evolved under positive selection,\n                            using a procedure which infers an optimal number of rate categories per branch.",
   "requirements":"in-frame codon alignment and a phylogenetic tree",
   "version":"2.2"
  },
 "branch attributes":{
   "0":{
     "229E_lcl_NC_002645_1_cds_NP_073554_1_6_gene_E_locus_tag_HCoV229Egp5_db_xref_GeneID_918761_protein_envelope_protein_protein_id_NP_073554_1_location_24750_24983_gbkey_CDS__4":{
       "Baseline MG94xREV":0,
       "Baseline MG94xREV omega ratio":1,
       "Corrected P-value":null,
       "Full adaptive model":0,
       "Full adaptive model (non-synonymous subs/site)":1e-10,
       "Full adaptive model (synonymous subs/site)":1e-10,
       "LRT":null,
       "Nucleotide GTR":0,
       "Rate Distributions":        [
[1, 1] 
        ],
       "Rate classes":1,
       "Uncorrected P-value":null,
       "original name":"229E_lcl_NC_002645_1_cds_NP_073554_1_6_gene_E_locus_tag_HCoV229Egp5_db_xref_GeneID_918761_protein_envelope_protein_protein_id_NP_073554_1_location_24750_24983_gbkey_CDS__4"
      },
     "Node6":{
       "Baseline MG94xREV":0.004648964722657369,
       "Baseline MG94xREV omega ratio":0,
       "Corrected P-value":1,
       "Full adaptive model":0.004648369390368908,
       "Full adaptive model (non-synonymous subs/site)":1e-10,
       "Full adaptive model (synonymous subs/site)":0.004648369390368908,
       "LRT":0,
       "Nucleotide GTR":0.00435754057177518,
       "Rate Distributions":        [
[0, 1] 
        ],
       "Rate classes":1,
       "Uncorrected P-value":1
      },
     "Node7":{
       "Baseline MG94xREV":0.004239753097366993,
       "Baseline MG94xREV omega ratio":10000000000,
       "Corrected P-value":0.523683980001598,
       "Full adaptive model":0.004235895339230642,
       "Full adaptive model (non-synonymous subs/site)":0.004235895339230642,
       "Full adaptive model (synonymous subs/site)":1e-10,
       "LRT":0.8866826900608658,
       "Nucleotide GTR":0.004343127258987424,
       "Rate Distributions":        [
[10000000000, 1] 
        ],
       "Rate classes":1,
       "Uncorrected P-value":0.261841990000799
      },
     "gb_KU291448_Organism_Human_coronavirus_229E_Strain_Name_HCoV_229E_BN1_GER_2015_Segment_null_Host_Human_1":{
       "Baseline MG94xREV":0.004270950835775748,
       "Baseline MG94xREV omega ratio":10000000000,
       "Corrected P-value":null,
       "Full adaptive model":0.004275761776088858,
       "Full adaptive model (non-synonymous subs/site)":0.004275761776088858,
       "Full adaptive model (synonymous subs/site)":1e-10,
       "LRT":null,
       "Nucleotide GTR":0.004382492736101783,
       "Rate Distributions":        [
[10000000000, 1] 
        ],
       "Rate classes":1,
       "Uncorrected P-value":null,
       "original name":"gb_KU291448_Organism_Human_coronavirus_229E_Strain_Name_HCoV_229E_BN1_GER_2015_Segment_null_Host_Human_1"
      },
     "gb_KY369912_Organism_Human_coronavirus_229E_Strain_Name_HCoV_229E_Seattle_USA_SC9731_2016_Segment_null_Host_Human_1":{
       "Baseline MG94xREV":0.004633747093521133,
       "Baseline MG94xREV omega ratio":0,
       "Corrected P-value":null,
       "Full adaptive model":0.00463207395730075,
       "Full adaptive model (non-synonymous subs/site)":1e-10,
       "Full adaptive model (synonymous subs/site)":0.00463207395730075,
       "LRT":null,
       "Nucleotide GTR":0.004357540567792675,
       "Rate Distributions":        [
[0, 1] 
        ],
       "Rate classes":1,
       "Uncorrected P-value":null,
       "original name":"gb_KY369912_Organism_Human_coronavirus_229E_Strain_Name_HCoV_229E_Seattle_USA_SC9731_2016_Segment_null_Host_Human_1"
      },
     "kf293664_229e_e_sweden_no_value_3":{
       "Baseline MG94xREV":0.004204202216072491,
       "Baseline MG94xREV omega ratio":10000000000,
       "Corrected P-value":null,
       "Full adaptive model":0.004203810919078798,
       "Full adaptive model (non-synonymous subs/site)":0.004203810919078798,
       "Full adaptive model (synonymous subs/site)":1e-10,
       "LRT":null,
       "Nucleotide GTR":0.004328694502472578,
       "Rate Distributions":        [
[10000000000, 1] 
        ],
       "Rate classes":1,
       "Uncorrected P-value":null,
       "original name":"kf293664_229e_e_sweden_no_value_3"
      },
     "kf514431_229e_e_usa_nashville_tn_23_mar_1995_6":{
       "Baseline MG94xREV":0,
       "Baseline MG94xREV omega ratio":1,
       "Corrected P-value":null,
       "Full adaptive model":0,
       "Full adaptive model (non-synonymous subs/site)":1e-10,
       "Full adaptive model (synonymous subs/site)":1e-10,
       "LRT":null,
       "Nucleotide GTR":0,
       "Rate Distributions":        [
[1, 1] 
        ],
       "Rate classes":1,
       "Uncorrected P-value":null,
       "original name":"kf514431_229e_e_usa_nashville_tn_23_mar_1995_6"
      },
     "mt438696_229e_e_usa_albuquerque_new_mexico_09_feb_2016_17":{
       "Baseline MG94xREV":0,
       "Baseline MG94xREV omega ratio":1,
       "Corrected P-value":null,
       "Full adaptive model":0,
       "Full adaptive model (non-synonymous subs/site)":1e-10,
       "Full adaptive model (synonymous subs/site)":1e-10,
       "LRT":null,
       "Nucleotide GTR":0,
       "Rate Distributions":        [
[1, 1] 
        ],
       "Rate classes":1,
       "Uncorrected P-value":null,
       "original name":"mt438696_229e_e_usa_albuquerque_new_mexico_09_feb_2016_17"
      },
     "mt438697_229e_e_usa_little_rock_arkansas_24_feb_2017_9":{
       "Baseline MG94xREV":0.004648963863614605,
       "Baseline MG94xREV omega ratio":0,
       "Corrected P-value":null,
       "Full adaptive model":0.00464837039539934,
       "Full adaptive model (non-synonymous subs/site)":1e-10,
       "Full adaptive model (synonymous subs/site)":0.00464837039539934,
       "LRT":null,
       "Nucleotide GTR":0.004357540572093582,
       "Rate Distributions":        [
[0, 1] 
        ],
       "Rate classes":1,
       "Uncorrected P-value":null,
       "original name":"mt438697_229e_e_usa_little_rock_arkansas_24_feb_2017_9"
      }
    },
   "attributes":{
     "Baseline MG94xREV":{
       "attribute type":"branch length",
       "display order":1
      },
     "Baseline MG94xREV omega ratio":{
       "attribute type":"branch label",
       "display order":1
      },
     "Corrected P-value":{
       "attribute type":"branch label",
       "display order":6
      },
     "Full adaptive model":{
       "attribute type":"branch length",
       "display order":2
      },
     "Full adaptive model (non-synonymous subs/site)":{
       "attribute type":"branch label",
       "display order":10
      },
     "Full adaptive model (synonymous subs/site)":{
       "attribute type":"branch label",
       "display order":9
      },
     "LRT":{
       "attribute type":"branch label",
       "display order":4
      },
     "Nucleotide GTR":{
       "attribute type":"branch length",
       "display order":0
      },
     "Rate Distributions":{
       "attribute type":"branch label",
       "display order":3
      },
     "Rate classes":{
       "attribute type":"branch label",
       "display order":2
      },
     "Uncorrected P-value":{
       "attribute type":"branch label",
       "display order":5
      },
     "original name":{
       "attribute type":"node label",
       "display order":-1
      }
    }
  },
 "data partitions":{
   "0":{
     "coverage":      [
[0, 1, 2, 3, 4, 5, 6, 7, 8, 9, 10, 11, 12, 13, 14, 15, 16, 17, 18, 19, 20, 21, 22, 23, 24, 25, 26, 27, 28, 29, 30, 31, 32, 33, 34, 35, 36, 37, 38, 39, 40, 41, 42, 43, 44, 45, 46, 47, 48, 49, 50, 51, 52, 53, 54, 55, 56, 57, 58, 59, 60, 61, 62, 63, 64, 65, 66, 67, 68, 69, 70, 71, 72, 73, 74, 75, 76, 77] 
      ],
     "name":"absrel.filter.default"
    }
  },
 "fits":{
   "Baseline MG94xREV":{
     "AIC-c":728.4364530942761,
     "Equilibrium frequencies":      [
[0.02613096586411809],
      [0.01565707816967574],
      [0.01729196012002062],
      [0.03973950171225859],
      [0.009006061553635871],
      [0.005396226472432658],
      [0.005959690048723668],
      [0.01369625602025169],
      [0.0106775301857376],
      [0.006397732316765556],
      [0.007065771204639026],
      [0.01623819537728873],
      [0.04299161314452028],
      [0.02575959308754508],
      [0.02844936019036389],
      [0.06538087007780347],
      [0.01804721880987602],
      [0.01081348148862264],
      [0.0119426044012474],
      [0.0274458849522047],
      [0.006219990654722169],
      [0.003726876396458235],
      [0.004116029652621746],
      [0.009459249633515458],
      [0.007374381973215519],
      [0.00441856131947382],
      [0.004879938983263657],
      [0.01121482713556548],
      [0.02969193918982164],
      [0.01779073208857776],
      [0.01964840607218027],
      [0.04515496573719998],
      [0.01645057170388686],
      [0.009856806994543339],
      [0.01088603579884367],
      [0.02501773282295426],
      [0.005669704752901823],
      [0.003397157647244199],
      [0.003751882306581495],
      [0.00862238475636793],
      [0.006721966453681292],
      [0.004027648834968848],
      [0.004448208169939235],
      [0.01022264537732302],
      [0.02706507744020447],
      [0.01621677650007946],
      [0.01791010107222765],
      [0.04116008175397447],
      [0.01227010164220382],
      [0.03114295783260076],
      [0.007057848818375333],
      [0.004228901879620042],
      [0.004670475669943242],
      [0.01073344922117194],
      [0.005013759588833376],
      [0.005537286709687115],
      [0.01272551018817729],
      [0.03369156475613957],
      [0.02018721641552198],
      [0.02229512667743558],
      [0.05123752418022097] 
      ],
     "Log Likelihood":-330.1625828015769,
     "Rate Distributions":{
       "Per-branch omega":{
         "2.5%":0,
         "97.5%":10000000000,
         "Mean":3333333333.666667,
         "Median":1
        }
      },
     "display order":1,
     "estimated parameters":32
    },
   "Full adaptive model":{
     "AIC-c":728.4364530942761,
     "Log Likelihood":-330.1597470149743,
     "Rate Distributions":{
      },
     "display order":2,
     "estimated parameters":32
    },
   "Nucleotide GTR":{
     "AIC-c":728.4364530942761,
     "Equilibrium frequencies":      [
[0.2850958565244279],
      [0.1675943104514533],
      [0.16573902288188],
      [0.3815708101422387] 
      ],
     "Log Likelihood":-345.8530331683432,
     "Rate Distributions":{
       "Substitution rate from nucleotide A to nucleotide C":0.9640110938209839,
       "Substitution rate from nucleotide A to nucleotide G":1,
       "Substitution rate from nucleotide A to nucleotide T":0,
       "Substitution rate from nucleotide C to nucleotide G":0,
       "Substitution rate from nucleotide C to nucleotide T":2.887680063569737,
       "Substitution rate from nucleotide G to nucleotide T":0
      },
     "display order":0,
     "estimated parameters":19
    }
  },
 "input":{
   "file name":"/data/shares/veg/SARS-CoV-2/coronavirus-comparative-data/data/catted/229E_E.catted.qa.fasta_protein.aligned.compressed.codon.fas",
   "number of sequences":7,
   "number of sites":78,
   "partition count":1,
   "trees":{
     "0":"(gb_KU291448_Organism_Human_coronavirus_229E_Strain_Name_HCoV_229E_BN1_GER_2015_Segment_null_Host_Human_1,gb_KY369912_Organism_Human_coronavirus_229E_Strain_Name_HCoV_229E_Seattle_USA_SC9731_2016_Segment_null_Host_Human_1,mt438696_229e_e_usa_albuquerque_new_mexico_09_feb_2016_17,((kf293664_229e_e_sweden_no_value_3,229E_lcl_NC_002645_1_cds_NP_073554_1_6_gene_E_locus_tag_HCoV229Egp5_db_xref_GeneID_918761_protein_envelope_protein_protein_id_NP_073554_1_location_24750_24983_gbkey_CDS__4)Node7,kf514431_229e_e_usa_nashville_tn_23_mar_1995_6)Node6,mt438697_229e_e_usa_little_rock_arkansas_24_feb_2017_9)"
    }
  },
 "test results":{
   "P-value threshold":0.05,
   "positive test results":0,
   "tested":2
  },
 "tested":{
   "0":{
     "229E_lcl_NC_002645_1_cds_NP_073554_1_6_gene_E_locus_tag_HCoV229Egp5_db_xref_GeneID_918761_protein_envelope_protein_protein_id_NP_073554_1_location_24750_24983_gbkey_CDS__4":"background",
     "Node6":"test",
     "Node7":"test",
     "gb_KU291448_Organism_Human_coronavirus_229E_Strain_Name_HCoV_229E_BN1_GER_2015_Segment_null_Host_Human_1":"background",
     "gb_KY369912_Organism_Human_coronavirus_229E_Strain_Name_HCoV_229E_Seattle_USA_SC9731_2016_Segment_null_Host_Human_1":"background",
     "kf293664_229e_e_sweden_no_value_3":"background",
     "kf514431_229e_e_usa_nashville_tn_23_mar_1995_6":"background",
     "mt438696_229e_e_usa_albuquerque_new_mexico_09_feb_2016_17":"background",
     "mt438697_229e_e_usa_little_rock_arkansas_24_feb_2017_9":"background"
    }
  },
 "timers":{
   "Baseline model fitting":{
     "order":2,
     "timer":1
    },
   "Complexity analysis":{
     "order":3,
     "timer":13
    },
   "Full adaptive model fitting":{
     "order":4,
     "timer":1
    },
   "Overall":{
     "order":0,
     "timer":16
    },
   "Preliminary model fitting":{
     "order":1,
     "timer":0
    },
   "Testing for selection":{
     "order":5,
     "timer":1
    }
  }
}