{
 "analysis":{
   "authors":"Sergei L Kosakovsky Pond, Ben Murrell, Steven Weaver and Temple iGEM / UCSD viral evolution group",
   "citation":"Less Is More: An Adaptive Branch-Site Random Effects Model for Efficient Detection of Episodic Diversifying Selection (2015). Mol Biol Evol 32 (5): 1342-1353. v2.2 adds support for multiple-hit models",
   "contact":"spond@temple.edu",
   "info":"aBSREL (Adaptive branch-site random effects likelihood)\n                            uses an adaptive random effects branch-site model framework\n                            to test whether each branch has evolved under positive selection,\n                            using a procedure which infers an optimal number of rate categories per branch.",
   "requirements":"in-frame codon alignment and a phylogenetic tree",
   "version":"2.2"
  },
 "branch attributes":{
   "0":{
     "229E_lcl_NC_002645_1_cds_NP_073549_1_1_locus_tag_HCoV229Egp1_db_xref_GeneID_918764_protein_replicase_polyprotein_1ab_protein_id_NP_073549_1_location_join_293_12520_12520_20568_gbkey_CDS__1":{
       "Baseline MG94xREV":0.00798910680827934,
       "Baseline MG94xREV omega ratio":0.1455245878417709,
       "Corrected P-value":null,
       "Full adaptive model":0.008029576191026665,
       "Full adaptive model (non-synonymous subs/site)":0.001721694254406187,
       "Full adaptive model (synonymous subs/site)":0.00630788193662048,
       "LRT":null,
       "Nucleotide GTR":0.007777026390936087,
       "Rate Distributions":        [
[0.110381845474015, 1] 
        ],
       "Rate classes":1,
       "Uncorrected P-value":null,
       "original name":"229E_lcl_NC_002645_1_cds_NP_073549_1_1_locus_tag_HCoV229Egp1_db_xref_GeneID_918764_protein_replicase_polyprotein_1ab_protein_id_NP_073549_1_location_join_293_12520_12520_20568_gbkey_CDS__1"
      },
     "Node10":{
       "Baseline MG94xREV":0.0001188498201929876,
       "Baseline MG94xREV omega ratio":0,
       "Corrected P-value":1,
       "Full adaptive model":0.0001222385800211515,
       "Full adaptive model (non-synonymous subs/site)":1e-10,
       "Full adaptive model (synonymous subs/site)":0.0001222385800211515,
       "LRT":0,
       "Nucleotide GTR":0.0001211426351876887,
       "Rate Distributions":        [
[0, 1] 
        ],
       "Rate classes":1,
       "Uncorrected P-value":1
      },
     "Node12":{
       "Baseline MG94xREV":0.001272665641144457,
       "Baseline MG94xREV omega ratio":0.05655527999645971,
       "Corrected P-value":1,
       "Full adaptive model":0.001287940308560913,
       "Full adaptive model (non-synonymous subs/site)":0.0001228813946661874,
       "Full adaptive model (synonymous subs/site)":0.001165058913894725,
       "LRT":0,
       "Nucleotide GTR":0.001247411327141539,
       "Rate Distributions":        [
[0.04265435916468836, 1] 
        ],
       "Rate classes":1,
       "Uncorrected P-value":1
      },
     "Node13":{
       "Baseline MG94xREV":0.0007605430703394282,
       "Baseline MG94xREV omega ratio":0.1019569605332382,
       "Corrected P-value":1,
       "Full adaptive model":0.000768603334649578,
       "Full adaptive model (non-synonymous subs/site)":0.0001228563681339512,
       "Full adaptive model (synonymous subs/site)":0.0006457469665156272,
       "LRT":0,
       "Nucleotide GTR":0.0007475974359387908,
       "Rate Distributions":        [
[0.07694146915283219, 1] 
        ],
       "Rate classes":1,
       "Uncorrected P-value":1
      },
     "Node16":{
       "Baseline MG94xREV":0.0003790710759870954,
       "Baseline MG94xREV omega ratio":0,
       "Corrected P-value":1,
       "Full adaptive model":0.0003850866149642082,
       "Full adaptive model (non-synonymous subs/site)":1e-10,
       "Full adaptive model (synonymous subs/site)":0.0003850866149642082,
       "LRT":0,
       "Nucleotide GTR":0.0003726842432800829,
       "Rate Distributions":        [
[0, 1] 
        ],
       "Rate classes":1,
       "Uncorrected P-value":1
      },
     "Node17":{
       "Baseline MG94xREV":0.0002525823598690977,
       "Baseline MG94xREV omega ratio":0,
       "Corrected P-value":1,
       "Full adaptive model":0.0002566071812344743,
       "Full adaptive model (non-synonymous subs/site)":1e-10,
       "Full adaptive model (synonymous subs/site)":0.0002566071812344743,
       "LRT":0,
       "Nucleotide GTR":0.0002486301632193906,
       "Rate Distributions":        [
[0, 1] 
        ],
       "Rate classes":1,
       "Uncorrected P-value":1
      },
     "Node20":{
       "Baseline MG94xREV":0.0006267492584080504,
       "Baseline MG94xREV omega ratio":0.342555134903833,
       "Corrected P-value":1,
       "Full adaptive model":0.0006309784765968924,
       "Full adaptive model (non-synonymous subs/site)":0.00024587593109868,
       "Full adaptive model (synonymous subs/site)":0.0003851025454982123,
       "LRT":0,
       "Nucleotide GTR":0.0006217570547947733,
       "Rate Distributions":        [
[0.2582050934053021, 1] 
        ],
       "Rate classes":1,
       "Uncorrected P-value":1
      },
     "Node21":{
       "Baseline MG94xREV":0.0006307456508825739,
       "Baseline MG94xREV omega ratio":0.1280834854899968,
       "Corrected P-value":1,
       "Full adaptive model":0.0006374978153121184,
       "Full adaptive model (non-synonymous subs/site)":0.0001228476677650657,
       "Full adaptive model (synonymous subs/site)":0.0005146501475470529,
       "LRT":0,
       "Nucleotide GTR":0.000621725189809075,
       "Rate Distributions":        [
[0.09653393086283621, 1] 
        ],
       "Rate classes":1,
       "Uncorrected P-value":1
      },
     "Node25":{
       "Baseline MG94xREV":0.0001256483638974533,
       "Baseline MG94xREV omega ratio":0,
       "Corrected P-value":1,
       "Full adaptive model":0.000127744294472911,
       "Full adaptive model (non-synonymous subs/site)":1e-10,
       "Full adaptive model (synonymous subs/site)":0.000127744294472911,
       "LRT":0,
       "Nucleotide GTR":0.0001240563466113192,
       "Rate Distributions":        [
[0, 1] 
        ],
       "Rate classes":1,
       "Uncorrected P-value":1
      },
     "Node3":{
       "Baseline MG94xREV":0.0001254788314142696,
       "Baseline MG94xREV omega ratio":0,
       "Corrected P-value":1,
       "Full adaptive model":0.0001274564702125006,
       "Full adaptive model (non-synonymous subs/site)":1e-10,
       "Full adaptive model (synonymous subs/site)":0.0001274564702125006,
       "LRT":0,
       "Nucleotide GTR":0.00012081477725621,
       "Rate Distributions":        [
[0, 1] 
        ],
       "Rate classes":1,
       "Uncorrected P-value":1
      },
     "Node30":{
       "Baseline MG94xREV":0.0001236999023610053,
       "Baseline MG94xREV omega ratio":10000000000,
       "Corrected P-value":1,
       "Full adaptive model":0.0001228918066935961,
       "Full adaptive model (non-synonymous subs/site)":0.0001228918066935961,
       "Full adaptive model (synonymous subs/site)":1e-10,
       "LRT":0.6553969670239894,
       "Nucleotide GTR":0.000124323926859532,
       "Rate Distributions":        [
[10000000000, 1] 
        ],
       "Rate classes":1,
       "Uncorrected P-value":0.2998120173339607
      },
     "Node36":{
       "Baseline MG94xREV":0.0001251947689057192,
       "Baseline MG94xREV omega ratio":0,
       "Corrected P-value":1,
       "Full adaptive model":0.0001273797152587503,
       "Full adaptive model (non-synonymous subs/site)":1e-10,
       "Full adaptive model (synonymous subs/site)":0.0001273797152587503,
       "LRT":0,
       "Nucleotide GTR":0.0001238836783669045,
       "Rate Distributions":        [
[0, 1] 
        ],
       "Rate classes":1,
       "Uncorrected P-value":1
      },
     "Node38":{
       "Baseline MG94xREV":0.0003812354313775988,
       "Baseline MG94xREV omega ratio":0,
       "Corrected P-value":1,
       "Full adaptive model":0.0003870101914139545,
       "Full adaptive model (non-synonymous subs/site)":1e-10,
       "Full adaptive model (synonymous subs/site)":0.0003870101914139545,
       "LRT":0,
       "Nucleotide GTR":0.0003734770529712837,
       "Rate Distributions":        [
[0, 1] 
        ],
       "Rate classes":1,
       "Uncorrected P-value":1
      },
     "Node5":{
       "Baseline MG94xREV":0.0002473066489363385,
       "Baseline MG94xREV omega ratio":10000000000,
       "Corrected P-value":1,
       "Full adaptive model":0.000245754318510623,
       "Full adaptive model (non-synonymous subs/site)":0.000245754318510623,
       "Full adaptive model (synonymous subs/site)":1e-10,
       "LRT":1.247144073942763,
       "Nucleotide GTR":0.0002559549432286437,
       "Rate Distributions":        [
[10000000000, 1] 
        ],
       "Rate classes":1,
       "Uncorrected P-value":0.2136276215117929
      },
     "Node6":{
       "Baseline MG94xREV":0.0008796411933510235,
       "Baseline MG94xREV omega ratio":0.08588639444304923,
       "Corrected P-value":1,
       "Full adaptive model":0.0008908063243552891,
       "Full adaptive model (non-synonymous subs/site)":0.0001228306949070114,
       "Full adaptive model (synonymous subs/site)":0.0007679756294482765,
       "LRT":0,
       "Nucleotide GTR":0.0008699227116295682,
       "Rate Distributions":        [
[0.06468217976136417, 1] 
        ],
       "Rate classes":1,
       "Uncorrected P-value":1
      },
     "Node8":{
       "Baseline MG94xREV":0.0008924616827736554,
       "Baseline MG94xREV omega ratio":0.08449829136964997,
       "Corrected P-value":1,
       "Full adaptive model":0.0009012083488459748,
       "Full adaptive model (non-synonymous subs/site)":0.0001228256177711931,
       "Full adaptive model (synonymous subs/site)":0.0007783827310747834,
       "LRT":0,
       "Nucleotide GTR":0.0008743019643860082,
       "Rate Distributions":        [
[0.06381473081716375, 1] 
        ],
       "Rate classes":1,
       "Uncorrected P-value":1
      },
     "gb_JX503060_Organism_Human_coronavirus_229E_Strain_Name_0349_Segment_null_Host_Human_1":{
       "Baseline MG94xREV":0.0008853675300511052,
       "Baseline MG94xREV omega ratio":0.2036880799009651,
       "Corrected P-value":null,
       "Full adaptive model":0.0008926135884553461,
       "Full adaptive model (non-synonymous subs/site)":0.0002458028253307927,
       "Full adaptive model (synonymous subs/site)":0.0006468107631245533,
       "LRT":null,
       "Nucleotide GTR":0.0008726168267260149,
       "Rate Distributions":        [
[0.1536861775817955, 1] 
        ],
       "Rate classes":1,
       "Uncorrected P-value":null,
       "original name":"gb_JX503060_Organism_Human_coronavirus_229E_Strain_Name_0349_Segment_null_Host_Human_1"
      },
     "gb_JX503061_Organism_Human_coronavirus_229E_Strain_Name_J0304_Segment_null_Host_Human_1":{
       "Baseline MG94xREV":0.0019064448625156,
       "Baseline MG94xREV omega ratio":0.07827302568884822,
       "Corrected P-value":null,
       "Full adaptive model":0.001926249057484358,
       "Full adaptive model (non-synonymous subs/site)":0.0002457528693831374,
       "Full adaptive model (synonymous subs/site)":0.001680496188101222,
       "LRT":null,
       "Nucleotide GTR":0.001868760065449782,
       "Rate Distributions":        [
[0.05914067027893765, 1] 
        ],
       "Rate classes":1,
       "Uncorrected P-value":null,
       "original name":"gb_JX503061_Organism_Human_coronavirus_229E_Strain_Name_J0304_Segment_null_Host_Human_1"
      },
     "gb_KF514430_Organism_Human_coronavirus_229E_Strain_Name_229E_human_USA_933_50_1993_Segment_null_Host_Human_1":{
       "Baseline MG94xREV":0.001134582698183007,
       "Baseline MG94xREV omega ratio":0.146389859659341,
       "Corrected P-value":null,
       "Full adaptive model":0.001145319846689076,
       "Full adaptive model (non-synonymous subs/site)":0.0002458089504360503,
       "Full adaptive model (synonymous subs/site)":0.000899510896253025,
       "LRT":null,
       "Nucleotide GTR":0.001121099851102937,
       "Rate Distributions":        [
[0.1105137817563474, 1] 
        ],
       "Rate classes":1,
       "Uncorrected P-value":null,
       "original name":"gb_KF514430_Organism_Human_coronavirus_229E_Strain_Name_229E_human_USA_933_50_1993_Segment_null_Host_Human_1"
      },
     "gb_KF514432_Organism_Human_coronavirus_229E_Strain_Name_229E_human_USA_932_72_1993_Segment_null_Host_Human_1":{
       "Baseline MG94xREV":0.0008821438850576311,
       "Baseline MG94xREV omega ratio":0.08562592579275896,
       "Corrected P-value":null,
       "Full adaptive model":0.0008921298506165183,
       "Full adaptive model (non-synonymous subs/site)":0.0001228237237100124,
       "Full adaptive model (synonymous subs/site)":0.000769306126906506,
       "LRT":null,
       "Nucleotide GTR":0.0008697663309699904,
       "Rate Distributions":        [
[0.06456664874478053, 1] 
        ],
       "Rate classes":1,
       "Uncorrected P-value":null,
       "original name":"gb_KF514432_Organism_Human_coronavirus_229E_Strain_Name_229E_human_USA_932_72_1993_Segment_null_Host_Human_1"
      },
     "gb_KF514433_Organism_Human_coronavirus_229E_Strain_Name_229E_human_USA_933_40_1993_Segment_null_Host_Human_1":{
       "Baseline MG94xREV":0.0002499689410763196,
       "Baseline MG94xREV omega ratio":0.5146479288440647,
       "Corrected P-value":null,
       "Full adaptive model":0.0002510974853985083,
       "Full adaptive model (non-synonymous subs/site)":0.0001229645575802898,
       "Full adaptive model (synonymous subs/site)":0.0001281329278182188,
       "LRT":null,
       "Nucleotide GTR":0.0002488298823503329,
       "Rate Distributions":        [
[0.3881006574731845, 1] 
        ],
       "Rate classes":1,
       "Uncorrected P-value":null,
       "original name":"gb_KF514433_Organism_Human_coronavirus_229E_Strain_Name_229E_human_USA_933_40_1993_Segment_null_Host_Human_1"
      },
     "gb_KU291448_Organism_Human_coronavirus_229E_Strain_Name_HCoV_229E_BN1_GER_2015_Segment_null_Host_Human_1":{
       "Baseline MG94xREV":0.0008864972699650892,
       "Baseline MG94xREV omega ratio":0.08516675889325219,
       "Corrected P-value":null,
       "Full adaptive model":0.0008969700894429803,
       "Full adaptive model (non-synonymous subs/site)":0.0001228784371973706,
       "Full adaptive model (synonymous subs/site)":0.0007740916522456102,
       "LRT":null,
       "Nucleotide GTR":0.0008713403150278901,
       "Rate Distributions":        [
[0.06419607442878525, 1] 
        ],
       "Rate classes":1,
       "Uncorrected P-value":null,
       "original name":"gb_KU291448_Organism_Human_coronavirus_229E_Strain_Name_HCoV_229E_BN1_GER_2015_Segment_null_Host_Human_1"
      },
     "gb_KY369908_Organism_Human_coronavirus_229E_Strain_Name_HCoV_229E_Seattle_USA_SC579_2016_Segment_null_Host_Human_1":{
       "Baseline MG94xREV":0.0003812430152336091,
       "Baseline MG94xREV omega ratio":0,
       "Corrected P-value":null,
       "Full adaptive model":0.0003869199203691972,
       "Full adaptive model (non-synonymous subs/site)":1e-10,
       "Full adaptive model (synonymous subs/site)":0.0003869199203691972,
       "LRT":null,
       "Nucleotide GTR":0.0003734960056079381,
       "Rate Distributions":        [
[0, 1] 
        ],
       "Rate classes":1,
       "Uncorrected P-value":null,
       "original name":"gb_KY369908_Organism_Human_coronavirus_229E_Strain_Name_HCoV_229E_Seattle_USA_SC579_2016_Segment_null_Host_Human_1"
      },
     "gb_KY369909_Organism_Human_coronavirus_229E_Strain_Name_HCoV_229E_Seattle_USA_SC677_2016_Segment_null_Host_Human_3":{
       "Baseline MG94xREV":0.000376337880576148,
       "Baseline MG94xREV omega ratio":0.2571682039824187,
       "Corrected P-value":null,
       "Full adaptive model":0.0003795745727227415,
       "Full adaptive model (non-synonymous subs/site)":0.0001228994359935182,
       "Full adaptive model (synonymous subs/site)":0.0002566751367292234,
       "LRT":null,
       "Nucleotide GTR":0.0003727680692619928,
       "Rate Distributions":        [
[0.1936383014853121, 1] 
        ],
       "Rate classes":1,
       "Uncorrected P-value":null,
       "original name":"gb_KY369909_Organism_Human_coronavirus_229E_Strain_Name_HCoV_229E_Seattle_USA_SC677_2016_Segment_null_Host_Human_3"
      },
     "gb_KY369911_Organism_Human_coronavirus_229E_Strain_Name_HCoV_229E_Seattle_USA_SC1212_2016_Segment_null_Host_Human_2":{
       "Baseline MG94xREV":0.0007567689837598263,
       "Baseline MG94xREV omega ratio":0.2550592110932536,
       "Corrected P-value":null,
       "Full adaptive model":0.0007624354045623295,
       "Full adaptive model (non-synonymous subs/site)":0.0002458329186518477,
       "Full adaptive model (synonymous subs/site)":0.0005166024859104834,
       "LRT":null,
       "Nucleotide GTR":0.0007472052246447312,
       "Rate Distributions":        [
[0.192445926310905, 1] 
        ],
       "Rate classes":1,
       "Uncorrected P-value":null,
       "original name":"gb_KY369911_Organism_Human_coronavirus_229E_Strain_Name_HCoV_229E_Seattle_USA_SC1212_2016_Segment_null_Host_Human_2"
      },
     "gb_KY369912_Organism_Human_coronavirus_229E_Strain_Name_HCoV_229E_Seattle_USA_SC9731_2016_Segment_null_Host_Human_1":{
       "Baseline MG94xREV":0.0002524284682259583,
       "Baseline MG94xREV omega ratio":0,
       "Corrected P-value":null,
       "Full adaptive model":0.0002564218926462676,
       "Full adaptive model (non-synonymous subs/site)":1e-10,
       "Full adaptive model (synonymous subs/site)":0.0002564218926462676,
       "LRT":null,
       "Nucleotide GTR":0.0002485376280058344,
       "Rate Distributions":        [
[0, 1] 
        ],
       "Rate classes":1,
       "Uncorrected P-value":null,
       "original name":"gb_KY369912_Organism_Human_coronavirus_229E_Strain_Name_HCoV_229E_Seattle_USA_SC9731_2016_Segment_null_Host_Human_1"
      },
     "gb_KY369913_Organism_Human_coronavirus_229E_Strain_Name_HCoV_229E_Seattle_USA_SC1073_2016_Segment_null_Host_Human_1":{
       "Baseline MG94xREV":0.0003764954010311552,
       "Baseline MG94xREV omega ratio":0.2569764995902583,
       "Corrected P-value":null,
       "Full adaptive model":0.0003796970855332964,
       "Full adaptive model (non-synonymous subs/site)":0.0001229136668301883,
       "Full adaptive model (synonymous subs/site)":0.0002567834187031079,
       "LRT":null,
       "Nucleotide GTR":0.0003728743965989778,
       "Rate Distributions":        [
[0.1935790593375281, 1] 
        ],
       "Rate classes":1,
       "Uncorrected P-value":null,
       "original name":"gb_KY369913_Organism_Human_coronavirus_229E_Strain_Name_HCoV_229E_Seattle_USA_SC1073_2016_Segment_null_Host_Human_1"
      },
     "gb_KY369914_Organism_Human_coronavirus_229E_Strain_Name_HCoV_229E_Seattle_USA_SC9773_2016_Segment_null_Host_Human_1":{
       "Baseline MG94xREV":0.0003761654285969999,
       "Baseline MG94xREV omega ratio":0.2573106613597668,
       "Corrected P-value":null,
       "Full adaptive model":0.0003790756022364511,
       "Full adaptive model (non-synonymous subs/site)":0.0001228608675547795,
       "Full adaptive model (synonymous subs/site)":0.0002562147346816712,
       "LRT":null,
       "Nucleotide GTR":0.0003726722212857041,
       "Rate Distributions":        [
[0.1939253805640564, 1] 
        ],
       "Rate classes":1,
       "Uncorrected P-value":null,
       "original name":"gb_KY369914_Organism_Human_coronavirus_229E_Strain_Name_HCoV_229E_Seattle_USA_SC9773_2016_Segment_null_Host_Human_1"
      },
     "gb_KY674919_Organism_Human_coronavirus_229E_Strain_Name_N08_434B_Segment_null_Host_Human_1":{
       "Baseline MG94xREV":0.002155594468651304,
       "Baseline MG94xREV omega ratio":0.068103326874196,
       "Corrected P-value":null,
       "Full adaptive model":0.002181505746206264,
       "Full adaptive model (non-synonymous subs/site)":0.0002458120559997931,
       "Full adaptive model (synonymous subs/site)":0.001935693690206469,
       "LRT":null,
       "Nucleotide GTR":0.002117724098197117,
       "Rate Distributions":        [
[0.0513560628468594, 1] 
        ],
       "Rate classes":1,
       "Uncorrected P-value":null,
       "original name":"gb_KY674919_Organism_Human_coronavirus_229E_Strain_Name_N08_434B_Segment_null_Host_Human_1"
      },
     "gb_KY684760_Organism_Human_coronavirus_229E_Strain_Name_HCoV_229E_Seattle_USA_SC2282_2017_Segment_null_Host_Human_1":{
       "Baseline MG94xREV":0.0007601745117286961,
       "Baseline MG94xREV omega ratio":0,
       "Corrected P-value":null,
       "Full adaptive model":0.0007713833416396345,
       "Full adaptive model (non-synonymous subs/site)":1e-10,
       "Full adaptive model (synonymous subs/site)":0.0007713833416396345,
       "LRT":null,
       "Nucleotide GTR":0.0007461192657370482,
       "Rate Distributions":        [
[0, 1] 
        ],
       "Rate classes":1,
       "Uncorrected P-value":null,
       "original name":"gb_KY684760_Organism_Human_coronavirus_229E_Strain_Name_HCoV_229E_Seattle_USA_SC2282_2017_Segment_null_Host_Human_1"
      },
     "gb_KY967357_Organism_Human_coronavirus_229E_Strain_Name_HCoV_229E_Seattle_USA_SC2872_2015_Segment_null_Host_Human_1":{
       "Baseline MG94xREV":0.0003799027772956459,
       "Baseline MG94xREV omega ratio":0,
       "Corrected P-value":null,
       "Full adaptive model":0.0003858354541800561,
       "Full adaptive model (non-synonymous subs/site)":1e-10,
       "Full adaptive model (synonymous subs/site)":0.0003858354541800561,
       "LRT":null,
       "Nucleotide GTR":0.0003730192627544387,
       "Rate Distributions":        [
[0, 1] 
        ],
       "Rate classes":1,
       "Uncorrected P-value":null,
       "original name":"gb_KY967357_Organism_Human_coronavirus_229E_Strain_Name_HCoV_229E_Seattle_USA_SC2872_2015_Segment_null_Host_Human_1"
      },
     "gb_KY983587_Organism_Human_coronavirus_229E_Strain_Name_HCoV_229E_Seattle_USA_SC3112_2015_Segment_null_Host_Human_1":{
       "Baseline MG94xREV":0,
       "Baseline MG94xREV omega ratio":1,
       "Corrected P-value":null,
       "Full adaptive model":0,
       "Full adaptive model (non-synonymous subs/site)":1e-10,
       "Full adaptive model (synonymous subs/site)":1e-10,
       "LRT":null,
       "Nucleotide GTR":0,
       "Rate Distributions":        [
[1, 1] 
        ],
       "Rate classes":1,
       "Uncorrected P-value":null,
       "original name":"gb_KY983587_Organism_Human_coronavirus_229E_Strain_Name_HCoV_229E_Seattle_USA_SC3112_2015_Segment_null_Host_Human_1"
      },
     "gb_MF542265_Organism_Human_coronavirus_229E_Strain_Name_229E_Haiti_1_2016_Segment_null_Host_Human_1":{
       "Baseline MG94xREV":0.0008697042608668922,
       "Baseline MG94xREV omega ratio":3.076764586082808,
       "Corrected P-value":null,
       "Full adaptive model":0.0008664491070375229,
       "Full adaptive model (non-synonymous subs/site)":0.0007376900449655625,
       "Full adaptive model (synonymous subs/site)":0.0001287590620719605,
       "LRT":null,
       "Nucleotide GTR":0.0008712201188574881,
       "Rate Distributions":        [
[2.316974718367044, 1] 
        ],
       "Rate classes":1,
       "Uncorrected P-value":null,
       "original name":"gb_MF542265_Organism_Human_coronavirus_229E_Strain_Name_229E_Haiti_1_2016_Segment_null_Host_Human_1"
      },
     "gb_MN306046_Organism_Human_coronavirus_229E_Strain_Name_HCoV_229E_Seattle_USA_SC0865_2019_Segment_null_Host_Human_1":{
       "Baseline MG94xREV":0.001134715183958959,
       "Baseline MG94xREV omega ratio":0.1464458654007885,
       "Corrected P-value":null,
       "Full adaptive model":0.001145971815658722,
       "Full adaptive model (non-synonymous subs/site)":0.0002458740319128671,
       "Full adaptive model (synonymous subs/site)":0.0009000977837458531,
       "LRT":null,
       "Nucleotide GTR":0.001119556861196569,
       "Rate Distributions":        [
[0.1104709649007502, 1] 
        ],
       "Rate classes":1,
       "Uncorrected P-value":null,
       "original name":"gb_MN306046_Organism_Human_coronavirus_229E_Strain_Name_HCoV_229E_Seattle_USA_SC0865_2019_Segment_null_Host_Human_1"
      },
     "gb_MN369046_Organism_Human_coronavirus_229E_Strain_Name_HCoV_229E_Seattle_USA_SC9724_2018_Segment_null_Host_Human_1":{
       "Baseline MG94xREV":0.0006322613842988795,
       "Baseline MG94xREV omega ratio":0,
       "Corrected P-value":null,
       "Full adaptive model":0.0006418476411996091,
       "Full adaptive model (non-synonymous subs/site)":1e-10,
       "Full adaptive model (synonymous subs/site)":0.0006418476411996091,
       "LRT":null,
       "Nucleotide GTR":0.0006217064953763469,
       "Rate Distributions":        [
[0, 1] 
        ],
       "Rate classes":1,
       "Uncorrected P-value":null,
       "original name":"gb_MN369046_Organism_Human_coronavirus_229E_Strain_Name_HCoV_229E_Seattle_USA_SC9724_2018_Segment_null_Host_Human_1"
      },
     "gb_MT438696_Organism_Human_coronavirus_229E_Strain_Name_HCoV_229E_USA_UNM_0186_2016_Segment_null_Host_Human_1":{
       "Baseline MG94xREV":0.0005080006414611295,
       "Baseline MG94xREV omega ratio":0,
       "Corrected P-value":null,
       "Full adaptive model":0.0005154198466701872,
       "Full adaptive model (non-synonymous subs/site)":1e-10,
       "Full adaptive model (synonymous subs/site)":0.0005154198466701872,
       "LRT":null,
       "Nucleotide GTR":0.0004975868611504116,
       "Rate Distributions":        [
[0, 1] 
        ],
       "Rate classes":1,
       "Uncorrected P-value":null,
       "original name":"gb_MT438696_Organism_Human_coronavirus_229E_Strain_Name_HCoV_229E_USA_UNM_0186_2016_Segment_null_Host_Human_1"
      },
     "gb_MT438698_Organism_Human_coronavirus_229E_Strain_Name_HCoV_229E_USA_ACRI_0256_2017_Segment_null_Host_Human_3":{
       "Baseline MG94xREV":0.0005048537236834468,
       "Baseline MG94xREV omega ratio":0.1704034428143715,
       "Corrected P-value":null,
       "Full adaptive model":0.000509969455320204,
       "Full adaptive model (non-synonymous subs/site)":0.0001228477970937594,
       "Full adaptive model (synonymous subs/site)":0.0003871216582264441,
       "LRT":null,
       "Nucleotide GTR":0.0004980514885548357,
       "Rate Distributions":        [
[0.1283349898108989, 1] 
        ],
       "Rate classes":1,
       "Uncorrected P-value":null,
       "original name":"gb_MT438698_Organism_Human_coronavirus_229E_Strain_Name_HCoV_229E_USA_ACRI_0256_2017_Segment_null_Host_Human_3"
      },
     "gb_MT438700_Organism_Human_coronavirus_229E_Strain_Name_HCoV_229E_USA_UAMS_DID_0108_2017_Segment_null_Host_Human_1":{
       "Baseline MG94xREV":0.0002529779840671409,
       "Baseline MG94xREV omega ratio":0,
       "Corrected P-value":null,
       "Full adaptive model":0.0002571148860265989,
       "Full adaptive model (non-synonymous subs/site)":1e-10,
       "Full adaptive model (synonymous subs/site)":0.0002571148860265989,
       "LRT":null,
       "Nucleotide GTR":0.0002486150101304773,
       "Rate Distributions":        [
[0, 1] 
        ],
       "Rate classes":1,
       "Uncorrected P-value":null,
       "original name":"gb_MT438700_Organism_Human_coronavirus_229E_Strain_Name_HCoV_229E_USA_UAMS_DID_0108_2017_Segment_null_Host_Human_1"
      }
    },
   "attributes":{
     "Baseline MG94xREV":{
       "attribute type":"branch length",
       "display order":1
      },
     "Baseline MG94xREV omega ratio":{
       "attribute type":"branch label",
       "display order":1
      },
     "Corrected P-value":{
       "attribute type":"branch label",
       "display order":6
      },
     "Full adaptive model":{
       "attribute type":"branch length",
       "display order":2
      },
     "Full adaptive model (non-synonymous subs/site)":{
       "attribute type":"branch label",
       "display order":10
      },
     "Full adaptive model (synonymous subs/site)":{
       "attribute type":"branch label",
       "display order":9
      },
     "LRT":{
       "attribute type":"branch label",
       "display order":4
      },
     "Nucleotide GTR":{
       "attribute type":"branch length",
       "display order":0
      },
     "Rate Distributions":{
       "attribute type":"branch label",
       "display order":3
      },
     "Rate classes":{
       "attribute type":"branch label",
       "display order":2
      },
     "Uncorrected P-value":{
       "attribute type":"branch label",
       "display order":5
      },
     "original name":{
       "attribute type":"node label",
       "display order":-1
      }
    }
  },
 "data partitions":{
   "0":{
     "coverage":      [
[0, 1, 2, 3, 4, 5, 6, 7, 8, 9, 10, 11, 12, 13, 14, 15, 16, 17, 18, 19, 20, 21, 22, 23, 24, 25, 26, 27, 28, 29, 30, 31, 32, 33, 34, 35, 36, 37, 38, 39, 40, 41, 42, 43, 44, 45, 46, 47, 48, 49, 50, 51, 52, 53, 54, 55, 56, 57, 58, 59, 60, 61, 62, 63, 64, 65, 66, 67, 68, 69, 70, 71, 72, 73, 74, 75, 76, 77, 78, 79, 80, 81, 82, 83, 84, 85, 86, 87, 88, 89, 90, 91, 92, 93, 94, 95, 96, 97, 98, 99, 100, 101, 102, 103, 104, 105, 106, 107, 108, 109, 110, 111, 112, 113, 114, 115, 116, 117, 118, 119, 120, 121, 122, 123, 124, 125, 126, 127, 128, 129, 130, 131, 132, 133, 134, 135, 136, 137, 138, 139, 140, 141, 142, 143, 144, 145, 146, 147, 148, 149, 150, 151, 152, 153, 154, 155, 156, 157, 158, 159, 160, 161, 162, 163, 164, 165, 166, 167, 168, 169, 170, 171, 172, 173, 174, 175, 176, 177, 178, 179, 180, 181, 182, 183, 184, 185, 186, 187, 188, 189, 190, 191, 192, 193, 194, 195, 196, 197, 198, 199, 200, 201, 202, 203, 204, 205, 206, 207, 208, 209, 210, 211, 212, 213, 214, 215, 216, 217, 218, 219, 220, 221, 222, 223, 224, 225, 226, 227, 228, 229, 230, 231, 232, 233, 234, 235, 236, 237, 238, 239, 240, 241, 242, 243, 244, 245, 246, 247, 248, 249, 250, 251, 252, 253, 254, 255, 256, 257, 258, 259, 260, 261, 262, 263, 264, 265, 266, 267, 268, 269, 270, 271, 272, 273, 274, 275, 276, 277, 278, 279, 280, 281, 282, 283, 284, 285, 286, 287, 288, 289, 290, 291, 292, 293, 294, 295, 296, 297, 298, 299, 300, 301, 302, 303, 304, 305, 306, 307, 308, 309, 310, 311, 312, 313, 314, 315, 316, 317, 318, 319, 320, 321, 322, 323, 324, 325, 326, 327, 328, 329, 330, 331, 332, 333, 334, 335, 336, 337, 338, 339, 340, 341, 342, 343, 344, 345, 346, 347, 348, 349, 350, 351, 352, 353, 354, 355, 356, 357, 358, 359, 360, 361, 362, 363, 364, 365, 366, 367, 368, 369, 370, 371, 372, 373, 374, 375, 376, 377, 378, 379, 380, 381, 382, 383, 384, 385, 386, 387, 388, 389, 390, 391, 392, 393, 394, 395, 396, 397, 398, 399, 400, 401, 402, 403, 404, 405, 406, 407, 408, 409, 410, 411, 412, 413, 414, 415, 416, 417, 418, 419, 420, 421, 422, 423, 424, 425, 426, 427, 428, 429, 430, 431, 432, 433, 434, 435, 436, 437, 438, 439, 440, 441, 442, 443, 444, 445, 446, 447, 448, 449, 450, 451, 452, 453, 454, 455, 456, 457, 458, 459, 460, 461, 462, 463, 464, 465, 466, 467, 468, 469, 470, 471, 472, 473, 474, 475, 476, 477, 478, 479, 480, 481, 482, 483, 484, 485, 486, 487, 488, 489, 490, 491, 492, 493, 494, 495, 496, 497, 498, 499, 500, 501, 502, 503, 504, 505, 506, 507, 508, 509, 510, 511, 512, 513, 514, 515, 516, 517, 518, 519, 520, 521, 522, 523, 524, 525, 526, 527, 528, 529, 530, 531, 532, 533, 534, 535, 536, 537, 538, 539, 540, 541, 542, 543, 544, 545, 546, 547, 548, 549, 550, 551, 552, 553, 554, 555, 556, 557, 558, 559, 560, 561, 562, 563, 564, 565, 566, 567, 568, 569, 570, 571, 572, 573, 574, 575, 576, 577, 578, 579, 580, 581, 582, 583, 584, 585, 586, 587, 588, 589, 590, 591, 592, 593, 594, 595, 596, 597, 598, 599, 600, 601, 602, 603, 604, 605, 606, 607, 608, 609, 610, 611, 612, 613, 614, 615, 616, 617, 618, 619, 620, 621, 622, 623, 624, 625, 626, 627, 628, 629, 630, 631, 632, 633, 634, 635, 636, 637, 638, 639, 640, 641, 642, 643, 644, 645, 646, 647, 648, 649, 650, 651, 652, 653, 654, 655, 656, 657, 658, 659, 660, 661, 662, 663, 664, 665, 666, 667, 668, 669, 670, 671, 672, 673, 674, 675, 676, 677, 678, 679, 680, 681, 682, 683, 684, 685, 686, 687, 688, 689, 690, 691, 692, 693, 694, 695, 696, 697, 698, 699, 700, 701, 702, 703, 704, 705, 706, 707, 708, 709, 710, 711, 712, 713, 714, 715, 716, 717, 718, 719, 720, 721, 722, 723, 724, 725, 726, 727, 728, 729, 730, 731, 732, 733, 734, 735, 736, 737, 738, 739, 740, 741, 742, 743, 744, 745, 746, 747, 748, 749, 750, 751, 752, 753, 754, 755, 756, 757, 758, 759, 760, 761, 762, 763, 764, 765, 766, 767, 768, 769, 770, 771, 772, 773, 774, 775, 776, 777, 778, 779, 780, 781, 782, 783, 784, 785, 786, 787, 788, 789, 790, 791, 792, 793, 794, 795, 796, 797, 798, 799, 800, 801, 802, 803, 804, 805, 806, 807, 808, 809, 810, 811, 812, 813, 814, 815, 816, 817, 818, 819, 820, 821, 822, 823, 824, 825, 826, 827, 828, 829, 830, 831, 832, 833, 834, 835, 836, 837, 838, 839, 840, 841, 842, 843, 844, 845, 846, 847, 848, 849, 850, 851, 852, 853, 854, 855, 856, 857, 858, 859, 860, 861, 862, 863, 864, 865, 866, 867, 868, 869, 870, 871, 872, 873, 874, 875, 876, 877, 878, 879, 880, 881, 882, 883, 884, 885, 886, 887, 888, 889, 890, 891, 892, 893, 894, 895, 896, 897, 898, 899, 900, 901, 902, 903, 904, 905, 906, 907, 908, 909, 910, 911, 912, 913, 914, 915, 916, 917, 918, 919, 920, 921, 922, 923, 924, 925, 926, 927, 928, 929, 930, 931, 932, 933, 934, 935, 936, 937, 938, 939, 940, 941, 942, 943, 944, 945, 946, 947, 948, 949, 950, 951, 952, 953, 954, 955, 956, 957, 958, 959, 960, 961, 962, 963, 964, 965, 966, 967, 968, 969, 970, 971, 972, 973, 974, 975, 976, 977, 978, 979, 980, 981, 982, 983, 984, 985, 986, 987, 988, 989, 990, 991, 992, 993, 994, 995, 996, 997, 998, 999, 1000, 1001, 1002, 1003, 1004, 1005, 1006, 1007, 1008, 1009, 1010, 1011, 1012, 1013, 1014, 1015, 1016, 1017, 1018, 1019, 1020, 1021, 1022, 1023, 1024, 1025, 1026, 1027, 1028, 1029, 1030, 1031, 1032, 1033, 1034, 1035, 1036, 1037, 1038, 1039, 1040, 1041, 1042, 1043, 1044, 1045, 1046, 1047, 1048, 1049, 1050, 1051, 1052, 1053, 1054, 1055, 1056, 1057, 1058, 1059, 1060, 1061, 1062, 1063, 1064, 1065, 1066, 1067, 1068, 1069, 1070, 1071, 1072, 1073, 1074, 1075, 1076, 1077, 1078, 1079, 1080, 1081, 1082, 1083, 1084, 1085, 1086, 1087, 1088, 1089, 1090, 1091, 1092, 1093, 1094, 1095, 1096, 1097, 1098, 1099, 1100, 1101, 1102, 1103, 1104, 1105, 1106, 1107, 1108, 1109, 1110, 1111, 1112, 1113, 1114, 1115, 1116, 1117, 1118, 1119, 1120, 1121, 1122, 1123, 1124, 1125, 1126, 1127, 1128, 1129, 1130, 1131, 1132, 1133, 1134, 1135, 1136, 1137, 1138, 1139, 1140, 1141, 1142, 1143, 1144, 1145, 1146, 1147, 1148, 1149, 1150, 1151, 1152, 1153, 1154, 1155, 1156, 1157, 1158, 1159, 1160, 1161, 1162, 1163, 1164, 1165, 1166, 1167, 1168, 1169, 1170, 1171, 1172, 1173, 1174, 1175, 1176, 1177, 1178, 1179, 1180, 1181, 1182, 1183, 1184, 1185, 1186, 1187, 1188, 1189, 1190, 1191, 1192, 1193, 1194, 1195, 1196, 1197, 1198, 1199, 1200, 1201, 1202, 1203, 1204, 1205, 1206, 1207, 1208, 1209, 1210, 1211, 1212, 1213, 1214, 1215, 1216, 1217, 1218, 1219, 1220, 1221, 1222, 1223, 1224, 1225, 1226, 1227, 1228, 1229, 1230, 1231, 1232, 1233, 1234, 1235, 1236, 1237, 1238, 1239, 1240, 1241, 1242, 1243, 1244, 1245, 1246, 1247, 1248, 1249, 1250, 1251, 1252, 1253, 1254, 1255, 1256, 1257, 1258, 1259, 1260, 1261, 1262, 1263, 1264, 1265, 1266, 1267, 1268, 1269, 1270, 1271, 1272, 1273, 1274, 1275, 1276, 1277, 1278, 1279, 1280, 1281, 1282, 1283, 1284, 1285, 1286, 1287, 1288, 1289, 1290, 1291, 1292, 1293, 1294, 1295, 1296, 1297, 1298, 1299, 1300, 1301, 1302, 1303, 1304, 1305, 1306, 1307, 1308, 1309, 1310, 1311, 1312, 1313, 1314, 1315, 1316, 1317, 1318, 1319, 1320, 1321, 1322, 1323, 1324, 1325, 1326, 1327, 1328, 1329, 1330, 1331, 1332, 1333, 1334, 1335, 1336, 1337, 1338, 1339, 1340, 1341, 1342, 1343, 1344, 1345, 1346, 1347, 1348, 1349, 1350, 1351, 1352, 1353, 1354, 1355, 1356, 1357, 1358, 1359, 1360, 1361, 1362, 1363, 1364, 1365, 1366, 1367, 1368, 1369, 1370, 1371, 1372, 1373, 1374, 1375, 1376, 1377, 1378, 1379, 1380, 1381, 1382, 1383, 1384, 1385, 1386, 1387, 1388, 1389, 1390, 1391, 1392, 1393, 1394, 1395, 1396, 1397, 1398, 1399, 1400, 1401, 1402, 1403, 1404, 1405, 1406, 1407, 1408, 1409, 1410, 1411, 1412, 1413, 1414, 1415, 1416, 1417, 1418, 1419, 1420, 1421, 1422, 1423, 1424, 1425, 1426, 1427, 1428, 1429, 1430, 1431, 1432, 1433, 1434, 1435, 1436, 1437, 1438, 1439, 1440, 1441, 1442, 1443, 1444, 1445, 1446, 1447, 1448, 1449, 1450, 1451, 1452, 1453, 1454, 1455, 1456, 1457, 1458, 1459, 1460, 1461, 1462, 1463, 1464, 1465, 1466, 1467, 1468, 1469, 1470, 1471, 1472, 1473, 1474, 1475, 1476, 1477, 1478, 1479, 1480, 1481, 1482, 1483, 1484, 1485, 1486, 1487, 1488, 1489, 1490, 1491, 1492, 1493, 1494, 1495, 1496, 1497, 1498, 1499, 1500, 1501, 1502, 1503, 1504, 1505, 1506, 1507, 1508, 1509, 1510, 1511, 1512, 1513, 1514, 1515, 1516, 1517, 1518, 1519, 1520, 1521, 1522, 1523, 1524, 1525, 1526, 1527, 1528, 1529, 1530, 1531, 1532, 1533, 1534, 1535, 1536, 1537, 1538, 1539, 1540, 1541, 1542, 1543, 1544, 1545, 1546, 1547, 1548, 1549, 1550, 1551, 1552, 1553, 1554, 1555, 1556, 1557, 1558, 1559, 1560, 1561, 1562, 1563, 1564, 1565, 1566, 1567, 1568, 1569, 1570, 1571, 1572, 1573, 1574, 1575, 1576, 1577, 1578, 1579, 1580, 1581, 1582, 1583, 1584, 1585, 1586, 1587, 1588, 1589, 1590, 1591, 1592, 1593, 1594, 1595, 1596, 1597, 1598, 1599, 1600, 1601, 1602, 1603, 1604, 1605, 1606, 1607, 1608, 1609, 1610, 1611, 1612, 1613, 1614, 1615, 1616, 1617, 1618, 1619, 1620, 1621, 1622, 1623, 1624, 1625, 1626, 1627, 1628, 1629, 1630, 1631, 1632, 1633, 1634, 1635, 1636, 1637, 1638, 1639, 1640, 1641, 1642, 1643, 1644, 1645, 1646, 1647, 1648, 1649, 1650, 1651, 1652, 1653, 1654, 1655, 1656, 1657, 1658, 1659, 1660, 1661, 1662, 1663, 1664, 1665, 1666, 1667, 1668, 1669, 1670, 1671, 1672, 1673, 1674, 1675, 1676, 1677, 1678, 1679, 1680, 1681, 1682, 1683, 1684, 1685, 1686, 1687, 1688, 1689, 1690, 1691, 1692, 1693, 1694, 1695, 1696, 1697, 1698, 1699, 1700, 1701, 1702, 1703, 1704, 1705, 1706, 1707, 1708, 1709, 1710, 1711, 1712, 1713, 1714, 1715, 1716, 1717, 1718, 1719, 1720, 1721, 1722, 1723, 1724, 1725, 1726, 1727, 1728, 1729, 1730, 1731, 1732, 1733, 1734, 1735, 1736, 1737, 1738, 1739, 1740, 1741, 1742, 1743, 1744, 1745, 1746, 1747, 1748, 1749, 1750, 1751, 1752, 1753, 1754, 1755, 1756, 1757, 1758, 1759, 1760, 1761, 1762, 1763, 1764, 1765, 1766, 1767, 1768, 1769, 1770, 1771, 1772, 1773, 1774, 1775, 1776, 1777, 1778, 1779, 1780, 1781, 1782, 1783, 1784, 1785, 1786, 1787, 1788, 1789, 1790, 1791, 1792, 1793, 1794, 1795, 1796, 1797, 1798, 1799, 1800, 1801, 1802, 1803, 1804, 1805, 1806, 1807, 1808, 1809, 1810, 1811, 1812, 1813, 1814, 1815, 1816, 1817, 1818, 1819, 1820, 1821, 1822, 1823, 1824, 1825, 1826, 1827, 1828, 1829, 1830, 1831, 1832, 1833, 1834, 1835, 1836, 1837, 1838, 1839, 1840, 1841, 1842, 1843, 1844, 1845, 1846, 1847, 1848, 1849, 1850, 1851, 1852, 1853, 1854, 1855, 1856, 1857, 1858, 1859, 1860, 1861, 1862, 1863, 1864, 1865, 1866, 1867, 1868, 1869, 1870, 1871, 1872, 1873, 1874, 1875, 1876, 1877, 1878, 1879, 1880, 1881, 1882, 1883, 1884, 1885, 1886, 1887, 1888, 1889, 1890, 1891, 1892, 1893, 1894, 1895, 1896, 1897, 1898, 1899, 1900, 1901, 1902, 1903, 1904, 1905, 1906, 1907, 1908, 1909, 1910, 1911, 1912, 1913, 1914, 1915, 1916, 1917, 1918, 1919, 1920, 1921, 1922, 1923, 1924, 1925, 1926, 1927, 1928, 1929, 1930, 1931, 1932, 1933, 1934, 1935, 1936, 1937, 1938, 1939, 1940, 1941, 1942, 1943, 1944, 1945, 1946, 1947, 1948, 1949, 1950, 1951, 1952, 1953, 1954, 1955, 1956, 1957, 1958, 1959, 1960, 1961, 1962, 1963, 1964, 1965, 1966, 1967, 1968, 1969, 1970, 1971, 1972, 1973, 1974, 1975, 1976, 1977, 1978, 1979, 1980, 1981, 1982, 1983, 1984, 1985, 1986, 1987, 1988, 1989, 1990, 1991, 1992, 1993, 1994, 1995, 1996, 1997, 1998, 1999, 2000, 2001, 2002, 2003, 2004, 2005, 2006, 2007, 2008, 2009, 2010, 2011, 2012, 2013, 2014, 2015, 2016, 2017, 2018, 2019, 2020, 2021, 2022, 2023, 2024, 2025, 2026, 2027, 2028, 2029, 2030, 2031, 2032, 2033, 2034, 2035, 2036, 2037, 2038, 2039, 2040, 2041, 2042, 2043, 2044, 2045, 2046, 2047, 2048, 2049, 2050, 2051, 2052, 2053, 2054, 2055, 2056, 2057, 2058, 2059, 2060, 2061, 2062, 2063, 2064, 2065, 2066, 2067, 2068, 2069, 2070, 2071, 2072, 2073, 2074, 2075, 2076, 2077, 2078, 2079, 2080, 2081, 2082, 2083, 2084, 2085, 2086, 2087, 2088, 2089, 2090, 2091, 2092, 2093, 2094, 2095, 2096, 2097, 2098, 2099, 2100, 2101, 2102, 2103, 2104, 2105, 2106, 2107, 2108, 2109, 2110, 2111, 2112, 2113, 2114, 2115, 2116, 2117, 2118, 2119, 2120, 2121, 2122, 2123, 2124, 2125, 2126, 2127, 2128, 2129, 2130, 2131, 2132, 2133, 2134, 2135, 2136, 2137, 2138, 2139, 2140, 2141, 2142, 2143, 2144, 2145, 2146, 2147, 2148, 2149, 2150, 2151, 2152, 2153, 2154, 2155, 2156, 2157, 2158, 2159, 2160, 2161, 2162, 2163, 2164, 2165, 2166, 2167, 2168, 2169, 2170, 2171, 2172, 2173, 2174, 2175, 2176, 2177, 2178, 2179, 2180, 2181, 2182, 2183, 2184, 2185, 2186, 2187, 2188, 2189, 2190, 2191, 2192, 2193, 2194, 2195, 2196, 2197, 2198, 2199, 2200, 2201, 2202, 2203, 2204, 2205, 2206, 2207, 2208, 2209, 2210, 2211, 2212, 2213, 2214, 2215, 2216, 2217, 2218, 2219, 2220, 2221, 2222, 2223, 2224, 2225, 2226, 2227, 2228, 2229, 2230, 2231, 2232, 2233, 2234, 2235, 2236, 2237, 2238, 2239, 2240, 2241, 2242, 2243, 2244, 2245, 2246, 2247, 2248, 2249, 2250, 2251, 2252, 2253, 2254, 2255, 2256, 2257, 2258, 2259, 2260, 2261, 2262, 2263, 2264, 2265, 2266, 2267, 2268, 2269, 2270, 2271, 2272, 2273, 2274, 2275, 2276, 2277, 2278, 2279, 2280, 2281, 2282, 2283, 2284, 2285, 2286, 2287, 2288, 2289, 2290, 2291, 2292, 2293, 2294, 2295, 2296, 2297, 2298, 2299, 2300, 2301, 2302, 2303, 2304, 2305, 2306, 2307, 2308, 2309, 2310, 2311, 2312, 2313, 2314, 2315, 2316, 2317, 2318, 2319, 2320, 2321, 2322, 2323, 2324, 2325, 2326, 2327, 2328, 2329, 2330, 2331, 2332, 2333, 2334, 2335, 2336, 2337, 2338, 2339, 2340, 2341, 2342, 2343, 2344, 2345, 2346, 2347, 2348, 2349, 2350, 2351, 2352, 2353, 2354, 2355, 2356, 2357, 2358, 2359, 2360, 2361, 2362, 2363, 2364, 2365, 2366, 2367, 2368, 2369, 2370, 2371, 2372, 2373, 2374, 2375, 2376, 2377, 2378, 2379, 2380, 2381, 2382, 2383, 2384, 2385, 2386, 2387, 2388, 2389, 2390, 2391, 2392, 2393, 2394, 2395, 2396, 2397, 2398, 2399, 2400, 2401, 2402, 2403, 2404, 2405, 2406, 2407, 2408, 2409, 2410, 2411, 2412, 2413, 2414, 2415, 2416, 2417, 2418, 2419, 2420, 2421, 2422, 2423, 2424, 2425, 2426, 2427, 2428, 2429, 2430, 2431, 2432, 2433, 2434, 2435, 2436, 2437, 2438, 2439, 2440, 2441, 2442, 2443, 2444, 2445, 2446, 2447, 2448, 2449, 2450, 2451, 2452, 2453, 2454, 2455, 2456, 2457, 2458, 2459, 2460, 2461, 2462, 2463, 2464, 2465, 2466, 2467, 2468, 2469, 2470, 2471, 2472, 2473, 2474, 2475, 2476, 2477, 2478, 2479, 2480, 2481, 2482, 2483, 2484, 2485, 2486, 2487, 2488, 2489, 2490, 2491, 2492, 2493, 2494, 2495, 2496, 2497, 2498, 2499, 2500, 2501, 2502, 2503, 2504, 2505, 2506, 2507, 2508, 2509, 2510, 2511, 2512, 2513, 2514, 2515, 2516, 2517, 2518, 2519, 2520, 2521, 2522, 2523, 2524, 2525, 2526, 2527, 2528, 2529, 2530, 2531, 2532, 2533, 2534, 2535, 2536, 2537, 2538, 2539, 2540, 2541, 2542, 2543, 2544, 2545, 2546, 2547, 2548, 2549, 2550, 2551, 2552, 2553, 2554, 2555, 2556, 2557, 2558, 2559, 2560, 2561, 2562, 2563, 2564, 2565, 2566, 2567, 2568, 2569, 2570, 2571, 2572, 2573, 2574, 2575, 2576, 2577, 2578, 2579, 2580, 2581, 2582, 2583, 2584, 2585, 2586, 2587, 2588, 2589, 2590, 2591, 2592, 2593, 2594, 2595, 2596, 2597, 2598, 2599, 2600, 2601, 2602, 2603, 2604, 2605, 2606, 2607, 2608, 2609, 2610, 2611, 2612, 2613, 2614, 2615, 2616, 2617, 2618, 2619, 2620, 2621, 2622, 2623, 2624, 2625, 2626, 2627, 2628, 2629, 2630, 2631, 2632, 2633, 2634, 2635, 2636, 2637, 2638, 2639, 2640, 2641, 2642, 2643, 2644, 2645, 2646, 2647, 2648, 2649, 2650, 2651, 2652, 2653, 2654, 2655, 2656, 2657, 2658, 2659, 2660, 2661, 2662, 2663, 2664, 2665, 2666, 2667, 2668, 2669, 2670, 2671, 2672, 2673, 2674, 2675, 2676, 2677, 2678, 2679, 2680, 2681, 2682] 
      ],
     "name":"absrel.filter.default"
    }
  },
 "fits":{
   "Baseline MG94xREV":{
     "AIC-c":24649.77541083269,
     "Equilibrium frequencies":      [
[0.0239540596392882],
      [0.01480098588522927],
      [0.01703459780846194],
      [0.04705032099103174],
      [0.01358773171248961],
      [0.008395730340379871],
      [0.009662727251121692],
      [0.02668888481700611],
      [0.01200458004290073],
      [0.007417515963835115],
      [0.008536890863998003],
      [0.02357927436461023],
      [0.01940376602289015],
      [0.01198940268788704],
      [0.01379871951338494],
      [0.03811268042075332],
      [0.01102681779547482],
      [0.006813365959986706],
      [0.007841568781311011],
      [0.02165876367510488],
      [0.006254866361010286],
      [0.003864822502631941],
      [0.004448061598324312],
      [0.01228574506672997],
      [0.005526091144364917],
      [0.003414519219701919],
      [0.003929803194727154],
      [0.01085429217774935],
      [0.008932172487769284],
      [0.005519104523688781],
      [0.006351990776352599],
      [0.01754448260651051],
      [0.02571769207231631],
      [0.01589071761091838],
      [0.01828878059129673],
      [0.05051442992846079],
      [0.01458813685050334],
      [0.009013871171212839],
      [0.01037415151190262],
      [0.02865387044255005],
      [0.01288842466161484],
      [0.00796363515712907],
      [0.009165424725551654],
      [0.02531531300035317],
      [0.02083238027851846],
      [0.01287212986446596],
      [0.01481465875852856],
      [0.0409187500520333],
      [0.01521991890587571],
      [0.04838205208300099],
      [0.01397232430207701],
      [0.008633366447819067],
      [0.009936224945558042],
      [0.02744429768076889],
      [0.00762746430055529],
      [0.008778522435321423],
      [0.02424667157117574],
      [0.01995297797234539],
      [0.01232875553388871],
      [0.01418928398602351],
      [0.0391914369615276] 
      ],
     "Log Likelihood":-12249.29914853204,
     "Rate Distributions":{
       "Per-branch omega":{
         "2.5%":0,
         "97.5%":3.076764586082808,
         "Mean":416666666.9811285,
         "Median":0.1464178625300648
        }
      },
     "display order":1,
     "estimated parameters":90
    },
   "Full adaptive model":{
     "AIC-c":24649.77541083269,
     "Log Likelihood":-12234.75478970989,
     "Rate Distributions":{
      },
     "display order":2,
     "estimated parameters":90
    },
   "Nucleotide GTR":{
     "AIC-c":24649.77541083269,
     "Equilibrium frequencies":      [
[0.2763511980027883],
      [0.165304931426904],
      [0.2152784532416864],
      [0.3430654173286213] 
      ],
     "Log Likelihood":-12786.12284630919,
     "Rate Distributions":{
       "Substitution rate from nucleotide A to nucleotide C":0.421926976887435,
       "Substitution rate from nucleotide A to nucleotide G":1,
       "Substitution rate from nucleotide A to nucleotide T":0.08676186973354034,
       "Substitution rate from nucleotide C to nucleotide G":0.03393101766659194,
       "Substitution rate from nucleotide C to nucleotide T":3.551399506584523,
       "Substitution rate from nucleotide G to nucleotide T":0.57908989334212
      },
     "display order":0,
     "estimated parameters":51
    }
  },
 "input":{
   "file name":"/data/shares/veg/SARS-CoV-2/coronavirus-comparative-data/data/catted/229E_ORF1b.catted.qa.fasta_protein.aligned.compressed.codon.fas",
   "number of sequences":23,
   "number of sites":2683,
   "partition count":1,
   "trees":{
     "0":"(gb_KF514432_Organism_Human_coronavirus_229E_Strain_Name_229E_human_USA_932_72_1993_Segment_null_Host_Human_1,gb_KF514430_Organism_Human_coronavirus_229E_Strain_Name_229E_human_USA_933_50_1993_Segment_null_Host_Human_1,(229E_lcl_NC_002645_1_cds_NP_073549_1_1_locus_tag_HCoV229Egp1_db_xref_GeneID_918764_protein_replicase_polyprotein_1ab_protein_id_NP_073549_1_location_join_293_12520_12520_20568_gbkey_CDS__1,((gb_JX503061_Organism_Human_coronavirus_229E_Strain_Name_J0304_Segment_null_Host_Human_1,(gb_KY674919_Organism_Human_coronavirus_229E_Strain_Name_N08_434B_Segment_null_Host_Human_1,(gb_JX503060_Organism_Human_coronavirus_229E_Strain_Name_0349_Segment_null_Host_Human_1,((gb_KY369911_Organism_Human_coronavirus_229E_Strain_Name_HCoV_229E_Seattle_USA_SC1212_2016_Segment_null_Host_Human_2,gb_MT438696_Organism_Human_coronavirus_229E_Strain_Name_HCoV_229E_USA_UNM_0186_2016_Segment_null_Host_Human_1)Node13,((gb_KY684760_Organism_Human_coronavirus_229E_Strain_Name_HCoV_229E_Seattle_USA_SC2282_2017_Segment_null_Host_Human_1,((gb_MF542265_Organism_Human_coronavirus_229E_Strain_Name_229E_Haiti_1_2016_Segment_null_Host_Human_1,gb_KY983587_Organism_Human_coronavirus_229E_Strain_Name_HCoV_229E_Seattle_USA_SC3112_2015_Segment_null_Host_Human_1)Node21,(gb_MT438698_Organism_Human_coronavirus_229E_Strain_Name_HCoV_229E_USA_ACRI_0256_2017_Segment_null_Host_Human_3,gb_KY369908_Organism_Human_coronavirus_229E_Strain_Name_HCoV_229E_Seattle_USA_SC579_2016_Segment_null_Host_Human_1)Node25,gb_KY967357_Organism_Human_coronavirus_229E_Strain_Name_HCoV_229E_Seattle_USA_SC2872_2015_Segment_null_Host_Human_1)Node20,(gb_KY369914_Organism_Human_coronavirus_229E_Strain_Name_HCoV_229E_Seattle_USA_SC9773_2016_Segment_null_Host_Human_1,gb_KY369912_Organism_Human_coronavirus_229E_Strain_Name_HCoV_229E_Seattle_USA_SC9731_2016_Segment_null_Host_Human_1,gb_MN369046_Organism_Human_coronavirus_229E_Strain_Name_HCoV_229E_Seattle_USA_SC9724_2018_Segment_null_Host_Human_1)Node30,gb_MN306046_Organism_Human_coronavirus_229E_Strain_Name_HCoV_229E_Seattle_USA_SC0865_2019_Segment_null_Host_Human_1)Node17,(gb_KU291448_Organism_Human_coronavirus_229E_Strain_Name_HCoV_229E_BN1_GER_2015_Segment_null_Host_Human_1,(gb_KY369909_Organism_Human_coronavirus_229E_Strain_Name_HCoV_229E_Seattle_USA_SC677_2016_Segment_null_Host_Human_3,gb_MT438700_Organism_Human_coronavirus_229E_Strain_Name_HCoV_229E_USA_UAMS_DID_0108_2017_Segment_null_Host_Human_1,gb_KY369913_Organism_Human_coronavirus_229E_Strain_Name_HCoV_229E_Seattle_USA_SC1073_2016_Segment_null_Host_Human_1)Node38)Node36)Node16)Node12)Node10)Node8)Node6,gb_KF514433_Organism_Human_coronavirus_229E_Strain_Name_229E_human_USA_933_40_1993_Segment_null_Host_Human_1)Node5)Node3)"
    }
  },
 "test results":{
   "P-value threshold":0.05,
   "positive test results":0,
   "tested":15
  },
 "tested":{
   "0":{
     "229E_lcl_NC_002645_1_cds_NP_073549_1_1_locus_tag_HCoV229Egp1_db_xref_GeneID_918764_protein_replicase_polyprotein_1ab_protein_id_NP_073549_1_location_join_293_12520_12520_20568_gbkey_CDS__1":"background",
     "Node10":"test",
     "Node12":"test",
     "Node13":"test",
     "Node16":"test",
     "Node17":"test",
     "Node20":"test",
     "Node21":"test",
     "Node25":"test",
     "Node3":"test",
     "Node30":"test",
     "Node36":"test",
     "Node38":"test",
     "Node5":"test",
     "Node6":"test",
     "Node8":"test",
     "gb_JX503060_Organism_Human_coronavirus_229E_Strain_Name_0349_Segment_null_Host_Human_1":"background",
     "gb_JX503061_Organism_Human_coronavirus_229E_Strain_Name_J0304_Segment_null_Host_Human_1":"background",
     "gb_KF514430_Organism_Human_coronavirus_229E_Strain_Name_229E_human_USA_933_50_1993_Segment_null_Host_Human_1":"background",
     "gb_KF514432_Organism_Human_coronavirus_229E_Strain_Name_229E_human_USA_932_72_1993_Segment_null_Host_Human_1":"background",
     "gb_KF514433_Organism_Human_coronavirus_229E_Strain_Name_229E_human_USA_933_40_1993_Segment_null_Host_Human_1":"background",
     "gb_KU291448_Organism_Human_coronavirus_229E_Strain_Name_HCoV_229E_BN1_GER_2015_Segment_null_Host_Human_1":"background",
     "gb_KY369908_Organism_Human_coronavirus_229E_Strain_Name_HCoV_229E_Seattle_USA_SC579_2016_Segment_null_Host_Human_1":"background",
     "gb_KY369909_Organism_Human_coronavirus_229E_Strain_Name_HCoV_229E_Seattle_USA_SC677_2016_Segment_null_Host_Human_3":"background",
     "gb_KY369911_Organism_Human_coronavirus_229E_Strain_Name_HCoV_229E_Seattle_USA_SC1212_2016_Segment_null_Host_Human_2":"background",
     "gb_KY369912_Organism_Human_coronavirus_229E_Strain_Name_HCoV_229E_Seattle_USA_SC9731_2016_Segment_null_Host_Human_1":"background",
     "gb_KY369913_Organism_Human_coronavirus_229E_Strain_Name_HCoV_229E_Seattle_USA_SC1073_2016_Segment_null_Host_Human_1":"background",
     "gb_KY369914_Organism_Human_coronavirus_229E_Strain_Name_HCoV_229E_Seattle_USA_SC9773_2016_Segment_null_Host_Human_1":"background",
     "gb_KY674919_Organism_Human_coronavirus_229E_Strain_Name_N08_434B_Segment_null_Host_Human_1":"background",
     "gb_KY684760_Organism_Human_coronavirus_229E_Strain_Name_HCoV_229E_Seattle_USA_SC2282_2017_Segment_null_Host_Human_1":"background",
     "gb_KY967357_Organism_Human_coronavirus_229E_Strain_Name_HCoV_229E_Seattle_USA_SC2872_2015_Segment_null_Host_Human_1":"background",
     "gb_KY983587_Organism_Human_coronavirus_229E_Strain_Name_HCoV_229E_Seattle_USA_SC3112_2015_Segment_null_Host_Human_1":"background",
     "gb_MF542265_Organism_Human_coronavirus_229E_Strain_Name_229E_Haiti_1_2016_Segment_null_Host_Human_1":"background",
     "gb_MN306046_Organism_Human_coronavirus_229E_Strain_Name_HCoV_229E_Seattle_USA_SC0865_2019_Segment_null_Host_Human_1":"background",
     "gb_MN369046_Organism_Human_coronavirus_229E_Strain_Name_HCoV_229E_Seattle_USA_SC9724_2018_Segment_null_Host_Human_1":"background",
     "gb_MT438696_Organism_Human_coronavirus_229E_Strain_Name_HCoV_229E_USA_UNM_0186_2016_Segment_null_Host_Human_1":"background",
     "gb_MT438698_Organism_Human_coronavirus_229E_Strain_Name_HCoV_229E_USA_ACRI_0256_2017_Segment_null_Host_Human_3":"background",
     "gb_MT438700_Organism_Human_coronavirus_229E_Strain_Name_HCoV_229E_USA_UAMS_DID_0108_2017_Segment_null_Host_Human_1":"background"
    }
  },
 "timers":{
   "Baseline model fitting":{
     "order":2,
     "timer":6
    },
   "Complexity analysis":{
     "order":3,
     "timer":94
    },
   "Full adaptive model fitting":{
     "order":4,
     "timer":17
    },
   "Overall":{
     "order":0,
     "timer":136
    },
   "Preliminary model fitting":{
     "order":1,
     "timer":1
    },
   "Testing for selection":{
     "order":5,
     "timer":16
    }
  }
}