{
 "analysis":{
   "authors":"Sergei L Kosakovsky Pond, Ben Murrell, Steven Weaver and Temple iGEM / UCSD viral evolution group",
   "citation":"Less Is More: An Adaptive Branch-Site Random Effects Model for Efficient Detection of Episodic Diversifying Selection (2015). Mol Biol Evol 32 (5): 1342-1353. v2.2 adds support for multiple-hit models",
   "contact":"spond@temple.edu",
   "info":"aBSREL (Adaptive branch-site random effects likelihood)\n                            uses an adaptive random effects branch-site model framework\n                            to test whether each branch has evolved under positive selection,\n                            using a procedure which infers an optimal number of rate categories per branch.",
   "requirements":"in-frame codon alignment and a phylogenetic tree",
   "version":"2.2"
  },
 "branch attributes":{
   "0":{
     "HKU1_lcl_NC_006577_2_cds_YP_173242_1_7_gene_N_locus_tag_HCHV1gp7_db_xref_GeneID_3200423_protein_nucleocapsid_phosphoprotein_protein_id_YP_173242_1_location_28320_29645_gbkey_CDS__4":{
       "Baseline MG94xREV":0.000689339646158278,
       "Baseline MG94xREV omega ratio":0,
       "Corrected P-value":null,
       "Full adaptive model":0.0006886820522827964,
       "Full adaptive model (non-synonymous subs/site)":1e-10,
       "Full adaptive model (synonymous subs/site)":0.0006886820522827964,
       "LRT":null,
       "Nucleotide GTR":0.0007106256852764282,
       "Rate Distributions":        [
[0, 1] 
        ],
       "Rate classes":1,
       "Uncorrected P-value":null,
       "original name":"HKU1_lcl_NC_006577_2_cds_YP_173242_1_7_gene_N_locus_tag_HCHV1gp7_db_xref_GeneID_3200423_protein_nucleocapsid_phosphoprotein_protein_id_YP_173242_1_location_28320_29645_gbkey_CDS__4"
      },
     "Node11":{
       "Baseline MG94xREV":0.003274782197340299,
       "Baseline MG94xREV omega ratio":0.1267396445856903,
       "Corrected P-value":1,
       "Full adaptive model":0.003277150841757787,
       "Full adaptive model (non-synonymous subs/site)":0.0007647728126207494,
       "Full adaptive model (synonymous subs/site)":0.00251237802913704,
       "LRT":0,
       "Nucleotide GTR":0.003095582529810408,
       "Rate Distributions":        [
[0.1288575499117774, 1] 
        ],
       "Rate classes":1,
       "Uncorrected P-value":1
      },
     "Node13":{
       "Baseline MG94xREV":0.01346624835087934,
       "Baseline MG94xREV omega ratio":0.556276706228801,
       "Corrected P-value":1,
       "Full adaptive model":0.01350263115788509,
       "Full adaptive model (non-synonymous subs/site)":0.00771638097234183,
       "Full adaptive model (synonymous subs/site)":0.005786250185543255,
       "LRT":0,
       "Nucleotide GTR":0.01372512566480478,
       "Rate Distributions":        [
[0.5645193976358461, 1] 
        ],
       "Rate classes":1,
       "Uncorrected P-value":1
      },
     "Node14":{
       "Baseline MG94xREV":0.000764053473377703,
       "Baseline MG94xREV omega ratio":10000000000,
       "Corrected P-value":1,
       "Full adaptive model":0.000765247733191707,
       "Full adaptive model (non-synonymous subs/site)":0.000765247733191707,
       "Full adaptive model (synonymous subs/site)":1e-10,
       "LRT":0.6719739056006802,
       "Nucleotide GTR":0.0007559099248542625,
       "Rate Distributions":        [
[10000000000, 1] 
        ],
       "Rate classes":1,
       "Uncorrected P-value":0.296862580737983
      },
     "Node15":{
       "Baseline MG94xREV":0.0007628904704283166,
       "Baseline MG94xREV omega ratio":10000000000,
       "Corrected P-value":1,
       "Full adaptive model":0.0007638615932711455,
       "Full adaptive model (non-synonymous subs/site)":0.0007638615932711455,
       "Full adaptive model (synonymous subs/site)":1e-10,
       "LRT":0.223479657189273,
       "Nucleotide GTR":0.001353118809785254,
       "Rate Distributions":        [
[10000000000, 1] 
        ],
       "Rate classes":1,
       "Uncorrected P-value":0.3955633255839006
      },
     "Node23":{
       "Baseline MG94xREV":0.001427236915244578,
       "Baseline MG94xREV omega ratio":0,
       "Corrected P-value":1,
       "Full adaptive model":0.001434104520033009,
       "Full adaptive model (non-synonymous subs/site)":1e-10,
       "Full adaptive model (synonymous subs/site)":0.001434104520033009,
       "LRT":0,
       "Nucleotide GTR":0.0008828625816825962,
       "Rate Distributions":        [
[0, 1] 
        ],
       "Rate classes":1,
       "Uncorrected P-value":1
      },
     "Node24":{
       "Baseline MG94xREV":0.05420042654314988,
       "Baseline MG94xREV omega ratio":0.38550846490839,
       "Corrected P-value":1,
       "Full adaptive model":0.05860323236707807,
       "Full adaptive model (non-synonymous subs/site)":0.03082119421901769,
       "Full adaptive model (synonymous subs/site)":0.02778203814806038,
       "LRT":2.996372507789602,
       "Nucleotide GTR":0.05138909755476478,
       "Rate Distributions":        [
[0, 0.8275297023619803],
        [2.722911096260309, 0.1724702976380197] 
        ],
       "Rate classes":2,
       "Uncorrected P-value":0.08375080297686088
      },
     "Node26":{
       "Baseline MG94xREV":0.0007563503843352223,
       "Baseline MG94xREV omega ratio":10000000000,
       "Corrected P-value":1,
       "Full adaptive model":0.0007572065124376498,
       "Full adaptive model (non-synonymous subs/site)":0.0007572065124376498,
       "Full adaptive model (synonymous subs/site)":1e-10,
       "LRT":0.6936842706463722,
       "Nucleotide GTR":0.0007565066119983379,
       "Rate Distributions":        [
[10000000000, 1] 
        ],
       "Rate classes":1,
       "Uncorrected P-value":0.2930578837357544
      },
     "Node28":{
       "Baseline MG94xREV":0.001513662674237408,
       "Baseline MG94xREV omega ratio":10000000000,
       "Corrected P-value":1,
       "Full adaptive model":0.001515457579951674,
       "Full adaptive model (non-synonymous subs/site)":0.001515457579951674,
       "Full adaptive model (synonymous subs/site)":1e-10,
       "LRT":1.400258878149543,
       "Nucleotide GTR":0.001512471057651596,
       "Rate Distributions":        [
[10000000000, 1] 
        ],
       "Rate classes":1,
       "Uncorrected P-value":0.1962923552904276
      },
     "Node30":{
       "Baseline MG94xREV":0.0007563115544459875,
       "Baseline MG94xREV omega ratio":10000000000,
       "Corrected P-value":1,
       "Full adaptive model":0.0007571676104150384,
       "Full adaptive model (non-synonymous subs/site)":0.0007571676104150384,
       "Full adaptive model (synonymous subs/site)":1e-10,
       "LRT":0.7141065790747234,
       "Nucleotide GTR":0.0007552678093172721,
       "Rate Distributions":        [
[10000000000, 1] 
        ],
       "Rate classes":1,
       "Uncorrected P-value":0.2895373402224757
      },
     "Node35":{
       "Baseline MG94xREV":0.0007792554580900997,
       "Baseline MG94xREV omega ratio":0,
       "Corrected P-value":1,
       "Full adaptive model":0.000778298221428949,
       "Full adaptive model (non-synonymous subs/site)":1e-10,
       "Full adaptive model (synonymous subs/site)":0.000778298221428949,
       "LRT":0,
       "Nucleotide GTR":0.0007547132942154157,
       "Rate Distributions":        [
[0, 1] 
        ],
       "Rate classes":1,
       "Uncorrected P-value":1
      },
     "Node41":{
       "Baseline MG94xREV":0.0007827643539850708,
       "Baseline MG94xREV omega ratio":0,
       "Corrected P-value":1,
       "Full adaptive model":0.0007825160405896923,
       "Full adaptive model (non-synonymous subs/site)":1e-10,
       "Full adaptive model (synonymous subs/site)":0.0007825160405896923,
       "LRT":0,
       "Nucleotide GTR":0.0007565016247019567,
       "Rate Distributions":        [
[0, 1] 
        ],
       "Rate classes":1,
       "Uncorrected P-value":1
      },
     "Node42":{
       "Baseline MG94xREV":0.0007577138974336683,
       "Baseline MG94xREV omega ratio":10000000000,
       "Corrected P-value":1,
       "Full adaptive model":0.0007589267690200505,
       "Full adaptive model (non-synonymous subs/site)":0.0007589267690200505,
       "Full adaptive model (synonymous subs/site)":1e-10,
       "LRT":0.697968141351339,
       "Nucleotide GTR":0.0007562477965621137,
       "Rate Distributions":        [
[10000000000, 1] 
        ],
       "Rate classes":1,
       "Uncorrected P-value":0.2923147643563105
      },
     "Node51":{
       "Baseline MG94xREV":0.00156334834393629,
       "Baseline MG94xREV omega ratio":0,
       "Corrected P-value":1,
       "Full adaptive model":0.001561756453705864,
       "Full adaptive model (non-synonymous subs/site)":1e-10,
       "Full adaptive model (synonymous subs/site)":0.001561756453705864,
       "LRT":0,
       "Nucleotide GTR":0.00151024305803086,
       "Rate Distributions":        [
[0, 1] 
        ],
       "Rate classes":1,
       "Uncorrected P-value":1
      },
     "Node55":{
       "Baseline MG94xREV":0.0007567068667240214,
       "Baseline MG94xREV omega ratio":10000000000,
       "Corrected P-value":1,
       "Full adaptive model":0.0007579180774796699,
       "Full adaptive model (non-synonymous subs/site)":0.0007579180774796699,
       "Full adaptive model (synonymous subs/site)":1e-10,
       "LRT":0.7154273678206664,
       "Nucleotide GTR":0.0007547523050618074,
       "Rate Distributions":        [
[10000000000, 1] 
        ],
       "Rate classes":1,
       "Uncorrected P-value":0.2893115626371116
      },
     "Node60":{
       "Baseline MG94xREV":0.0007575573959833387,
       "Baseline MG94xREV omega ratio":10000000000,
       "Corrected P-value":1,
       "Full adaptive model":0.0007584149391689971,
       "Full adaptive model (non-synonymous subs/site)":0.0007584149391689971,
       "Full adaptive model (synonymous subs/site)":1e-10,
       "LRT":0.6881035992064426,
       "Nucleotide GTR":0.0007565090664446462,
       "Rate Distributions":        [
[10000000000, 1] 
        ],
       "Rate classes":1,
       "Uncorrected P-value":0.2940296954071386
      },
     "Node69":{
       "Baseline MG94xREV":0.008175498799462005,
       "Baseline MG94xREV omega ratio":0.3824157357470866,
       "Corrected P-value":1,
       "Full adaptive model":0.008174682170247303,
       "Full adaptive model (non-synonymous subs/site)":0.003918327163447526,
       "Full adaptive model (synonymous subs/site)":0.004256355006799773,
       "LRT":0,
       "Nucleotide GTR":0.007849221946225485,
       "Rate Distributions":        [
[0.3896953888344382, 1] 
        ],
       "Rate classes":1,
       "Uncorrected P-value":1
      },
     "Node73":{
       "Baseline MG94xREV":0.0007954477377316076,
       "Baseline MG94xREV omega ratio":0,
       "Corrected P-value":1,
       "Full adaptive model":0.0007958033815817122,
       "Full adaptive model (non-synonymous subs/site)":1e-10,
       "Full adaptive model (synonymous subs/site)":0.0007958033815817122,
       "LRT":0,
       "Nucleotide GTR":0.0007620539450102147,
       "Rate Distributions":        [
[0, 1] 
        ],
       "Rate classes":1,
       "Uncorrected P-value":1
      },
     "Node9":{
       "Baseline MG94xREV":0.0007833959618637216,
       "Baseline MG94xREV omega ratio":0,
       "Corrected P-value":1,
       "Full adaptive model":0.0007837454009953925,
       "Full adaptive model (non-synonymous subs/site)":1e-10,
       "Full adaptive model (synonymous subs/site)":0.0007837454009953925,
       "LRT":0,
       "Nucleotide GTR":0.0007576405862848903,
       "Rate Distributions":        [
[0, 1] 
        ],
       "Rate classes":1,
       "Uncorrected P-value":1
      },
     "gb_KF430196_Organism_Human_coronavirus_HKU1_Strain_Name_HKU1_human_USA_HKU1_4_2005_Segment_null_Host_Human_1":{
       "Baseline MG94xREV":0.0007822116115137352,
       "Baseline MG94xREV omega ratio":10000000000,
       "Corrected P-value":null,
       "Full adaptive model":0.0007830961892598778,
       "Full adaptive model (non-synonymous subs/site)":0.0007830961892598778,
       "Full adaptive model (synonymous subs/site)":1e-10,
       "LRT":null,
       "Nucleotide GTR":0.0007794323440678127,
       "Rate Distributions":        [
[10000000000, 1] 
        ],
       "Rate classes":1,
       "Uncorrected P-value":null,
       "original name":"gb_KF430196_Organism_Human_coronavirus_HKU1_Strain_Name_HKU1_human_USA_HKU1_4_2005_Segment_null_Host_Human_1"
      },
     "gb_KF430200_Organism_Human_coronavirus_HKU1_Strain_Name_HKU1_human_USA_HKU1_16_2010_Segment_null_Host_Human_1":{
       "Baseline MG94xREV":0.0007866513446392597,
       "Baseline MG94xREV omega ratio":0,
       "Corrected P-value":null,
       "Full adaptive model":0.0007864020502744467,
       "Full adaptive model (non-synonymous subs/site)":1e-10,
       "Full adaptive model (synonymous subs/site)":0.0007864020502744467,
       "LRT":null,
       "Nucleotide GTR":0.0007564716072930376,
       "Rate Distributions":        [
[0, 1] 
        ],
       "Rate classes":1,
       "Uncorrected P-value":null,
       "original name":"gb_KF430200_Organism_Human_coronavirus_HKU1_Strain_Name_HKU1_human_USA_HKU1_16_2010_Segment_null_Host_Human_1"
      },
     "gb_KF686338_Organism_Human_coronavirus_HKU1_Strain_Name_HKU1_human_USA_HKU1_1_2005_Segment_null_Host_Human_1":{
       "Baseline MG94xREV":0.0007559773173992558,
       "Baseline MG94xREV omega ratio":10000000000,
       "Corrected P-value":null,
       "Full adaptive model":0.0007568307454913638,
       "Full adaptive model (non-synonymous subs/site)":0.0007568307454913638,
       "Full adaptive model (synonymous subs/site)":1e-10,
       "LRT":null,
       "Nucleotide GTR":0.0007546172706014034,
       "Rate Distributions":        [
[10000000000, 1] 
        ],
       "Rate classes":1,
       "Uncorrected P-value":null,
       "original name":"gb_KF686338_Organism_Human_coronavirus_HKU1_Strain_Name_HKU1_human_USA_HKU1_1_2005_Segment_null_Host_Human_1"
      },
     "gb_KF850450_Organism_Human_coronavirus_HKU1_Strain_Name_HKU1_human_USA_1102_2005_Segment_null_Host_Human_1":{
       "Baseline MG94xREV":0,
       "Baseline MG94xREV omega ratio":1,
       "Corrected P-value":null,
       "Full adaptive model":0,
       "Full adaptive model (non-synonymous subs/site)":1e-10,
       "Full adaptive model (synonymous subs/site)":1e-10,
       "LRT":null,
       "Nucleotide GTR":0,
       "Rate Distributions":        [
[1, 1] 
        ],
       "Rate classes":1,
       "Uncorrected P-value":null,
       "original name":"gb_KF850450_Organism_Human_coronavirus_HKU1_Strain_Name_HKU1_human_USA_1102_2005_Segment_null_Host_Human_1"
      },
     "gb_KY674921_Organism_Human_coronavirus_HKU1_Strain_Name_N08_87_Segment_null_Host_Human_1":{
       "Baseline MG94xREV":0,
       "Baseline MG94xREV omega ratio":1,
       "Corrected P-value":null,
       "Full adaptive model":0,
       "Full adaptive model (non-synonymous subs/site)":1e-10,
       "Full adaptive model (synonymous subs/site)":1e-10,
       "LRT":null,
       "Nucleotide GTR":0,
       "Rate Distributions":        [
[1, 1] 
        ],
       "Rate classes":1,
       "Uncorrected P-value":null,
       "original name":"gb_KY674921_Organism_Human_coronavirus_HKU1_Strain_Name_N08_87_Segment_null_Host_Human_1"
      },
     "gb_MK167038_Organism_Human_coronavirus_HKU1_Strain_Name_SC2521_Segment_null_Host_Human_1":{
       "Baseline MG94xREV":0.001512382156282449,
       "Baseline MG94xREV omega ratio":10000000000,
       "Corrected P-value":null,
       "Full adaptive model":0.001514179936918728,
       "Full adaptive model (non-synonymous subs/site)":0.001514179936918728,
       "Full adaptive model (synonymous subs/site)":1e-10,
       "LRT":null,
       "Nucleotide GTR":0.001509972081673212,
       "Rate Distributions":        [
[10000000000, 1] 
        ],
       "Rate classes":1,
       "Uncorrected P-value":null,
       "original name":"gb_MK167038_Organism_Human_coronavirus_HKU1_Strain_Name_SC2521_Segment_null_Host_Human_1"
      },
     "hm034837_HKU1_n_france_04_mar_2005_2":{
       "Baseline MG94xREV":0.003078261745397503,
       "Baseline MG94xREV omega ratio":1.212620487921009,
       "Corrected P-value":null,
       "Full adaptive model":0.003080869894407116,
       "Full adaptive model (non-synonymous subs/site)":0.00229402265917758,
       "Full adaptive model (synonymous subs/site)":0.0007868472352295388,
       "LRT":null,
       "Nucleotide GTR":0.002439764797996161,
       "Rate Distributions":        [
[1.234154968316362, 1] 
        ],
       "Rate classes":1,
       "Uncorrected P-value":null,
       "original name":"hm034837_HKU1_n_france_04_mar_2005_2"
      },
     "kf686340_HKU1_n_usa_denver_co_28_nov_2009_3":{
       "Baseline MG94xREV":0.0007619924197783462,
       "Baseline MG94xREV omega ratio":10000000000,
       "Corrected P-value":null,
       "Full adaptive model":0.0007629623632794737,
       "Full adaptive model (non-synonymous subs/site)":0.0007629623632794737,
       "Full adaptive model (synonymous subs/site)":1e-10,
       "LRT":null,
       "Nucleotide GTR":0.000756166711517922,
       "Rate Distributions":        [
[10000000000, 1] 
        ],
       "Rate classes":1,
       "Uncorrected P-value":null,
       "original name":"kf686340_HKU1_n_usa_denver_co_28_nov_2009_3"
      },
     "kf686341_HKU1_n_usa_denver_co_16_jan_2010_10":{
       "Baseline MG94xREV":0,
       "Baseline MG94xREV omega ratio":1,
       "Corrected P-value":null,
       "Full adaptive model":0,
       "Full adaptive model (non-synonymous subs/site)":1e-10,
       "Full adaptive model (synonymous subs/site)":1e-10,
       "LRT":null,
       "Nucleotide GTR":0,
       "Rate Distributions":        [
[1, 1] 
        ],
       "Rate classes":1,
       "Uncorrected P-value":null,
       "original name":"kf686341_HKU1_n_usa_denver_co_16_jan_2010_10"
      },
     "kf686342_HKU1_n_usa_denver_co_13_dec_2009_6":{
       "Baseline MG94xREV":0.0007854583002517244,
       "Baseline MG94xREV omega ratio":0,
       "Corrected P-value":null,
       "Full adaptive model":0.0007852093019886042,
       "Full adaptive model (non-synonymous subs/site)":1e-10,
       "Full adaptive model (synonymous subs/site)":0.0007852093019886042,
       "LRT":null,
       "Nucleotide GTR":0.0007564633309806016,
       "Rate Distributions":        [
[0, 1] 
        ],
       "Rate classes":1,
       "Uncorrected P-value":null,
       "original name":"kf686342_HKU1_n_usa_denver_co_13_dec_2009_6"
      },
     "kf686344_HKU1_n_usa_denver_co_28_dec_2009_2":{
       "Baseline MG94xREV":0.001588895828718164,
       "Baseline MG94xREV omega ratio":0,
       "Corrected P-value":null,
       "Full adaptive model":0.001588497311696112,
       "Full adaptive model (non-synonymous subs/site)":1e-10,
       "Full adaptive model (synonymous subs/site)":0.001588497311696112,
       "LRT":null,
       "Nucleotide GTR":0.001519253509814185,
       "Rate Distributions":        [
[0, 1] 
        ],
       "Rate classes":1,
       "Uncorrected P-value":null,
       "original name":"kf686344_HKU1_n_usa_denver_co_28_dec_2009_2"
      },
     "kr055532_HKU1_n_malaysia_2012_1":{
       "Baseline MG94xREV":0.0007575076789331428,
       "Baseline MG94xREV omega ratio":10000000000,
       "Corrected P-value":null,
       "Full adaptive model":0.0007577835219926646,
       "Full adaptive model (non-synonymous subs/site)":0.0007577835219926646,
       "Full adaptive model (synonymous subs/site)":1e-10,
       "LRT":null,
       "Nucleotide GTR":0.0007564476062452477,
       "Rate Distributions":        [
[10000000000, 1] 
        ],
       "Rate classes":1,
       "Uncorrected P-value":null,
       "original name":"kr055532_HKU1_n_malaysia_2012_1"
      },
     "kr055533_HKU1_n_malaysia_2012_4":{
       "Baseline MG94xREV":0,
       "Baseline MG94xREV omega ratio":1,
       "Corrected P-value":null,
       "Full adaptive model":0,
       "Full adaptive model (non-synonymous subs/site)":1e-10,
       "Full adaptive model (synonymous subs/site)":1e-10,
       "LRT":null,
       "Nucleotide GTR":0,
       "Rate Distributions":        [
[1, 1] 
        ],
       "Rate classes":1,
       "Uncorrected P-value":null,
       "original name":"kr055533_HKU1_n_malaysia_2012_4"
      },
     "kr055534_HKU1_n_malaysia_2012_1":{
       "Baseline MG94xREV":0,
       "Baseline MG94xREV omega ratio":1,
       "Corrected P-value":null,
       "Full adaptive model":0,
       "Full adaptive model (non-synonymous subs/site)":1e-10,
       "Full adaptive model (synonymous subs/site)":1e-10,
       "LRT":null,
       "Nucleotide GTR":0,
       "Rate Distributions":        [
[1, 1] 
        ],
       "Rate classes":1,
       "Uncorrected P-value":null,
       "original name":"kr055534_HKU1_n_malaysia_2012_1"
      },
     "kr055535_HKU1_n_malaysia_2012_1":{
       "Baseline MG94xREV":0.006922018813021488,
       "Baseline MG94xREV omega ratio":1.41389799781221,
       "Corrected P-value":null,
       "Full adaptive model":0.03891026824008972,
       "Full adaptive model (non-synonymous subs/site)":0.03807235959686924,
       "Full adaptive model (synonymous subs/site)":0.0008379086432204902,
       "LRT":null,
       "Nucleotide GTR":0.006869333157961476,
       "Rate Distributions":        [
[0, 0.9880072678631253],
        [1603.826575822635, 0.01199273213687468] 
        ],
       "Rate classes":2,
       "Uncorrected P-value":null,
       "original name":"kr055535_HKU1_n_malaysia_2012_1"
      },
     "kr055536_HKU1_n_malaysia_2012_1":{
       "Baseline MG94xREV":0.0007865078552781813,
       "Baseline MG94xREV omega ratio":0,
       "Corrected P-value":null,
       "Full adaptive model":0.0007888263878738752,
       "Full adaptive model (non-synonymous subs/site)":1e-10,
       "Full adaptive model (synonymous subs/site)":0.0007888263878738752,
       "LRT":null,
       "Nucleotide GTR":0.0007574617652785606,
       "Rate Distributions":        [
[0, 1] 
        ],
       "Rate classes":1,
       "Uncorrected P-value":null,
       "original name":"kr055536_HKU1_n_malaysia_2012_1"
      },
     "kr055542_HKU1_n_malaysia_2012_1":{
       "Baseline MG94xREV":0.001514892147905532,
       "Baseline MG94xREV omega ratio":10000000000,
       "Corrected P-value":null,
       "Full adaptive model":0.001516693208075147,
       "Full adaptive model (non-synonymous subs/site)":0.001516693208075147,
       "Full adaptive model (synonymous subs/site)":1e-10,
       "LRT":null,
       "Nucleotide GTR":0.001515005566762986,
       "Rate Distributions":        [
[10000000000, 1] 
        ],
       "Rate classes":1,
       "Uncorrected P-value":null,
       "original name":"kr055542_HKU1_n_malaysia_2012_1"
      },
     "kr055544_HKU1_n_malaysia_2012_1":{
       "Baseline MG94xREV":0.0007847114464479398,
       "Baseline MG94xREV omega ratio":0,
       "Corrected P-value":null,
       "Full adaptive model":0.0007844602855348108,
       "Full adaptive model (non-synonymous subs/site)":1e-10,
       "Full adaptive model (synonymous subs/site)":0.0007844602855348108,
       "LRT":null,
       "Nucleotide GTR":0.000757174786662267,
       "Rate Distributions":        [
[0, 1] 
        ],
       "Rate classes":1,
       "Uncorrected P-value":null,
       "original name":"kr055544_HKU1_n_malaysia_2012_1"
      },
     "kr055545_HKU1_n_malaysia_2012_1":{
       "Baseline MG94xREV":0.002297814821127862,
       "Baseline MG94xREV omega ratio":0.8073109899641687,
       "Corrected P-value":null,
       "Full adaptive model":0.002298202824059267,
       "Full adaptive model (non-synonymous subs/site)":0.001516337993245249,
       "Full adaptive model (synonymous subs/site)":0.000781864830814019,
       "LRT":null,
       "Nucleotide GTR":0.002273358384027283,
       "Rate Distributions":        [
[0.8209689917333541, 1] 
        ],
       "Rate classes":1,
       "Uncorrected P-value":null,
       "original name":"kr055545_HKU1_n_malaysia_2012_1"
      },
     "kr055546_HKU1_n_malaysia_2012_3":{
       "Baseline MG94xREV":0.0007949282036774189,
       "Baseline MG94xREV omega ratio":0,
       "Corrected P-value":null,
       "Full adaptive model":0.0007952859744787947,
       "Full adaptive model (non-synonymous subs/site)":1e-10,
       "Full adaptive model (synonymous subs/site)":0.0007952859744787947,
       "LRT":null,
       "Nucleotide GTR":0.0007619730758135808,
       "Rate Distributions":        [
[0, 1] 
        ],
       "Rate classes":1,
       "Uncorrected P-value":null,
       "original name":"kr055546_HKU1_n_malaysia_2012_3"
      },
     "kr055548_HKU1_n_malaysia_2012_2":{
       "Baseline MG94xREV":0,
       "Baseline MG94xREV omega ratio":1,
       "Corrected P-value":null,
       "Full adaptive model":0,
       "Full adaptive model (non-synonymous subs/site)":1e-10,
       "Full adaptive model (synonymous subs/site)":1e-10,
       "LRT":null,
       "Nucleotide GTR":0,
       "Rate Distributions":        [
[1, 1] 
        ],
       "Rate classes":1,
       "Uncorrected P-value":null,
       "original name":"kr055548_HKU1_n_malaysia_2012_2"
      },
     "kr055550_HKU1_n_malaysia_2012_1":{
       "Baseline MG94xREV":0.001571317904295162,
       "Baseline MG94xREV omega ratio":0,
       "Corrected P-value":null,
       "Full adaptive model":0.001570916786932956,
       "Full adaptive model (non-synonymous subs/site)":1e-10,
       "Full adaptive model (synonymous subs/site)":0.001570916786932956,
       "LRT":null,
       "Nucleotide GTR":0.001514878227813755,
       "Rate Distributions":        [
[0, 1] 
        ],
       "Rate classes":1,
       "Uncorrected P-value":null,
       "original name":"kr055550_HKU1_n_malaysia_2012_1"
      },
     "kr055552_HKU1_n_malaysia_2013_1":{
       "Baseline MG94xREV":0.0007966308903225987,
       "Baseline MG94xREV omega ratio":0,
       "Corrected P-value":null,
       "Full adaptive model":0.0007969871438716549,
       "Full adaptive model (non-synonymous subs/site)":1e-10,
       "Full adaptive model (synonymous subs/site)":0.0007969871438716549,
       "LRT":null,
       "Nucleotide GTR":0.0007619722310603594,
       "Rate Distributions":        [
[0, 1] 
        ],
       "Rate classes":1,
       "Uncorrected P-value":null,
       "original name":"kr055552_HKU1_n_malaysia_2013_1"
      },
     "kr055553_HKU1_n_malaysia_2013_1":{
       "Baseline MG94xREV":0.002323348911041448,
       "Baseline MG94xREV omega ratio":0.2029824236926348,
       "Corrected P-value":null,
       "Full adaptive model":0.002321801849696463,
       "Full adaptive model (non-synonymous subs/site)":0.0007614602722871084,
       "Full adaptive model (synonymous subs/site)":0.001560341577409355,
       "LRT":null,
       "Nucleotide GTR":0.002281373402801008,
       "Rate Distributions":        [
[0.206580814068299, 1] 
        ],
       "Rate classes":1,
       "Uncorrected P-value":null,
       "original name":"kr055553_HKU1_n_malaysia_2013_1"
      },
     "mh556923_HKU1_n_china_10_jul_2007_1":{
       "Baseline MG94xREV":0.000780205247907529,
       "Baseline MG94xREV omega ratio":0,
       "Corrected P-value":null,
       "Full adaptive model":0.0007793630524039939,
       "Full adaptive model (non-synonymous subs/site)":1e-10,
       "Full adaptive model (synonymous subs/site)":0.0007793630524039939,
       "LRT":null,
       "Nucleotide GTR":0.000754029622748901,
       "Rate Distributions":        [
[0, 1] 
        ],
       "Rate classes":1,
       "Uncorrected P-value":null,
       "original name":"mh556923_HKU1_n_china_10_jul_2007_1"
      },
     "mh556924_HKU1_n_china_11_mar_2008_10":{
       "Baseline MG94xREV":0,
       "Baseline MG94xREV omega ratio":1,
       "Corrected P-value":null,
       "Full adaptive model":0,
       "Full adaptive model (non-synonymous subs/site)":1e-10,
       "Full adaptive model (synonymous subs/site)":1e-10,
       "LRT":null,
       "Nucleotide GTR":0,
       "Rate Distributions":        [
[1, 1] 
        ],
       "Rate classes":1,
       "Uncorrected P-value":null,
       "original name":"mh556924_HKU1_n_china_11_mar_2008_10"
      },
     "mh556927_HKU1_n_china_14_apr_2008_1":{
       "Baseline MG94xREV":0,
       "Baseline MG94xREV omega ratio":1,
       "Corrected P-value":null,
       "Full adaptive model":0,
       "Full adaptive model (non-synonymous subs/site)":1e-10,
       "Full adaptive model (synonymous subs/site)":1e-10,
       "LRT":null,
       "Nucleotide GTR":0,
       "Rate Distributions":        [
[1, 1] 
        ],
       "Rate classes":1,
       "Uncorrected P-value":null,
       "original name":"mh556927_HKU1_n_china_14_apr_2008_1"
      },
     "mh556929_HKU1_n_china_24_apr_2008_1":{
       "Baseline MG94xREV":0,
       "Baseline MG94xREV omega ratio":1,
       "Corrected P-value":null,
       "Full adaptive model":0,
       "Full adaptive model (non-synonymous subs/site)":1e-10,
       "Full adaptive model (synonymous subs/site)":1e-10,
       "LRT":null,
       "Nucleotide GTR":0,
       "Rate Distributions":        [
[1, 1] 
        ],
       "Rate classes":1,
       "Uncorrected P-value":null,
       "original name":"mh556929_HKU1_n_china_24_apr_2008_1"
      },
     "mh556930_HKU1_n_china_09_feb_2009_18":{
       "Baseline MG94xREV":0,
       "Baseline MG94xREV omega ratio":1,
       "Corrected P-value":null,
       "Full adaptive model":0,
       "Full adaptive model (non-synonymous subs/site)":1e-10,
       "Full adaptive model (synonymous subs/site)":1e-10,
       "LRT":null,
       "Nucleotide GTR":0,
       "Rate Distributions":        [
[1, 1] 
        ],
       "Rate classes":1,
       "Uncorrected P-value":null,
       "original name":"mh556930_HKU1_n_china_09_feb_2009_18"
      },
     "mh556934_HKU1_n_china_31_oct_2014_1":{
       "Baseline MG94xREV":0.0008143362761406999,
       "Baseline MG94xREV omega ratio":0,
       "Corrected P-value":null,
       "Full adaptive model":0.0008147016974852354,
       "Full adaptive model (non-synonymous subs/site)":1e-10,
       "Full adaptive model (synonymous subs/site)":0.0008147016974852354,
       "LRT":null,
       "Nucleotide GTR":0.0007625209436282047,
       "Rate Distributions":        [
[0, 1] 
        ],
       "Rate classes":1,
       "Uncorrected P-value":null,
       "original name":"mh556934_HKU1_n_china_31_oct_2014_1"
      },
     "mh556935_HKU1_n_china_02_jun_2015_1":{
       "Baseline MG94xREV":0,
       "Baseline MG94xREV omega ratio":1,
       "Corrected P-value":null,
       "Full adaptive model":0,
       "Full adaptive model (non-synonymous subs/site)":1e-10,
       "Full adaptive model (synonymous subs/site)":1e-10,
       "LRT":null,
       "Nucleotide GTR":0,
       "Rate Distributions":        [
[1, 1] 
        ],
       "Rate classes":1,
       "Uncorrected P-value":null,
       "original name":"mh556935_HKU1_n_china_02_jun_2015_1"
      },
     "mh556937_HKU1_n_china_22_may_2006_2":{
       "Baseline MG94xREV":0.0007903365150432485,
       "Baseline MG94xREV omega ratio":0,
       "Corrected P-value":null,
       "Full adaptive model":0.0007906895291670086,
       "Full adaptive model (non-synonymous subs/site)":1e-10,
       "Full adaptive model (synonymous subs/site)":0.0007906895291670086,
       "LRT":null,
       "Nucleotide GTR":0.0007591316546883398,
       "Rate Distributions":        [
[0, 1] 
        ],
       "Rate classes":1,
       "Uncorrected P-value":null,
       "original name":"mh556937_HKU1_n_china_22_may_2006_2"
      },
     "mh556942_HKU1_n_china_29_jul_2014_1":{
       "Baseline MG94xREV":0.0007940209062100972,
       "Baseline MG94xREV omega ratio":0,
       "Corrected P-value":null,
       "Full adaptive model":0.0007943758161322021,
       "Full adaptive model (non-synonymous subs/site)":1e-10,
       "Full adaptive model (synonymous subs/site)":0.0007943758161322021,
       "LRT":null,
       "Nucleotide GTR":0.0007596025645608417,
       "Rate Distributions":        [
[0, 1] 
        ],
       "Rate classes":1,
       "Uncorrected P-value":null,
       "original name":"mh556942_HKU1_n_china_29_jul_2014_1"
      },
     "mh556943_HKU1_n_china_30_may_2016_1":{
       "Baseline MG94xREV":0.0007561666833566806,
       "Baseline MG94xREV omega ratio":10000000000,
       "Corrected P-value":null,
       "Full adaptive model":0.0007571288791665582,
       "Full adaptive model (non-synonymous subs/site)":0.0007571288791665582,
       "Full adaptive model (synonymous subs/site)":1e-10,
       "LRT":null,
       "Nucleotide GTR":0.0007544481596559743,
       "Rate Distributions":        [
[10000000000, 1] 
        ],
       "Rate classes":1,
       "Uncorrected P-value":null,
       "original name":"mh556943_HKU1_n_china_30_may_2016_1"
      },
     "mh556946_HKU1_n_china_22_mar_2007_1":{
       "Baseline MG94xREV":0,
       "Baseline MG94xREV omega ratio":1,
       "Corrected P-value":null,
       "Full adaptive model":0,
       "Full adaptive model (non-synonymous subs/site)":1e-10,
       "Full adaptive model (synonymous subs/site)":1e-10,
       "LRT":null,
       "Nucleotide GTR":0,
       "Rate Distributions":        [
[1, 1] 
        ],
       "Rate classes":1,
       "Uncorrected P-value":null,
       "original name":"mh556946_HKU1_n_china_22_mar_2007_1"
      },
     "mh556947_HKU1_n_china_05_jun_2012_1":{
       "Baseline MG94xREV":0.0007792662673297054,
       "Baseline MG94xREV omega ratio":0,
       "Corrected P-value":null,
       "Full adaptive model":0.0007783090177835601,
       "Full adaptive model (non-synonymous subs/site)":1e-10,
       "Full adaptive model (synonymous subs/site)":0.0007783090177835601,
       "LRT":null,
       "Nucleotide GTR":0.000754617268114569,
       "Rate Distributions":        [
[0, 1] 
        ],
       "Rate classes":1,
       "Uncorrected P-value":null,
       "original name":"mh556947_HKU1_n_china_05_jun_2012_1"
      },
     "mh556948_HKU1_n_china_16_mar_2010_1":{
       "Baseline MG94xREV":0.00152891482173185,
       "Baseline MG94xREV omega ratio":10000000000,
       "Corrected P-value":null,
       "Full adaptive model":0.001530949411876021,
       "Full adaptive model (non-synonymous subs/site)":0.001530949411876021,
       "Full adaptive model (synonymous subs/site)":1e-10,
       "LRT":null,
       "Nucleotide GTR":0.001518809622317499,
       "Rate Distributions":        [
[10000000000, 1] 
        ],
       "Rate classes":1,
       "Uncorrected P-value":null,
       "original name":"mh556948_HKU1_n_china_16_mar_2010_1"
      },
     "mh556953_HKU1_n_china_05_feb_2011_1":{
       "Baseline MG94xREV":0.001514076407268892,
       "Baseline MG94xREV omega ratio":10000000000,
       "Corrected P-value":null,
       "Full adaptive model":0.001514716201696478,
       "Full adaptive model (non-synonymous subs/site)":0.001514716201696478,
       "Full adaptive model (synonymous subs/site)":1e-10,
       "LRT":null,
       "Nucleotide GTR":0.001510238072172647,
       "Rate Distributions":        [
[10000000000, 1] 
        ],
       "Rate classes":1,
       "Uncorrected P-value":null,
       "original name":"mh556953_HKU1_n_china_05_feb_2011_1"
      },
     "mh940245_HKU1_n_thailand_04_jun_2017_2":{
       "Baseline MG94xREV":0.00077925545696258,
       "Baseline MG94xREV omega ratio":0,
       "Corrected P-value":null,
       "Full adaptive model":0.0007782982203023893,
       "Full adaptive model (non-synonymous subs/site)":1e-10,
       "Full adaptive model (synonymous subs/site)":0.0007782982203023893,
       "LRT":null,
       "Nucleotide GTR":0.0007547132904061099,
       "Rate Distributions":        [
[0, 1] 
        ],
       "Rate classes":1,
       "Uncorrected P-value":null,
       "original name":"mh940245_HKU1_n_thailand_04_jun_2017_2"
      }
    },
   "attributes":{
     "Baseline MG94xREV":{
       "attribute type":"branch length",
       "display order":1
      },
     "Baseline MG94xREV omega ratio":{
       "attribute type":"branch label",
       "display order":1
      },
     "Corrected P-value":{
       "attribute type":"branch label",
       "display order":6
      },
     "Full adaptive model":{
       "attribute type":"branch length",
       "display order":2
      },
     "Full adaptive model (non-synonymous subs/site)":{
       "attribute type":"branch label",
       "display order":10
      },
     "Full adaptive model (synonymous subs/site)":{
       "attribute type":"branch label",
       "display order":9
      },
     "LRT":{
       "attribute type":"branch label",
       "display order":4
      },
     "Nucleotide GTR":{
       "attribute type":"branch length",
       "display order":0
      },
     "Rate Distributions":{
       "attribute type":"branch label",
       "display order":3
      },
     "Rate classes":{
       "attribute type":"branch label",
       "display order":2
      },
     "Uncorrected P-value":{
       "attribute type":"branch label",
       "display order":5
      },
     "original name":{
       "attribute type":"node label",
       "display order":-1
      }
    }
  },
 "data partitions":{
   "0":{
     "coverage":      [
[0, 1, 2, 3, 4, 5, 6, 7, 8, 9, 10, 11, 12, 13, 14, 15, 16, 17, 18, 19, 20, 21, 22, 23, 24, 25, 26, 27, 28, 29, 30, 31, 32, 33, 34, 35, 36, 37, 38, 39, 40, 41, 42, 43, 44, 45, 46, 47, 48, 49, 50, 51, 52, 53, 54, 55, 56, 57, 58, 59, 60, 61, 62, 63, 64, 65, 66, 67, 68, 69, 70, 71, 72, 73, 74, 75, 76, 77, 78, 79, 80, 81, 82, 83, 84, 85, 86, 87, 88, 89, 90, 91, 92, 93, 94, 95, 96, 97, 98, 99, 100, 101, 102, 103, 104, 105, 106, 107, 108, 109, 110, 111, 112, 113, 114, 115, 116, 117, 118, 119, 120, 121, 122, 123, 124, 125, 126, 127, 128, 129, 130, 131, 132, 133, 134, 135, 136, 137, 138, 139, 140, 141, 142, 143, 144, 145, 146, 147, 148, 149, 150, 151, 152, 153, 154, 155, 156, 157, 158, 159, 160, 161, 162, 163, 164, 165, 166, 167, 168, 169, 170, 171, 172, 173, 174, 175, 176, 177, 178, 179, 180, 181, 182, 183, 184, 185, 186, 187, 188, 189, 190, 191, 192, 193, 194, 195, 196, 197, 198, 199, 200, 201, 202, 203, 204, 205, 206, 207, 208, 209, 210, 211, 212, 213, 214, 215, 216, 217, 218, 219, 220, 221, 222, 223, 224, 225, 226, 227, 228, 229, 230, 231, 232, 233, 234, 235, 236, 237, 238, 239, 240, 241, 242, 243, 244, 245, 246, 247, 248, 249, 250, 251, 252, 253, 254, 255, 256, 257, 258, 259, 260, 261, 262, 263, 264, 265, 266, 267, 268, 269, 270, 271, 272, 273, 274, 275, 276, 277, 278, 279, 280, 281, 282, 283, 284, 285, 286, 287, 288, 289, 290, 291, 292, 293, 294, 295, 296, 297, 298, 299, 300, 301, 302, 303, 304, 305, 306, 307, 308, 309, 310, 311, 312, 313, 314, 315, 316, 317, 318, 319, 320, 321, 322, 323, 324, 325, 326, 327, 328, 329, 330, 331, 332, 333, 334, 335, 336, 337, 338, 339, 340, 341, 342, 343, 344, 345, 346, 347, 348, 349, 350, 351, 352, 353, 354, 355, 356, 357, 358, 359, 360, 361, 362, 363, 364, 365, 366, 367, 368, 369, 370, 371, 372, 373, 374, 375, 376, 377, 378, 379, 380, 381, 382, 383, 384, 385, 386, 387, 388, 389, 390, 391, 392, 393, 394, 395, 396, 397, 398, 399, 400, 401, 402, 403, 404, 405, 406, 407, 408, 409, 410, 411, 412, 413, 414, 415, 416, 417, 418, 419, 420, 421, 422, 423, 424, 425, 426, 427, 428, 429, 430, 431, 432, 433, 434, 435, 436, 437, 438, 439, 440, 441] 
      ],
     "name":"absrel.filter.default"
    }
  },
 "fits":{
   "Baseline MG94xREV":{
     "AIC-c":5641.076746102029,
     "Equilibrium frequencies":      [
[0.02876039545204554],
      [0.01222904937015977],
      [0.01196567610040129],
      [0.04788030176294069],
      [0.02147305601398764],
      [0.009130439898196339],
      [0.008933800426269026],
      [0.03574834022837235],
      [0.01502364606975428],
      [0.006388121811926088],
      [0.006250542799993416],
      [0.02501136358152166],
      [0.01544934225744772],
      [0.006569129743638014],
      [0.006427652419630201],
      [0.0257200625269197],
      [0.02221895908940816],
      [0.009447601237298259],
      [0.009244131159295867],
      [0.03699011954940391],
      [0.01658909572001131],
      [0.007053758036970794],
      [0.006901843422674172],
      [0.02761752390967061],
      [0.01160657814855868],
      [0.004935169178532509],
      [0.004828881959958266],
      [0.01932262945114052],
      [0.01193545144915874],
      [0.005075007583615344],
      [0.004965708708380825],
      [0.01987013766954319],
      [0.02688107399675241],
      [0.01142995344334958],
      [0.0111837900564466],
      [0.04475160770381211],
      [0.02006991901800701],
      [0.008533819743040431],
      [0.008350029495636704],
      [0.03341239798118326],
      [0.01404193980487706],
      [0.005970695897174807],
      [0.005842106858601653],
      [0.0233770191482796],
      [0.01443981926869051],
      [0.006139876032909043],
      [0.006007643413859778],
      [0.0240394088161974],
      [0.01259257544855572],
      [0.04930361258665591],
      [0.02211137348312705],
      [0.009401855354112336],
      [0.009199370491106463],
      [0.03681101104922082],
      [0.006578017919163304],
      [0.006436349173256746],
      [0.02575486233133551],
      [0.0159085961728298],
      [0.006764406571942098],
      [0.006618723631028034],
      [0.02648462837202327] 
      ],
     "Log Likelihood":-2705.755800461509,
     "Rate Distributions":{
       "Per-branch omega":{
         "2.5%":0,
         "97.5%":10000000000,
         "Mean":909090909.6443412,
         "Median":0.556276706228801
        }
      },
     "display order":1,
     "estimated parameters":130
    },
   "Full adaptive model":{
     "AIC-c":5641.076746102029,
     "Log Likelihood":-2685.507310070108,
     "Rate Distributions":{
      },
     "display order":2,
     "estimated parameters":134
    },
   "Nucleotide GTR":{
     "AIC-c":5641.076746102029,
     "Equilibrium frequencies":      [
[0.2913826403090207],
      [0.2094315685828978],
      [0.1863686283420435],
      [0.312817162766038] 
      ],
     "Log Likelihood":-2849.078896227719,
     "Rate Distributions":{
       "Substitution rate from nucleotide A to nucleotide C":0.4264809388360516,
       "Substitution rate from nucleotide A to nucleotide G":1,
       "Substitution rate from nucleotide A to nucleotide T":0.4004520598427769,
       "Substitution rate from nucleotide C to nucleotide G":0.2815688334469564,
       "Substitution rate from nucleotide C to nucleotide T":2.922328492106181,
       "Substitution rate from nucleotide G to nucleotide T":0.5872062865090818
      },
     "display order":0,
     "estimated parameters":85
    }
  },
 "input":{
   "file name":"/data/shares/veg/SARS-CoV-2/coronavirus-comparative-data/data/catted/HKU1_N.catted.qa.fasta_protein.aligned.compressed.codon.fas",
   "number of sequences":40,
   "number of sites":442,
   "partition count":1,
   "trees":{
     "0":"(mh556942_HKU1_n_china_29_jul_2014_1,(kr055552_HKU1_n_malaysia_2013_1,kr055546_HKU1_n_malaysia_2012_3,kr055548_HKU1_n_malaysia_2012_2)Node73,mh556930_HKU1_n_china_09_feb_2009_18,kf686344_HKU1_n_usa_denver_co_28_dec_2009_2,mh556948_HKU1_n_china_16_mar_2010_1,mh556937_HKU1_n_china_22_may_2006_2,(mh556934_HKU1_n_china_31_oct_2014_1,(HKU1_lcl_NC_006577_2_cds_YP_173242_1_7_gene_N_locus_tag_HCHV1gp7_db_xref_GeneID_3200423_protein_nucleocapsid_phosphoprotein_protein_id_YP_173242_1_location_28320_29645_gbkey_CDS__4,(((kf686342_HKU1_n_usa_denver_co_13_dec_2009_6,kf686341_HKU1_n_usa_denver_co_16_jan_2010_10,gb_KF430200_Organism_Human_coronavirus_HKU1_Strain_Name_HKU1_human_USA_HKU1_16_2010_Segment_null_Host_Human_1,kf686340_HKU1_n_usa_denver_co_28_nov_2009_3)Node15,hm034837_HKU1_n_france_04_mar_2005_2)Node14,((mh556929_HKU1_n_china_24_apr_2008_1,(mh556923_HKU1_n_china_10_jul_2007_1,(kr055550_HKU1_n_malaysia_2012_1,(mh556953_HKU1_n_china_05_feb_2011_1,(mh556935_HKU1_n_china_02_jun_2015_1,mh556943_HKU1_n_china_30_may_2016_1)Node35,mh556924_HKU1_n_china_11_mar_2008_10,kr055536_HKU1_n_malaysia_2012_1,((kr055545_HKU1_n_malaysia_2012_1,kr055532_HKU1_n_malaysia_2012_1,kr055553_HKU1_n_malaysia_2013_1)Node42,kr055534_HKU1_n_malaysia_2012_1)Node41,(mh556947_HKU1_n_china_05_jun_2012_1,mh556946_HKU1_n_china_22_mar_2007_1)Node55,(gb_KY674921_Organism_Human_coronavirus_HKU1_Strain_Name_N08_87_Segment_null_Host_Human_1,gb_KF686338_Organism_Human_coronavirus_HKU1_Strain_Name_HKU1_human_USA_HKU1_1_2005_Segment_null_Host_Human_1)Node51,mh940245_HKU1_n_thailand_04_jun_2017_2,gb_MK167038_Organism_Human_coronavirus_HKU1_Strain_Name_SC2521_Segment_null_Host_Human_1,(kr055535_HKU1_n_malaysia_2012_1,kr055533_HKU1_n_malaysia_2012_4,kr055542_HKU1_n_malaysia_2012_1,kr055544_HKU1_n_malaysia_2012_1)Node60)Node30,mh556927_HKU1_n_china_14_apr_2008_1)Node28)Node26)Node24,(gb_KF850450_Organism_Human_coronavirus_HKU1_Strain_Name_HKU1_human_USA_1102_2005_Segment_null_Host_Human_1,gb_KF430196_Organism_Human_coronavirus_HKU1_Strain_Name_HKU1_human_USA_HKU1_4_2005_Segment_null_Host_Human_1)Node69)Node23)Node13)Node11)Node9)"
    }
  },
 "test results":{
   "P-value threshold":0.05,
   "positive test results":0,
   "tested":18
  },
 "tested":{
   "0":{
     "HKU1_lcl_NC_006577_2_cds_YP_173242_1_7_gene_N_locus_tag_HCHV1gp7_db_xref_GeneID_3200423_protein_nucleocapsid_phosphoprotein_protein_id_YP_173242_1_location_28320_29645_gbkey_CDS__4":"background",
     "Node11":"test",
     "Node13":"test",
     "Node14":"test",
     "Node15":"test",
     "Node23":"test",
     "Node24":"test",
     "Node26":"test",
     "Node28":"test",
     "Node30":"test",
     "Node35":"test",
     "Node41":"test",
     "Node42":"test",
     "Node51":"test",
     "Node55":"test",
     "Node60":"test",
     "Node69":"test",
     "Node73":"test",
     "Node9":"test",
     "gb_KF430196_Organism_Human_coronavirus_HKU1_Strain_Name_HKU1_human_USA_HKU1_4_2005_Segment_null_Host_Human_1":"background",
     "gb_KF430200_Organism_Human_coronavirus_HKU1_Strain_Name_HKU1_human_USA_HKU1_16_2010_Segment_null_Host_Human_1":"background",
     "gb_KF686338_Organism_Human_coronavirus_HKU1_Strain_Name_HKU1_human_USA_HKU1_1_2005_Segment_null_Host_Human_1":"background",
     "gb_KF850450_Organism_Human_coronavirus_HKU1_Strain_Name_HKU1_human_USA_1102_2005_Segment_null_Host_Human_1":"background",
     "gb_KY674921_Organism_Human_coronavirus_HKU1_Strain_Name_N08_87_Segment_null_Host_Human_1":"background",
     "gb_MK167038_Organism_Human_coronavirus_HKU1_Strain_Name_SC2521_Segment_null_Host_Human_1":"background",
     "hm034837_HKU1_n_france_04_mar_2005_2":"background",
     "kf686340_HKU1_n_usa_denver_co_28_nov_2009_3":"background",
     "kf686341_HKU1_n_usa_denver_co_16_jan_2010_10":"background",
     "kf686342_HKU1_n_usa_denver_co_13_dec_2009_6":"background",
     "kf686344_HKU1_n_usa_denver_co_28_dec_2009_2":"background",
     "kr055532_HKU1_n_malaysia_2012_1":"background",
     "kr055533_HKU1_n_malaysia_2012_4":"background",
     "kr055534_HKU1_n_malaysia_2012_1":"background",
     "kr055535_HKU1_n_malaysia_2012_1":"background",
     "kr055536_HKU1_n_malaysia_2012_1":"background",
     "kr055542_HKU1_n_malaysia_2012_1":"background",
     "kr055544_HKU1_n_malaysia_2012_1":"background",
     "kr055545_HKU1_n_malaysia_2012_1":"background",
     "kr055546_HKU1_n_malaysia_2012_3":"background",
     "kr055548_HKU1_n_malaysia_2012_2":"background",
     "kr055550_HKU1_n_malaysia_2012_1":"background",
     "kr055552_HKU1_n_malaysia_2013_1":"background",
     "kr055553_HKU1_n_malaysia_2013_1":"background",
     "mh556923_HKU1_n_china_10_jul_2007_1":"background",
     "mh556924_HKU1_n_china_11_mar_2008_10":"background",
     "mh556927_HKU1_n_china_14_apr_2008_1":"background",
     "mh556929_HKU1_n_china_24_apr_2008_1":"background",
     "mh556930_HKU1_n_china_09_feb_2009_18":"background",
     "mh556934_HKU1_n_china_31_oct_2014_1":"background",
     "mh556935_HKU1_n_china_02_jun_2015_1":"background",
     "mh556937_HKU1_n_china_22_may_2006_2":"background",
     "mh556942_HKU1_n_china_29_jul_2014_1":"background",
     "mh556943_HKU1_n_china_30_may_2016_1":"background",
     "mh556946_HKU1_n_china_22_mar_2007_1":"background",
     "mh556947_HKU1_n_china_05_jun_2012_1":"background",
     "mh556948_HKU1_n_china_16_mar_2010_1":"background",
     "mh556953_HKU1_n_china_05_feb_2011_1":"background",
     "mh940245_HKU1_n_thailand_04_jun_2017_2":"background"
    }
  },
 "timers":{
   "Baseline model fitting":{
     "order":2,
     "timer":7
    },
   "Complexity analysis":{
     "order":3,
     "timer":126
    },
   "Full adaptive model fitting":{
     "order":4,
     "timer":9
    },
   "Overall":{
     "order":0,
     "timer":251
    },
   "Preliminary model fitting":{
     "order":1,
     "timer":1
    },
   "Testing for selection":{
     "order":5,
     "timer":107
    }
  }
}