{
 "analysis":{
   "authors":"Sergei L Kosakovsky Pond, Ben Murrell, Steven Weaver and Temple iGEM / UCSD viral evolution group",
   "citation":"Less Is More: An Adaptive Branch-Site Random Effects Model for Efficient Detection of Episodic Diversifying Selection (2015). Mol Biol Evol 32 (5): 1342-1353. v2.2 adds support for multiple-hit models",
   "contact":"spond@temple.edu",
   "info":"aBSREL (Adaptive branch-site random effects likelihood)\n                            uses an adaptive random effects branch-site model framework\n                            to test whether each branch has evolved under positive selection,\n                            using a procedure which infers an optimal number of rate categories per branch.",
   "requirements":"in-frame codon alignment and a phylogenetic tree",
   "version":"2.2"
  },
 "branch attributes":{
   "0":{
     "HKU1_lcl_NC_006577_2_cds_YP_173240_1_5_gene_E_locus_tag_HCHV1gp5_db_xref_GeneID_3200430_protein_envelope_protein_protein_id_YP_173240_1_location_27373_27621_gbkey_CDS__23":{
       "Baseline MG94xREV":0,
       "Baseline MG94xREV omega ratio":1,
       "Corrected P-value":null,
       "Full adaptive model":0,
       "Full adaptive model (non-synonymous subs/site)":1e-10,
       "Full adaptive model (synonymous subs/site)":1e-10,
       "LRT":null,
       "Nucleotide GTR":0,
       "Rate Distributions":        [
[1, 1] 
        ],
       "Rate classes":1,
       "Uncorrected P-value":null,
       "original name":"HKU1_lcl_NC_006577_2_cds_YP_173240_1_5_gene_E_locus_tag_HCHV1gp5_db_xref_GeneID_3200430_protein_envelope_protein_protein_id_YP_173240_1_location_27373_27621_gbkey_CDS__23"
      },
     "Node6":{
       "Baseline MG94xREV":0.004631358819968561,
       "Baseline MG94xREV omega ratio":0,
       "Corrected P-value":1,
       "Full adaptive model":0.004696102446418502,
       "Full adaptive model (non-synonymous subs/site)":1e-10,
       "Full adaptive model (synonymous subs/site)":0.004696102446418502,
       "LRT":0,
       "Nucleotide GTR":0.004082216913276159,
       "Rate Distributions":        [
[0, 1] 
        ],
       "Rate classes":1,
       "Uncorrected P-value":1
      },
     "gb_KF430196_Organism_Human_coronavirus_HKU1_Strain_Name_HKU1_human_USA_HKU1_4_2005_Segment_null_Host_Human_1":{
       "Baseline MG94xREV":0.004444488634180599,
       "Baseline MG94xREV omega ratio":0,
       "Corrected P-value":null,
       "Full adaptive model":0.004502608448252964,
       "Full adaptive model (non-synonymous subs/site)":1e-10,
       "Full adaptive model (synonymous subs/site)":0.004502608448252964,
       "LRT":null,
       "Nucleotide GTR":0.004057894595002397,
       "Rate Distributions":        [
[0, 1] 
        ],
       "Rate classes":1,
       "Uncorrected P-value":null,
       "original name":"gb_KF430196_Organism_Human_coronavirus_HKU1_Strain_Name_HKU1_human_USA_HKU1_4_2005_Segment_null_Host_Human_1"
      },
     "gb_KF686340_Organism_Human_coronavirus_HKU1_Strain_Name_HKU1_human_USA_HKU1_5_2009_Segment_null_Host_Human_3":{
       "Baseline MG94xREV":0.004450941362380219,
       "Baseline MG94xREV omega ratio":0,
       "Corrected P-value":null,
       "Full adaptive model":0.004507517632203161,
       "Full adaptive model (non-synonymous subs/site)":1e-10,
       "Full adaptive model (synonymous subs/site)":0.004507517632203161,
       "LRT":null,
       "Nucleotide GTR":0.004057894587130839,
       "Rate Distributions":        [
[0, 1] 
        ],
       "Rate classes":1,
       "Uncorrected P-value":null,
       "original name":"gb_KF686340_Organism_Human_coronavirus_HKU1_Strain_Name_HKU1_human_USA_HKU1_5_2009_Segment_null_Host_Human_3"
      },
     "gb_KY674941_Organism_Human_coronavirus_HKU1_Strain_Name_N09_1663B_Segment_null_Host_Human_3":{
       "Baseline MG94xREV":0.004564891429958127,
       "Baseline MG94xREV omega ratio":0,
       "Corrected P-value":null,
       "Full adaptive model":0.004640903529803283,
       "Full adaptive model (non-synonymous subs/site)":1e-10,
       "Full adaptive model (synonymous subs/site)":0.004640903529803283,
       "LRT":null,
       "Nucleotide GTR":0.004080389245432877,
       "Rate Distributions":        [
[0, 1] 
        ],
       "Rate classes":1,
       "Uncorrected P-value":null,
       "original name":"gb_KY674941_Organism_Human_coronavirus_HKU1_Strain_Name_N09_1663B_Segment_null_Host_Human_3"
      },
     "kf686341_HKU1_e_usa_denver_co_16_jan_2010_2":{
       "Baseline MG94xREV":0,
       "Baseline MG94xREV omega ratio":1,
       "Corrected P-value":null,
       "Full adaptive model":0,
       "Full adaptive model (non-synonymous subs/site)":1e-10,
       "Full adaptive model (synonymous subs/site)":1e-10,
       "LRT":null,
       "Nucleotide GTR":0,
       "Rate Distributions":        [
[1, 1] 
        ],
       "Rate classes":1,
       "Uncorrected P-value":null,
       "original name":"kf686341_HKU1_e_usa_denver_co_16_jan_2010_2"
      },
     "mh940245_HKU1_e_thailand_04_jun_2017_1":{
       "Baseline MG94xREV":0.1965965325186834,
       "Baseline MG94xREV omega ratio":0.2339415446271085,
       "Corrected P-value":null,
       "Full adaptive model":0.1955448103693142,
       "Full adaptive model (non-synonymous subs/site)":0.08127174065373548,
       "Full adaptive model (synonymous subs/site)":0.1142730697155788,
       "LRT":null,
       "Nucleotide GTR":0.1582376411861695,
       "Rate Distributions":        [
[0.2083376748916053, 1] 
        ],
       "Rate classes":1,
       "Uncorrected P-value":null,
       "original name":"mh940245_HKU1_e_thailand_04_jun_2017_1"
      }
    },
   "attributes":{
     "Baseline MG94xREV":{
       "attribute type":"branch length",
       "display order":1
      },
     "Baseline MG94xREV omega ratio":{
       "attribute type":"branch label",
       "display order":1
      },
     "Corrected P-value":{
       "attribute type":"branch label",
       "display order":6
      },
     "Full adaptive model":{
       "attribute type":"branch length",
       "display order":2
      },
     "Full adaptive model (non-synonymous subs/site)":{
       "attribute type":"branch label",
       "display order":10
      },
     "Full adaptive model (synonymous subs/site)":{
       "attribute type":"branch label",
       "display order":9
      },
     "LRT":{
       "attribute type":"branch label",
       "display order":4
      },
     "Nucleotide GTR":{
       "attribute type":"branch length",
       "display order":0
      },
     "Rate Distributions":{
       "attribute type":"branch label",
       "display order":3
      },
     "Rate classes":{
       "attribute type":"branch label",
       "display order":2
      },
     "Uncorrected P-value":{
       "attribute type":"branch label",
       "display order":5
      },
     "original name":{
       "attribute type":"node label",
       "display order":-1
      }
    }
  },
 "data partitions":{
   "0":{
     "coverage":      [
[0, 1, 2, 3, 4, 5, 6, 7, 8, 9, 10, 11, 12, 13, 14, 15, 16, 17, 18, 19, 20, 21, 22, 23, 24, 25, 26, 27, 28, 29, 30, 31, 32, 33, 34, 35, 36, 37, 38, 39, 40, 41, 42, 43, 44, 45, 46, 47, 48, 49, 50, 51, 52, 53, 54, 55, 56, 57, 58, 59, 60, 61, 62, 63, 64, 65, 66, 67, 68, 69, 70, 71, 72, 73, 74, 75, 76, 77, 78, 79, 80, 81, 82] 
      ],
     "name":"absrel.filter.default"
    }
  },
 "fits":{
   "Baseline MG94xREV":{
     "AIC-c":926.078607295686,
     "Equilibrium frequencies":      [
[0.01806079823608044],
      [0.005490791961206398],
      [0.008407130188780507],
      [0.0377738461743627],
      [0.01211386511765011],
      [0.003682822449909992],
      [0.005638889256287563],
      [0.02533593873038023],
      [0.009197257220583076],
      [0.002796123701279144],
      [0.004281235957703941],
      [0.01923590391383211],
      [0.03066263348923582],
      [0.009321965688967917],
      [0.01427316491249454],
      [0.06413036597736883],
      [0.008007134335081252],
      [0.002434305962819132],
      [0.003727245048316961],
      [0.01674678254622135],
      [0.00537060123512734],
      [0.001632754748888775],
      [0.002499963909986057],
      [0.0112325193088237],
      [0.004077542593459973],
      [0.00123964277774389],
      [0.001898057382925244],
      [0.008528109593022918],
      [0.01359407387239354],
      [0.004132831260440638],
      [0.006327912385001798],
      [0.02843176966081631],
      [0.01506841993847443],
      [0.004581057713217296],
      [0.007014206487778312],
      [0.03151533887962637],
      [0.01010679618280277],
      [0.003072639121964323],
      [0.004704617713437943],
      [0.02113818887374274],
      [0.007673422418564621],
      [0.002332851825265689],
      [0.003571905317977798],
      [0.01604882986238767],
      [0.02558233760190693],
      [0.007777468737389705],
      [0.01190833538702118],
      [0.05350501526696438],
      [0.008984899611735599],
      [0.06181152340567321],
      [0.01982261625666799],
      [0.00602641481121007],
      [0.009227239758380216],
      [0.04145865799867868],
      [0.004575458501339369],
      [0.007005633352328109],
      [0.03147681915976285],
      [0.05017503589258092],
      [0.01525407017624793],
      [0.02335600306596459],
      [0.1049402170837162] 
      ],
     "Log Likelihood":-433.8107766055209,
     "Rate Distributions":{
       "Per-branch omega":{
         "2.5%":0,
         "97.5%":1,
         "Mean":0.4113138482090362,
         "Median":0.2339415446271085
        }
      },
     "display order":1,
     "estimated parameters":28
    },
   "Full adaptive model":{
     "AIC-c":926.078607295686,
     "Log Likelihood":-433.3079603642609,
     "Rate Distributions":{
      },
     "display order":2,
     "estimated parameters":28
    },
   "Nucleotide GTR":{
     "AIC-c":926.078607295686,
     "Equilibrium frequencies":      [
[0.2432249322493225],
      [0.1287262872628726],
      [0.1544715447154472],
      [0.4735772357723577] 
      ],
     "Log Likelihood":-457.9561146925645,
     "Rate Distributions":{
       "Substitution rate from nucleotide A to nucleotide C":1.258232647055016,
       "Substitution rate from nucleotide A to nucleotide G":1,
       "Substitution rate from nucleotide A to nucleotide T":0.7197967302295872,
       "Substitution rate from nucleotide C to nucleotide G":0.5594759520603563,
       "Substitution rate from nucleotide C to nucleotide T":4.026713333376706,
       "Substitution rate from nucleotide G to nucleotide T":1.007245060682681
      },
     "display order":0,
     "estimated parameters":17
    }
  },
 "input":{
   "file name":"/data/shares/veg/SARS-CoV-2/coronavirus-comparative-data/data/catted/HKU1_E.catted.qa.fasta_protein.aligned.compressed.codon.fas",
   "number of sequences":6,
   "number of sites":83,
   "partition count":1,
   "trees":{
     "0":"((kf686341_HKU1_e_usa_denver_co_16_jan_2010_2,mh940245_HKU1_e_thailand_04_jun_2017_1)Node6,gb_KF686340_Organism_Human_coronavirus_HKU1_Strain_Name_HKU1_human_USA_HKU1_5_2009_Segment_null_Host_Human_3,HKU1_lcl_NC_006577_2_cds_YP_173240_1_5_gene_E_locus_tag_HCHV1gp5_db_xref_GeneID_3200430_protein_envelope_protein_protein_id_YP_173240_1_location_27373_27621_gbkey_CDS__23,gb_KF430196_Organism_Human_coronavirus_HKU1_Strain_Name_HKU1_human_USA_HKU1_4_2005_Segment_null_Host_Human_1,gb_KY674941_Organism_Human_coronavirus_HKU1_Strain_Name_N09_1663B_Segment_null_Host_Human_3)"
    }
  },
 "test results":{
   "P-value threshold":0.05,
   "positive test results":0,
   "tested":1
  },
 "tested":{
   "0":{
     "HKU1_lcl_NC_006577_2_cds_YP_173240_1_5_gene_E_locus_tag_HCHV1gp5_db_xref_GeneID_3200430_protein_envelope_protein_protein_id_YP_173240_1_location_27373_27621_gbkey_CDS__23":"background",
     "Node6":"test",
     "gb_KF430196_Organism_Human_coronavirus_HKU1_Strain_Name_HKU1_human_USA_HKU1_4_2005_Segment_null_Host_Human_1":"background",
     "gb_KF686340_Organism_Human_coronavirus_HKU1_Strain_Name_HKU1_human_USA_HKU1_5_2009_Segment_null_Host_Human_3":"background",
     "gb_KY674941_Organism_Human_coronavirus_HKU1_Strain_Name_N09_1663B_Segment_null_Host_Human_3":"background",
     "kf686341_HKU1_e_usa_denver_co_16_jan_2010_2":"background",
     "mh940245_HKU1_e_thailand_04_jun_2017_1":"background"
    }
  },
 "timers":{
   "Baseline model fitting":{
     "order":2,
     "timer":1
    },
   "Complexity analysis":{
     "order":3,
     "timer":14
    },
   "Full adaptive model fitting":{
     "order":4,
     "timer":1
    },
   "Overall":{
     "order":0,
     "timer":16
    },
   "Preliminary model fitting":{
     "order":1,
     "timer":0
    },
   "Testing for selection":{
     "order":5,
     "timer":0
    }
  }
}