{
 "analysis":{
   "authors":"Sergei L Kosakovsky Pond, Ben Murrell, Steven Weaver and Temple iGEM / UCSD viral evolution group",
   "citation":"Less Is More: An Adaptive Branch-Site Random Effects Model for Efficient Detection of Episodic Diversifying Selection (2015). Mol Biol Evol 32 (5): 1342-1353. v2.2 adds support for multiple-hit models",
   "contact":"spond@temple.edu",
   "info":"aBSREL (Adaptive branch-site random effects likelihood)\n                            uses an adaptive random effects branch-site model framework\n                            to test whether each branch has evolved under positive selection,\n                            using a procedure which infers an optimal number of rate categories per branch.",
   "requirements":"in-frame codon alignment and a phylogenetic tree",
   "version":"2.2"
  },
 "branch attributes":{
   "0":{
     "HKU1_lcl_NC_006577_2_cds_YP_173238_1_3_gene_S_locus_tag_HCHV1gp3_db_xref_GeneID_3200426_protein_spike_glycoprotein_protein_id_YP_173238_1_location_22942_27012_gbkey_CDS__4":{
       "Baseline MG94xREV":0,
       "Baseline MG94xREV omega ratio":1,
       "Corrected P-value":null,
       "Full adaptive model":0,
       "Full adaptive model (non-synonymous subs/site)":1e-10,
       "Full adaptive model (synonymous subs/site)":1e-10,
       "LRT":null,
       "Nucleotide GTR":0,
       "Rate Distributions":        [
[1, 1] 
        ],
       "Rate classes":1,
       "Uncorrected P-value":null,
       "original name":"HKU1_lcl_NC_006577_2_cds_YP_173238_1_3_gene_S_locus_tag_HCHV1gp3_db_xref_GeneID_3200426_protein_spike_glycoprotein_protein_id_YP_173238_1_location_22942_27012_gbkey_CDS__4"
      },
     "Node13":{
       "Baseline MG94xREV":0.000246754728482906,
       "Baseline MG94xREV omega ratio":10000000000,
       "Corrected P-value":1,
       "Full adaptive model":0.0002462271303318615,
       "Full adaptive model (non-synonymous subs/site)":0.0002462271303318615,
       "Full adaptive model (synonymous subs/site)":1e-10,
       "LRT":0.4217959561756288,
       "Nucleotide GTR":0.0002463964967069499,
       "Rate Distributions":        [
[10000000000, 1] 
        ],
       "Rate classes":1,
       "Uncorrected P-value":0.3461654566968839
      },
     "Node14":{
       "Baseline MG94xREV":0.000260965975790825,
       "Baseline MG94xREV omega ratio":0,
       "Corrected P-value":1,
       "Full adaptive model":0.0002619901369061824,
       "Full adaptive model (non-synonymous subs/site)":1e-10,
       "Full adaptive model (synonymous subs/site)":0.0002619901369061824,
       "LRT":0,
       "Nucleotide GTR":0.0002460479526140096,
       "Rate Distributions":        [
[0, 1] 
        ],
       "Rate classes":1,
       "Uncorrected P-value":1
      },
     "Node15":{
       "Baseline MG94xREV":0.0005036445815472761,
       "Baseline MG94xREV omega ratio":0.2587709693472188,
       "Corrected P-value":1,
       "Full adaptive model":0.0005046279154167174,
       "Full adaptive model (non-synonymous subs/site)":0.0002463214463767661,
       "Full adaptive model (synonymous subs/site)":0.0002583064690399517,
       "LRT":0,
       "Nucleotide GTR":0.000563868191108198,
       "Rate Distributions":        [
[0.2413758243446429, 1] 
        ],
       "Rate classes":1,
       "Uncorrected P-value":1
      },
     "Node16":{
       "Baseline MG94xREV":0.000247601005074343,
       "Baseline MG94xREV omega ratio":0,
       "Corrected P-value":1,
       "Full adaptive model":0.0002491501969279782,
       "Full adaptive model (non-synonymous subs/site)":1e-10,
       "Full adaptive model (synonymous subs/site)":0.0002491501969279782,
       "LRT":0,
       "Nucleotide GTR":0.0002453198299895931,
       "Rate Distributions":        [
[0, 1] 
        ],
       "Rate classes":1,
       "Uncorrected P-value":1
      },
     "Node17":{
       "Baseline MG94xREV":0.0007539582532288805,
       "Baseline MG94xREV omega ratio":0,
       "Corrected P-value":1,
       "Full adaptive model":0.0007581190640392315,
       "Full adaptive model (non-synonymous subs/site)":1e-10,
       "Full adaptive model (synonymous subs/site)":0.0007581190640392315,
       "LRT":0,
       "Nucleotide GTR":0.0006690999007222699,
       "Rate Distributions":        [
[0, 1] 
        ],
       "Rate classes":1,
       "Uncorrected P-value":1
      },
     "Node21":{
       "Baseline MG94xREV":0.001148583252010835,
       "Baseline MG94xREV omega ratio":0,
       "Corrected P-value":1,
       "Full adaptive model":0.001136627299247209,
       "Full adaptive model (non-synonymous subs/site)":1e-10,
       "Full adaptive model (synonymous subs/site)":0.001136627299247209,
       "LRT":0,
       "Nucleotide GTR":0.0009196431134525979,
       "Rate Distributions":        [
[0, 1] 
        ],
       "Rate classes":1,
       "Uncorrected P-value":1
      },
     "Node22":{
       "Baseline MG94xREV":0.01931675161642463,
       "Baseline MG94xREV omega ratio":0.07670154776733158,
       "Corrected P-value":0.005203499236179021,
       "Full adaptive model":0.1014107166707703,
       "Full adaptive model (non-synonymous subs/site)":0.08746743191578085,
       "Full adaptive model (synonymous subs/site)":0.01394328475498949,
       "LRT":15.08661098996163,
       "Nucleotide GTR":0.01854940174537625,
       "Rate Distributions":        [
[0.03735419680574784, 0.9941955223633421],
        [267.1571364459792, 0.005804477636657923] 
        ],
       "Rate classes":2,
       "Uncorrected P-value":0.0001794310081441042
      },
     "Node23":{
       "Baseline MG94xREV":0.2129689997227188,
       "Baseline MG94xREV omega ratio":0.1162509563372831,
       "Corrected P-value":1,
       "Full adaptive model":0.241482828813458,
       "Full adaptive model (non-synonymous subs/site)":0.0966409949614718,
       "Full adaptive model (synonymous subs/site)":0.1448418338519862,
       "LRT":0,
       "Nucleotide GTR":0.155265213124146,
       "Rate Distributions":        [
[0.01484450053234149, 0.8295543265404546],
        [0.9186029361551824, 0.1704456734595454] 
        ],
       "Rate classes":2,
       "Uncorrected P-value":1
      },
     "Node25":{
       "Baseline MG94xREV":0.000245723596463593,
       "Baseline MG94xREV omega ratio":10000000000,
       "Corrected P-value":1,
       "Full adaptive model":0.0002453504749247423,
       "Full adaptive model (non-synonymous subs/site)":0.0002453504749247423,
       "Full adaptive model (synonymous subs/site)":1e-10,
       "LRT":0.4202606848084542,
       "Nucleotide GTR":0.0002458102943896086,
       "Rate Distributions":        [
[10000000000, 1] 
        ],
       "Rate classes":1,
       "Uncorrected P-value":0.3465049790676301
      },
     "Node26":{
       "Baseline MG94xREV":0.0004930468448677487,
       "Baseline MG94xREV omega ratio":10000000000,
       "Corrected P-value":1,
       "Full adaptive model":0.0004919755234982029,
       "Full adaptive model (non-synonymous subs/site)":0.0004919755234982029,
       "Full adaptive model (synonymous subs/site)":1e-10,
       "LRT":0.8406197228105157,
       "Nucleotide GTR":0.000492631156367438,
       "Rate Distributions":        [
[10000000000, 1] 
        ],
       "Rate classes":1,
       "Uncorrected P-value":0.268896895363633
      },
     "Node27":{
       "Baseline MG94xREV":0.002283200402158219,
       "Baseline MG94xREV omega ratio":0.2043825328097759,
       "Corrected P-value":0.243144443717946,
       "Full adaptive model":0.003146575229159586,
       "Full adaptive model (non-synonymous subs/site)":0.001840929086470296,
       "Full adaptive model (synonymous subs/site)":0.001305646142689291,
       "LRT":7.408545468428201,
       "Nucleotide GTR":0.002217634742315453,
       "Rate Distributions":        [
[0, 0.9971391697143869],
        [124.7516509060111, 0.002860830285613125] 
        ],
       "Rate classes":2,
       "Uncorrected P-value":0.008683730132783785
      },
     "Node31":{
       "Baseline MG94xREV":0.0005153361826932991,
       "Baseline MG94xREV omega ratio":0,
       "Corrected P-value":1,
       "Full adaptive model":0.0005201166914966437,
       "Full adaptive model (non-synonymous subs/site)":1e-10,
       "Full adaptive model (synonymous subs/site)":0.0005201166914966437,
       "LRT":0,
       "Nucleotide GTR":0.0004922091059574765,
       "Rate Distributions":        [
[0, 1] 
        ],
       "Rate classes":1,
       "Uncorrected P-value":1
      },
     "Node43":{
       "Baseline MG94xREV":0.0005164068692461585,
       "Baseline MG94xREV omega ratio":0,
       "Corrected P-value":1,
       "Full adaptive model":0.0005207256337393433,
       "Full adaptive model (non-synonymous subs/site)":1e-10,
       "Full adaptive model (synonymous subs/site)":0.0005207256337393433,
       "LRT":0,
       "Nucleotide GTR":0.0004920947619157218,
       "Rate Distributions":        [
[0, 1] 
        ],
       "Rate classes":1,
       "Uncorrected P-value":1
      },
     "Node46":{
       "Baseline MG94xREV":0.001512321252856503,
       "Baseline MG94xREV omega ratio":0.2569703424706226,
       "Corrected P-value":1,
       "Full adaptive model":0.001517452916449873,
       "Full adaptive model (non-synonymous subs/site)":0.0007371764463484854,
       "Full adaptive model (synonymous subs/site)":0.0007802764701013877,
       "LRT":0,
       "Nucleotide GTR":0.001477629174274501,
       "Rate Distributions":        [
[0.2391386464194721, 1] 
        ],
       "Rate classes":1,
       "Uncorrected P-value":1
      },
     "Node50":{
       "Baseline MG94xREV":0.000256963042697594,
       "Baseline MG94xREV omega ratio":0,
       "Corrected P-value":1,
       "Full adaptive model":0.0002593476556789209,
       "Full adaptive model (non-synonymous subs/site)":1e-10,
       "Full adaptive model (synonymous subs/site)":0.0002593476556789209,
       "LRT":0,
       "Nucleotide GTR":0.0002460640057360318,
       "Rate Distributions":        [
[0, 1] 
        ],
       "Rate classes":1,
       "Uncorrected P-value":1
      },
     "Node51":{
       "Baseline MG94xREV":0.0004924553949966856,
       "Baseline MG94xREV omega ratio":10000000000,
       "Corrected P-value":1,
       "Full adaptive model":0.0004911861800824998,
       "Full adaptive model (non-synonymous subs/site)":0.0004911861800824998,
       "Full adaptive model (synonymous subs/site)":1e-10,
       "LRT":1.071880954499647,
       "Nucleotide GTR":0.0004921893055229393,
       "Rate Distributions":        [
[10000000000, 1] 
        ],
       "Rate classes":1,
       "Uncorrected P-value":0.2356398159255113
      },
     "Node53":{
       "Baseline MG94xREV":0.0002878780012895234,
       "Baseline MG94xREV omega ratio":0,
       "Corrected P-value":1,
       "Full adaptive model":0.0002905318336264283,
       "Full adaptive model (non-synonymous subs/site)":1e-10,
       "Full adaptive model (synonymous subs/site)":0.0002905318336264283,
       "LRT":0,
       "Nucleotide GTR":0.0002567028184442194,
       "Rate Distributions":        [
[0, 1] 
        ],
       "Rate classes":1,
       "Uncorrected P-value":1
      },
     "Node54":{
       "Baseline MG94xREV":0.0007386056498414568,
       "Baseline MG94xREV omega ratio":10000000000,
       "Corrected P-value":1,
       "Full adaptive model":0.0007366870598788781,
       "Full adaptive model (non-synonymous subs/site)":0.0007366870598788781,
       "Full adaptive model (synonymous subs/site)":1e-10,
       "LRT":1.227456256820005,
       "Nucleotide GTR":0.0007398201486544991,
       "Rate Distributions":        [
[10000000000, 1] 
        ],
       "Rate classes":1,
       "Uncorrected P-value":0.2159791488764475
      },
     "Node56":{
       "Baseline MG94xREV":0.0002882003634813748,
       "Baseline MG94xREV omega ratio":0,
       "Corrected P-value":1,
       "Full adaptive model":0.0002905181190667061,
       "Full adaptive model (non-synonymous subs/site)":1e-10,
       "Full adaptive model (synonymous subs/site)":0.0002905181190667061,
       "LRT":0,
       "Nucleotide GTR":0.0002573161000555818,
       "Rate Distributions":        [
[0, 1] 
        ],
       "Rate classes":1,
       "Uncorrected P-value":1
      },
     "Node6":{
       "Baseline MG94xREV":0.003012695033103314,
       "Baseline MG94xREV omega ratio":0.1876822341412189,
       "Corrected P-value":1,
       "Full adaptive model":0.003020868336319482,
       "Full adaptive model (non-synonymous subs/site)":0.001235391679731925,
       "Full adaptive model (synonymous subs/site)":0.001785476656587555,
       "LRT":0,
       "Nucleotide GTR":0.002968660677617677,
       "Rate Distributions":        [
[0.1751367645053654, 1] 
        ],
       "Rate classes":1,
       "Uncorrected P-value":1
      },
     "Node62":{
       "Baseline MG94xREV":0.0002572891690152128,
       "Baseline MG94xREV omega ratio":0,
       "Corrected P-value":1,
       "Full adaptive model":0.00025974040274291,
       "Full adaptive model (non-synonymous subs/site)":1e-10,
       "Full adaptive model (synonymous subs/site)":0.00025974040274291,
       "LRT":0,
       "Nucleotide GTR":0.0002445025904622761,
       "Rate Distributions":        [
[0, 1] 
        ],
       "Rate classes":1,
       "Uncorrected P-value":1
      },
     "Node65":{
       "Baseline MG94xREV":0.0002577363250050679,
       "Baseline MG94xREV omega ratio":0,
       "Corrected P-value":1,
       "Full adaptive model":0.0002600323345619739,
       "Full adaptive model (non-synonymous subs/site)":1e-10,
       "Full adaptive model (synonymous subs/site)":0.0002600323345619739,
       "LRT":0,
       "Nucleotide GTR":0.0002461251271146697,
       "Rate Distributions":        [
[0, 1] 
        ],
       "Rate classes":1,
       "Uncorrected P-value":1
      },
     "Node68":{
       "Baseline MG94xREV":0.0002569644839157298,
       "Baseline MG94xREV omega ratio":0,
       "Corrected P-value":1,
       "Full adaptive model":0.0002593448940547486,
       "Full adaptive model (non-synonymous subs/site)":1e-10,
       "Full adaptive model (synonymous subs/site)":0.0002593448940547486,
       "LRT":0,
       "Nucleotide GTR":0.0002460295413135904,
       "Rate Distributions":        [
[0, 1] 
        ],
       "Rate classes":1,
       "Uncorrected P-value":1
      },
     "Node7":{
       "Baseline MG94xREV":0.002502555072225506,
       "Baseline MG94xREV omega ratio":0.3928978309077001,
       "Corrected P-value":1,
       "Full adaptive model":0.002505232095531847,
       "Full adaptive model (non-synonymous subs/site)":0.00148205313144689,
       "Full adaptive model (synonymous subs/site)":0.001023178964084958,
       "LRT":0,
       "Nucleotide GTR":0.002475296303157653,
       "Rate Distributions":        [
[0.3666392850362073, 1] 
        ],
       "Rate classes":1,
       "Uncorrected P-value":1
      },
     "Node71":{
       "Baseline MG94xREV":0.0004923050457353559,
       "Baseline MG94xREV omega ratio":10000000000,
       "Corrected P-value":1,
       "Full adaptive model":0.0004550344988815341,
       "Full adaptive model (non-synonymous subs/site)":0.0004550344988815341,
       "Full adaptive model (synonymous subs/site)":1e-10,
       "LRT":0.7816189839759318,
       "Nucleotide GTR":0.000491333994648912,
       "Rate Distributions":        [
[10000000000, 1] 
        ],
       "Rate classes":1,
       "Uncorrected P-value":0.2782819980248136
      },
     "Node76":{
       "Baseline MG94xREV":0.0002569572328599288,
       "Baseline MG94xREV omega ratio":0,
       "Corrected P-value":1,
       "Full adaptive model":0.0002592363949708182,
       "Full adaptive model (non-synonymous subs/site)":1e-10,
       "Full adaptive model (synonymous subs/site)":0.0002592363949708182,
       "LRT":0,
       "Nucleotide GTR":0.0002459155895201356,
       "Rate Distributions":        [
[0, 1] 
        ],
       "Rate classes":1,
       "Uncorrected P-value":1
      },
     "Node80":{
       "Baseline MG94xREV":0.00078093485520368,
       "Baseline MG94xREV omega ratio":0,
       "Corrected P-value":1,
       "Full adaptive model":0.0007876567150778493,
       "Full adaptive model (non-synonymous subs/site)":1e-10,
       "Full adaptive model (synonymous subs/site)":0.0007876567150778493,
       "LRT":0,
       "Nucleotide GTR":0.0007384777369329103,
       "Rate Distributions":        [
[0, 1] 
        ],
       "Rate classes":1,
       "Uncorrected P-value":1
      },
     "Node87":{
       "Baseline MG94xREV":0.0004979249252408073,
       "Baseline MG94xREV omega ratio":0.264961626292822,
       "Corrected P-value":1,
       "Full adaptive model":0.0004985482164375318,
       "Full adaptive model (non-synonymous subs/site)":0.0002463818556588058,
       "Full adaptive model (synonymous subs/site)":0.0002521663607787256,
       "LRT":0,
       "Nucleotide GTR":0.0004932213504409977,
       "Rate Distributions":        [
[0.2473138269347319, 1] 
        ],
       "Rate classes":1,
       "Uncorrected P-value":1
      },
     "Node89":{
       "Baseline MG94xREV":0.000251141654728798,
       "Baseline MG94xREV omega ratio":0,
       "Corrected P-value":1,
       "Full adaptive model":0.0002526857360115645,
       "Full adaptive model (non-synonymous subs/site)":1e-10,
       "Full adaptive model (synonymous subs/site)":0.0002526857360115645,
       "LRT":0,
       "Nucleotide GTR":0.0002466146103593362,
       "Rate Distributions":        [
[0, 1] 
        ],
       "Rate classes":1,
       "Uncorrected P-value":1
      },
     "gb_KF430200_Organism_Human_coronavirus_HKU1_Strain_Name_HKU1_human_USA_HKU1_16_2010_Segment_null_Host_Human_1":{
       "Baseline MG94xREV":0.001018861538969936,
       "Baseline MG94xREV omega ratio":0.08570085625441715,
       "Corrected P-value":null,
       "Full adaptive model":0.001024468165642939,
       "Full adaptive model (non-synonymous subs/site)":0.000245593000629569,
       "Full adaptive model (synonymous subs/site)":0.0007788751650133698,
       "LRT":null,
       "Nucleotide GTR":0.0009839898553209428,
       "Rate Distributions":        [
[0.07981324267097198, 1] 
        ],
       "Rate classes":1,
       "Uncorrected P-value":null,
       "original name":"gb_KF430200_Organism_Human_coronavirus_HKU1_Strain_Name_HKU1_human_USA_HKU1_16_2010_Segment_null_Host_Human_1"
      },
     "gb_KF430202_Organism_Human_coronavirus_HKU1_Strain_Name_HKU1_human_USA_HKU1_7_2010_Segment_null_Host_Human_1":{
       "Baseline MG94xREV":0.0002566408322956786,
       "Baseline MG94xREV omega ratio":0,
       "Corrected P-value":null,
       "Full adaptive model":0.0002588991098770943,
       "Full adaptive model (non-synonymous subs/site)":1e-10,
       "Full adaptive model (synonymous subs/site)":0.0002588991098770943,
       "LRT":null,
       "Nucleotide GTR":0.0002460157632335701,
       "Rate Distributions":        [
[0, 1] 
        ],
       "Rate classes":1,
       "Uncorrected P-value":null,
       "original name":"gb_KF430202_Organism_Human_coronavirus_HKU1_Strain_Name_HKU1_human_USA_HKU1_7_2010_Segment_null_Host_Human_1"
      },
     "gb_KF686338_Organism_Human_coronavirus_HKU1_Strain_Name_HKU1_human_USA_HKU1_1_2005_Segment_null_Host_Human_1":{
       "Baseline MG94xREV":0.0007407283231530871,
       "Baseline MG94xREV omega ratio":10000000000,
       "Corrected P-value":null,
       "Full adaptive model":0.000738846547700352,
       "Full adaptive model (non-synonymous subs/site)":0.000738846547700352,
       "Full adaptive model (synonymous subs/site)":1e-10,
       "LRT":null,
       "Nucleotide GTR":0.0007404411091198367,
       "Rate Distributions":        [
[10000000000, 1] 
        ],
       "Rate classes":1,
       "Uncorrected P-value":null,
       "original name":"gb_KF686338_Organism_Human_coronavirus_HKU1_Strain_Name_HKU1_human_USA_HKU1_1_2005_Segment_null_Host_Human_1"
      },
     "gb_KY674921_Organism_Human_coronavirus_HKU1_Strain_Name_N08_87_Segment_null_Host_Human_1":{
       "Baseline MG94xREV":0.001249309771046332,
       "Baseline MG94xREV omega ratio":0.3919510445984764,
       "Corrected P-value":null,
       "Full adaptive model":0.001250118303815409,
       "Full adaptive model (non-synonymous subs/site)":0.000738844569405138,
       "Full adaptive model (synonymous subs/site)":0.0005112737344102718,
       "LRT":null,
       "Nucleotide GTR":0.001234307343986918,
       "Rate Distributions":        [
[0.3657854530149565, 1] 
        ],
       "Rate classes":1,
       "Uncorrected P-value":null,
       "original name":"gb_KY674921_Organism_Human_coronavirus_HKU1_Strain_Name_N08_87_Segment_null_Host_Human_1"
      },
     "gb_KY674941_Organism_Human_coronavirus_HKU1_Strain_Name_N09_1663B_Segment_null_Host_Human_3":{
       "Baseline MG94xREV":0.0002573635295775368,
       "Baseline MG94xREV omega ratio":0,
       "Corrected P-value":null,
       "Full adaptive model":0.0002595525761658088,
       "Full adaptive model (non-synonymous subs/site)":1e-10,
       "Full adaptive model (synonymous subs/site)":0.0002595525761658088,
       "LRT":null,
       "Nucleotide GTR":0.0002460281510284956,
       "Rate Distributions":        [
[0, 1] 
        ],
       "Rate classes":1,
       "Uncorrected P-value":null,
       "original name":"gb_KY674941_Organism_Human_coronavirus_HKU1_Strain_Name_N09_1663B_Segment_null_Host_Human_3"
      },
     "gb_MK167038_Organism_Human_coronavirus_HKU1_Strain_Name_SC2521_Segment_null_Host_Human_1":{
       "Baseline MG94xREV":0.01905261215171455,
       "Baseline MG94xREV omega ratio":0.5374703100704644,
       "Corrected P-value":null,
       "Full adaptive model":27.64454159771125,
       "Full adaptive model (non-synonymous subs/site)":27.63954367205558,
       "Full adaptive model (synonymous subs/site)":0.004997925655670231,
       "LRT":null,
       "Nucleotide GTR":0.0188055618485232,
       "Rate Distributions":        [
[0.2349336950976978, 0.9723982898339179],
        [1, 0.01360606901192792],
        [100000, 0.01399564115415423] 
        ],
       "Rate classes":3,
       "Uncorrected P-value":null,
       "original name":"gb_MK167038_Organism_Human_coronavirus_HKU1_Strain_Name_SC2521_Segment_null_Host_Human_1"
      },
     "hm034837_HKU1_s_france_04_mar_2005_2":{
       "Baseline MG94xREV":0.003294945513251549,
       "Baseline MG94xREV omega ratio":0.2962120347759029,
       "Corrected P-value":null,
       "Full adaptive model":0.00383468212863607,
       "Full adaptive model (non-synonymous subs/site)":0.002255608432334108,
       "Full adaptive model (synonymous subs/site)":0.001579073696301961,
       "LRT":null,
       "Nucleotide GTR":0.003208572694229656,
       "Rate Distributions":        [
[0, 0.9900706715731279],
        [36.41398937206561, 0.009929328426872108] 
        ],
       "Rate classes":2,
       "Uncorrected P-value":null,
       "original name":"hm034837_HKU1_s_france_04_mar_2005_2"
      },
     "kf430197_HKU1_s_brazil_2007_1":{
       "Baseline MG94xREV":0.0005058132010980823,
       "Baseline MG94xREV omega ratio":0,
       "Corrected P-value":null,
       "Full adaptive model":0.0005089411446693849,
       "Full adaptive model (non-synonymous subs/site)":1e-10,
       "Full adaptive model (synonymous subs/site)":0.0005089411446693849,
       "LRT":null,
       "Nucleotide GTR":0.0004932944553077873,
       "Rate Distributions":        [
[0, 1] 
        ],
       "Rate classes":1,
       "Uncorrected P-value":null,
       "original name":"kf430197_HKU1_s_brazil_2007_1"
      },
     "kf430198_HKU1_s_brazil_2006_1":{
       "Baseline MG94xREV":6.79630018367382e-23,
       "Baseline MG94xREV omega ratio":0,
       "Corrected P-value":null,
       "Full adaptive model":0,
       "Full adaptive model (non-synonymous subs/site)":1e-10,
       "Full adaptive model (synonymous subs/site)":1e-10,
       "LRT":null,
       "Nucleotide GTR":1.786799369804142e-22,
       "Rate Distributions":        [
[1, 1] 
        ],
       "Rate classes":1,
       "Uncorrected P-value":null,
       "original name":"kf430198_HKU1_s_brazil_2006_1"
      },
     "kf430201_HKU1_s_usa_denver_co_22_jan_2010_2":{
       "Baseline MG94xREV":0.0004927502929823585,
       "Baseline MG94xREV omega ratio":10000000000,
       "Corrected P-value":null,
       "Full adaptive model":0.0004917739226201081,
       "Full adaptive model (non-synonymous subs/site)":0.0004917739226201081,
       "Full adaptive model (synonymous subs/site)":1e-10,
       "LRT":null,
       "Nucleotide GTR":0.0004924630021073772,
       "Rate Distributions":        [
[10000000000, 1] 
        ],
       "Rate classes":1,
       "Uncorrected P-value":null,
       "original name":"kf430201_HKU1_s_usa_denver_co_22_jan_2010_2"
      },
     "kf430203_HKU1_s_brazil_2006_1":{
       "Baseline MG94xREV":0.0002461373096831633,
       "Baseline MG94xREV omega ratio":10000000000,
       "Corrected P-value":null,
       "Full adaptive model":0.0002455331724384714,
       "Full adaptive model (non-synonymous subs/site)":0.0002455331724384714,
       "Full adaptive model (synonymous subs/site)":1e-10,
       "LRT":null,
       "Nucleotide GTR":0.0002458800470732331,
       "Rate Distributions":        [
[10000000000, 1] 
        ],
       "Rate classes":1,
       "Uncorrected P-value":null,
       "original name":"kf430203_HKU1_s_brazil_2006_1"
      },
     "kf686340_HKU1_s_usa_denver_co_28_nov_2009_2":{
       "Baseline MG94xREV":0.0007697476138534632,
       "Baseline MG94xREV omega ratio":0,
       "Corrected P-value":null,
       "Full adaptive model":0.0007762726819437266,
       "Full adaptive model (non-synonymous subs/site)":1e-10,
       "Full adaptive model (synonymous subs/site)":0.0007762726819437266,
       "LRT":null,
       "Nucleotide GTR":0.0007381281070909406,
       "Rate Distributions":        [
[0, 1] 
        ],
       "Rate classes":1,
       "Uncorrected P-value":null,
       "original name":"kf686340_HKU1_s_usa_denver_co_28_nov_2009_2"
      },
     "kf686341_HKU1_s_usa_denver_co_16_jan_2010_3":{
       "Baseline MG94xREV":0,
       "Baseline MG94xREV omega ratio":1,
       "Corrected P-value":null,
       "Full adaptive model":0,
       "Full adaptive model (non-synonymous subs/site)":1e-10,
       "Full adaptive model (synonymous subs/site)":1e-10,
       "LRT":null,
       "Nucleotide GTR":0,
       "Rate Distributions":        [
[1, 1] 
        ],
       "Rate classes":1,
       "Uncorrected P-value":null,
       "original name":"kf686341_HKU1_s_usa_denver_co_16_jan_2010_3"
      },
     "kf686342_HKU1_s_usa_denver_co_13_dec_2009_4":{
       "Baseline MG94xREV":0,
       "Baseline MG94xREV omega ratio":1,
       "Corrected P-value":null,
       "Full adaptive model":0,
       "Full adaptive model (non-synonymous subs/site)":1e-10,
       "Full adaptive model (synonymous subs/site)":1e-10,
       "LRT":null,
       "Nucleotide GTR":0,
       "Rate Distributions":        [
[1, 1] 
        ],
       "Rate classes":1,
       "Uncorrected P-value":null,
       "original name":"kf686342_HKU1_s_usa_denver_co_13_dec_2009_4"
      },
     "kf686343_HKU1_s_usa_denver_co_08_jan_2010_2":{
       "Baseline MG94xREV":0.0002461053236905341,
       "Baseline MG94xREV omega ratio":10000000000,
       "Corrected P-value":null,
       "Full adaptive model":0.0002455209891232172,
       "Full adaptive model (non-synonymous subs/site)":0.0002455209891232172,
       "Full adaptive model (synonymous subs/site)":1e-10,
       "LRT":null,
       "Nucleotide GTR":0.0002460838527027794,
       "Rate Distributions":        [
[10000000000, 1] 
        ],
       "Rate classes":1,
       "Uncorrected P-value":null,
       "original name":"kf686343_HKU1_s_usa_denver_co_08_jan_2010_2"
      },
     "kf686344_HKU1_s_usa_denver_co_28_dec_2009_2":{
       "Baseline MG94xREV":0.002262042829789134,
       "Baseline MG94xREV omega ratio":0.3216810595748281,
       "Corrected P-value":null,
       "Full adaptive model":0.00226849711076894,
       "Full adaptive model (non-synonymous subs/site)":0.001228685616324587,
       "Full adaptive model (synonymous subs/site)":0.001039811494444353,
       "LRT":null,
       "Nucleotide GTR":0.002215196042022925,
       "Rate Distributions":        [
[0.2990976404860646, 1] 
        ],
       "Rate classes":1,
       "Uncorrected P-value":null,
       "original name":"kf686344_HKU1_s_usa_denver_co_28_dec_2009_2"
      },
     "kt779555_HKU1_s_china_23_apr_2009_2":{
       "Baseline MG94xREV":0,
       "Baseline MG94xREV omega ratio":1,
       "Corrected P-value":null,
       "Full adaptive model":0,
       "Full adaptive model (non-synonymous subs/site)":1e-10,
       "Full adaptive model (synonymous subs/site)":1e-10,
       "LRT":null,
       "Nucleotide GTR":0,
       "Rate Distributions":        [
[1, 1] 
        ],
       "Rate classes":1,
       "Uncorrected P-value":null,
       "original name":"kt779555_HKU1_s_china_23_apr_2009_2"
      },
     "kt779556_HKU1_s_china_23_apr_2009_2":{
       "Baseline MG94xREV":0.0002462070099373238,
       "Baseline MG94xREV omega ratio":10000000000,
       "Corrected P-value":null,
       "Full adaptive model":0.0002455369468374187,
       "Full adaptive model (non-synonymous subs/site)":0.0002455369468374187,
       "Full adaptive model (synonymous subs/site)":1e-10,
       "LRT":null,
       "Nucleotide GTR":0.0002460414043600745,
       "Rate Distributions":        [
[10000000000, 1] 
        ],
       "Rate classes":1,
       "Uncorrected P-value":null,
       "original name":"kt779556_HKU1_s_china_23_apr_2009_2"
      },
     "mh556991_HKU1_s_china_10_jul_2007_1":{
       "Baseline MG94xREV":0.0004972425918144227,
       "Baseline MG94xREV omega ratio":0.2657566567358269,
       "Corrected P-value":null,
       "Full adaptive model":0.0004979733859951574,
       "Full adaptive model (non-synonymous subs/site)":0.0002464126706591654,
       "Full adaptive model (synonymous subs/site)":0.0002515607153359924,
       "LRT":null,
       "Nucleotide GTR":0.0004930255633163061,
       "Rate Distributions":        [
[0.2479402538052492, 1] 
        ],
       "Rate classes":1,
       "Uncorrected P-value":null,
       "original name":"mh556991_HKU1_s_china_10_jul_2007_1"
      },
     "mh556992_HKU1_s_china_11_mar_2008_2":{
       "Baseline MG94xREV":0,
       "Baseline MG94xREV omega ratio":1,
       "Corrected P-value":null,
       "Full adaptive model":0,
       "Full adaptive model (non-synonymous subs/site)":1e-10,
       "Full adaptive model (synonymous subs/site)":1e-10,
       "LRT":null,
       "Nucleotide GTR":0,
       "Rate Distributions":        [
[1, 1] 
        ],
       "Rate classes":1,
       "Uncorrected P-value":null,
       "original name":"mh556992_HKU1_s_china_11_mar_2008_2"
      },
     "mh556993_HKU1_s_china_25_mar_2008_1":{
       "Baseline MG94xREV":0.0002468669114396153,
       "Baseline MG94xREV omega ratio":10000000000,
       "Corrected P-value":null,
       "Full adaptive model":0.0002463581977091769,
       "Full adaptive model (non-synonymous subs/site)":0.0002463581977091769,
       "Full adaptive model (synonymous subs/site)":1e-10,
       "LRT":null,
       "Nucleotide GTR":0.000246580665259304,
       "Rate Distributions":        [
[10000000000, 1] 
        ],
       "Rate classes":1,
       "Uncorrected P-value":null,
       "original name":"mh556993_HKU1_s_china_25_mar_2008_1"
      },
     "mh556994_HKU1_s_china_04_apr_2008_1":{
       "Baseline MG94xREV":0.0002513820134978654,
       "Baseline MG94xREV omega ratio":0,
       "Corrected P-value":null,
       "Full adaptive model":0.0002527140504431937,
       "Full adaptive model (non-synonymous subs/site)":1e-10,
       "Full adaptive model (synonymous subs/site)":0.0002527140504431937,
       "LRT":null,
       "Nucleotide GTR":0.0002465188156530652,
       "Rate Distributions":        [
[0, 1] 
        ],
       "Rate classes":1,
       "Uncorrected P-value":null,
       "original name":"mh556994_HKU1_s_china_04_apr_2008_1"
      },
     "mh556996_HKU1_s_china_19_apr_2008_1":{
       "Baseline MG94xREV":0.002010966046387886,
       "Baseline MG94xREV omega ratio":0.03770442784155867,
       "Corrected P-value":null,
       "Full adaptive model":0.002021061185501441,
       "Full adaptive model (non-synonymous subs/site)":0.0002464772677383045,
       "Full adaptive model (synonymous subs/site)":0.001774583917763136,
       "LRT":null,
       "Nucleotide GTR":0.001974091087742556,
       "Rate Distributions":        [
[0.03515662336943059, 1] 
        ],
       "Rate classes":1,
       "Uncorrected P-value":null,
       "original name":"mh556996_HKU1_s_china_19_apr_2008_1"
      },
     "mh556997_HKU1_s_china_24_apr_2008_1":{
       "Baseline MG94xREV":0.0009920489238662673,
       "Baseline MG94xREV omega ratio":0.7972001120640224,
       "Corrected P-value":null,
       "Full adaptive model":0.0009917104804489443,
       "Full adaptive model (non-synonymous subs/site)":0.0007398249338537847,
       "Full adaptive model (synonymous subs/site)":0.0002518855465951594,
       "LRT":null,
       "Nucleotide GTR":0.0009864461844566548,
       "Rate Distributions":        [
[0.7434513299591918, 1] 
        ],
       "Rate classes":1,
       "Uncorrected P-value":null,
       "original name":"mh556997_HKU1_s_china_24_apr_2008_1"
      },
     "mh556998_HKU1_s_china_09_feb_2009_3":{
       "Baseline MG94xREV":0,
       "Baseline MG94xREV omega ratio":1,
       "Corrected P-value":null,
       "Full adaptive model":0,
       "Full adaptive model (non-synonymous subs/site)":1e-10,
       "Full adaptive model (synonymous subs/site)":1e-10,
       "LRT":null,
       "Nucleotide GTR":0,
       "Rate Distributions":        [
[1, 1] 
        ],
       "Rate classes":1,
       "Uncorrected P-value":null,
       "original name":"mh556998_HKU1_s_china_09_feb_2009_3"
      },
     "mh556999_HKU1_s_china_03_mar_2009_1":{
       "Baseline MG94xREV":0,
       "Baseline MG94xREV omega ratio":1,
       "Corrected P-value":null,
       "Full adaptive model":0,
       "Full adaptive model (non-synonymous subs/site)":1e-10,
       "Full adaptive model (synonymous subs/site)":1e-10,
       "LRT":null,
       "Nucleotide GTR":0,
       "Rate Distributions":        [
[1, 1] 
        ],
       "Rate classes":1,
       "Uncorrected P-value":null,
       "original name":"mh556999_HKU1_s_china_03_mar_2009_1"
      },
     "mh557000_HKU1_s_china_05_mar_2009_1":{
       "Baseline MG94xREV":0.001009598851305982,
       "Baseline MG94xREV omega ratio":0.2560589469580863,
       "Corrected P-value":null,
       "Full adaptive model":0.001012593978064915,
       "Full adaptive model (non-synonymous subs/site)":0.000490981686223684,
       "Full adaptive model (synonymous subs/site)":0.0005216122918412311,
       "LRT":null,
       "Nucleotide GTR":0.0009853110370708284,
       "Rate Distributions":        [
[0.238256250456245, 1] 
        ],
       "Rate classes":1,
       "Uncorrected P-value":null,
       "original name":"mh557000_HKU1_s_china_05_mar_2009_1"
      },
     "mh557001_HKU1_s_china_13_jul_2009_1":{
       "Baseline MG94xREV":0.001248848334890812,
       "Baseline MG94xREV omega ratio":0.176166567356087,
       "Corrected P-value":null,
       "Full adaptive model":0.00125184386905243,
       "Full adaptive model (non-synonymous subs/site)":0.000492865021170967,
       "Full adaptive model (synonymous subs/site)":0.0007589788478814641,
       "LRT":null,
       "Nucleotide GTR":0.001232850003600992,
       "Rate Distributions":        [
[0.1643709825861906, 1] 
        ],
       "Rate classes":1,
       "Uncorrected P-value":null,
       "original name":"mh557001_HKU1_s_china_13_jul_2009_1"
      },
     "mh557002_HKU1_s_china_31_oct_2014_1":{
       "Baseline MG94xREV":0.0007494841856719563,
       "Baseline MG94xREV omega ratio":0.515329209888028,
       "Corrected P-value":null,
       "Full adaptive model":0.0007506074485922992,
       "Full adaptive model (non-synonymous subs/site)":0.0004911004702508203,
       "Full adaptive model (synonymous subs/site)":0.0002595069783414787,
       "LRT":null,
       "Nucleotide GTR":0.0007382006555928654,
       "Rate Distributions":        [
[0.4790139220095293, 1] 
        ],
       "Rate classes":1,
       "Uncorrected P-value":null,
       "original name":"mh557002_HKU1_s_china_31_oct_2014_1"
      },
     "mh557003_HKU1_s_china_02_jun_2015_1":{
       "Baseline MG94xREV":0.0002467244779566846,
       "Baseline MG94xREV omega ratio":10000000000,
       "Corrected P-value":null,
       "Full adaptive model":0.0002462596412097861,
       "Full adaptive model (non-synonymous subs/site)":0.0002462596412097861,
       "Full adaptive model (synonymous subs/site)":1e-10,
       "LRT":null,
       "Nucleotide GTR":0.0002461688631327553,
       "Rate Distributions":        [
[10000000000, 1] 
        ],
       "Rate classes":1,
       "Uncorrected P-value":null,
       "original name":"mh557003_HKU1_s_china_02_jun_2015_1"
      },
     "mh557004_HKU1_s_china_28_mar_2006_1":{
       "Baseline MG94xREV":0.0007499710334316739,
       "Baseline MG94xREV omega ratio":0.5150882703121544,
       "Corrected P-value":null,
       "Full adaptive model":0.0007511163228742836,
       "Full adaptive model (non-synonymous subs/site)":0.0004913543113493737,
       "Full adaptive model (synonymous subs/site)":0.0002597620115249093,
       "LRT":null,
       "Nucleotide GTR":0.000738332405809689,
       "Rate Distributions":        [
[0.4787909789693155, 1] 
        ],
       "Rate classes":1,
       "Uncorrected P-value":null,
       "original name":"mh557004_HKU1_s_china_28_mar_2006_1"
      },
     "mh557005_HKU1_s_china_22_may_2006_1":{
       "Baseline MG94xREV":0.000767565661103364,
       "Baseline MG94xREV omega ratio":0.1272118707001868,
       "Corrected P-value":null,
       "Full adaptive model":0.0007712482266924682,
       "Full adaptive model (non-synonymous subs/site)":0.000245783590880941,
       "Full adaptive model (synonymous subs/site)":0.0005254646358115277,
       "LRT":null,
       "Nucleotide GTR":0.0007395460893775861,
       "Rate Distributions":        [
[0.1183957788224677, 1] 
        ],
       "Rate classes":1,
       "Uncorrected P-value":null,
       "original name":"mh557005_HKU1_s_china_22_may_2006_1"
      },
     "mh557006_HKU1_s_china_19_jul_2006_1":{
       "Baseline MG94xREV":0.0009979436607268283,
       "Baseline MG94xREV omega ratio":0.7683866563748136,
       "Corrected P-value":null,
       "Full adaptive model":0.0009983460215222777,
       "Full adaptive model (non-synonymous subs/site)":0.0007372111790027474,
       "Full adaptive model (synonymous subs/site)":0.0002611348425195302,
       "LRT":null,
       "Nucleotide GTR":0.0009863625032585481,
       "Rate Distributions":        [
[0.7145850344190976, 1] 
        ],
       "Rate classes":1,
       "Uncorrected P-value":null,
       "original name":"mh557006_HKU1_s_china_19_jul_2006_1"
      },
     "mh557007_HKU1_s_china_29_jul_2006_1":{
       "Baseline MG94xREV":0.002249654435236505,
       "Baseline MG94xREV omega ratio":0.6289404599560019,
       "Corrected P-value":null,
       "Full adaptive model":0.002888715258430962,
       "Full adaptive model (non-synonymous subs/site)":0.002368403096628519,
       "Full adaptive model (synonymous subs/site)":0.000520312161802443,
       "LRT":null,
       "Nucleotide GTR":0.002220923647505187,
       "Rate Distributions":        [
[0.03439782367605433, 0.9923171202838899],
        [145.5237555023355, 0.007682879716110147] 
        ],
       "Rate classes":2,
       "Uncorrected P-value":null,
       "original name":"mh557007_HKU1_s_china_29_jul_2006_1"
      },
     "mh557008_HKU1_s_china_01_sep_2006_1":{
       "Baseline MG94xREV":0.002761735093080499,
       "Baseline MG94xREV omega ratio":0.4498440572618798,
       "Corrected P-value":null,
       "Full adaptive model":0.005548306261212353,
       "Full adaptive model (non-synonymous subs/site)":0.004511148342226983,
       "Full adaptive model (synonymous subs/site)":0.001037157918985367,
       "LRT":null,
       "Nucleotide GTR":0.002714801659546264,
       "Rate Distributions":        [
[0.1036785409680552, 0.9969149205843925],
        [323.3612044933449, 0.003085079415607539] 
        ],
       "Rate classes":2,
       "Uncorrected P-value":null,
       "original name":"mh557008_HKU1_s_china_01_sep_2006_1"
      },
     "mh557009_HKU1_s_china_20_jul_2014_1":{
       "Baseline MG94xREV":0.001242795170774115,
       "Baseline MG94xREV omega ratio":1.030592734425478,
       "Corrected P-value":null,
       "Full adaptive model":0.001242087390583838,
       "Full adaptive model (non-synonymous subs/site)":0.0009826288782502192,
       "Full adaptive model (synonymous subs/site)":0.0002594585123336193,
       "LRT":null,
       "Nucleotide GTR":0.001231072872037128,
       "Rate Distributions":        [
[0.9586242841881074, 1] 
        ],
       "Rate classes":1,
       "Uncorrected P-value":null,
       "original name":"mh557009_HKU1_s_china_20_jul_2014_1"
      },
     "mh557010_HKU1_s_china_29_jul_2014_1":{
       "Baseline MG94xREV":0.0002460481781216091,
       "Baseline MG94xREV omega ratio":10000000000,
       "Corrected P-value":null,
       "Full adaptive model":0.0002453546337855359,
       "Full adaptive model (non-synonymous subs/site)":0.0002453546337855359,
       "Full adaptive model (synonymous subs/site)":1e-10,
       "LRT":null,
       "Nucleotide GTR":0.0002460702383463149,
       "Rate Distributions":        [
[10000000000, 1] 
        ],
       "Rate classes":1,
       "Uncorrected P-value":null,
       "original name":"mh557010_HKU1_s_china_29_jul_2014_1"
      },
     "mh557011_HKU1_s_china_30_may_2016_1":{
       "Baseline MG94xREV":0.0007481371607821609,
       "Baseline MG94xREV omega ratio":0.1324695137193574,
       "Corrected P-value":null,
       "Full adaptive model":0.0007504590368805471,
       "Full adaptive model (non-synonymous subs/site)":0.0002463087917257276,
       "Full adaptive model (synonymous subs/site)":0.0005041502451548202,
       "LRT":null,
       "Nucleotide GTR":0.0007392155231189753,
       "Rate Distributions":        [
[0.1236649874700825, 1] 
        ],
       "Rate classes":1,
       "Uncorrected P-value":null,
       "original name":"mh557011_HKU1_s_china_30_may_2016_1"
      },
     "mh557012_HKU1_s_china_14_jan_2015_1":{
       "Baseline MG94xREV":0.0004835793664544122,
       "Baseline MG94xREV omega ratio":0,
       "Corrected P-value":null,
       "Full adaptive model":0.0004877696379753344,
       "Full adaptive model (non-synonymous subs/site)":1e-10,
       "Full adaptive model (synonymous subs/site)":0.0004877696379753344,
       "LRT":null,
       "Nucleotide GTR":0.0004808179672230755,
       "Rate Distributions":        [
[0, 1] 
        ],
       "Rate classes":1,
       "Uncorrected P-value":null,
       "original name":"mh557012_HKU1_s_china_14_jan_2015_1"
      },
     "mh557013_HKU1_s_china_16_aug_2013_1":{
       "Baseline MG94xREV":0.0009782066587092366,
       "Baseline MG94xREV omega ratio":0.272933667049703,
       "Corrected P-value":null,
       "Full adaptive model":0.0009809146356348345,
       "Full adaptive model (non-synonymous subs/site)":0.0004911562344065365,
       "Full adaptive model (synonymous subs/site)":0.000489758401228299,
       "LRT":null,
       "Nucleotide GTR":0.0009747492206985553,
       "Rate Distributions":        [
[0.2538426501870197, 1] 
        ],
       "Rate classes":1,
       "Uncorrected P-value":null,
       "original name":"mh557013_HKU1_s_china_16_aug_2013_1"
      },
     "mh557014_HKU1_s_china_22_mar_2007_1":{
       "Baseline MG94xREV":0.001249528702104205,
       "Baseline MG94xREV omega ratio":0.06633980017265323,
       "Corrected P-value":null,
       "Full adaptive model":0.001254827305654562,
       "Full adaptive model (non-synonymous subs/site)":0.0002464545815818274,
       "Full adaptive model (synonymous subs/site)":0.001008372724072734,
       "LRT":null,
       "Nucleotide GTR":0.001233141603557581,
       "Rate Distributions":        [
[0.06186466037829361, 1] 
        ],
       "Rate classes":1,
       "Uncorrected P-value":null,
       "original name":"mh557014_HKU1_s_china_22_mar_2007_1"
      },
     "mh557015_HKU1_s_china_05_jun_2012_1":{
       "Baseline MG94xREV":0.0006861620369893721,
       "Baseline MG94xREV omega ratio":10000000000,
       "Corrected P-value":null,
       "Full adaptive model":0.0006511993887910124,
       "Full adaptive model (non-synonymous subs/site)":0.0006511993887910124,
       "Full adaptive model (synonymous subs/site)":1e-10,
       "LRT":null,
       "Nucleotide GTR":0.0002515713210866677,
       "Rate Distributions":        [
[10000000000, 1] 
        ],
       "Rate classes":1,
       "Uncorrected P-value":null,
       "original name":"mh557015_HKU1_s_china_05_jun_2012_1"
      },
     "mh557018_HKU1_s_china_12_apr_2010_1":{
       "Baseline MG94xREV":0.0009961207321154525,
       "Baseline MG94xREV omega ratio":0.7728494734483269,
       "Corrected P-value":null,
       "Full adaptive model":0.0009965115287760712,
       "Full adaptive model (non-synonymous subs/site)":0.0007368422947131851,
       "Full adaptive model (synonymous subs/site)":0.0002596692340628859,
       "LRT":null,
       "Nucleotide GTR":0.0009867463108240637,
       "Rate Distributions":        [
[0.7182586686986651, 1] 
        ],
       "Rate classes":1,
       "Uncorrected P-value":null,
       "original name":"mh557018_HKU1_s_china_12_apr_2010_1"
      },
     "mh557019_HKU1_s_china_28_mar_2011_1":{
       "Baseline MG94xREV":0.0005126320974730136,
       "Baseline MG94xREV omega ratio":0,
       "Corrected P-value":null,
       "Full adaptive model":0.0005170032324991075,
       "Full adaptive model (non-synonymous subs/site)":1e-10,
       "Full adaptive model (synonymous subs/site)":0.0005170032324991075,
       "LRT":null,
       "Nucleotide GTR":0.000492028037454414,
       "Rate Distributions":        [
[0, 1] 
        ],
       "Rate classes":1,
       "Uncorrected P-value":null,
       "original name":"mh557019_HKU1_s_china_28_mar_2011_1"
      },
     "mh557020_HKU1_s_china_09_apr_2011_1":{
       "Baseline MG94xREV":0.001543540851155257,
       "Baseline MG94xREV omega ratio":0.05106786389578478,
       "Corrected P-value":null,
       "Full adaptive model":0.001553432626183826,
       "Full adaptive model (non-synonymous subs/site)":0.0002454809529307046,
       "Full adaptive model (synonymous subs/site)":0.00130795167325312,
       "LRT":null,
       "Nucleotide GTR":0.001479831888115348,
       "Rate Distributions":        [
[0.04750648841917273, 1] 
        ],
       "Rate classes":1,
       "Uncorrected P-value":null,
       "original name":"mh557020_HKU1_s_china_09_apr_2011_1"
      },
     "mh557021_HKU1_s_china_05_feb_2011_1":{
       "Baseline MG94xREV":0.0002507358765290376,
       "Baseline MG94xREV omega ratio":0,
       "Corrected P-value":null,
       "Full adaptive model":0.0002520872108195235,
       "Full adaptive model (non-synonymous subs/site)":1e-10,
       "Full adaptive model (synonymous subs/site)":0.0002520872108195235,
       "LRT":null,
       "Nucleotide GTR":0.000246373235866798,
       "Rate Distributions":        [
[0, 1] 
        ],
       "Rate classes":1,
       "Uncorrected P-value":null,
       "original name":"mh557021_HKU1_s_china_05_feb_2011_1"
      },
     "mh557022_HKU1_s_china_17_may_2011_1":{
       "Baseline MG94xREV":0.001489639278730638,
       "Baseline MG94xREV omega ratio":0.1335736206424564,
       "Corrected P-value":null,
       "Full adaptive model":0.001494589699955788,
       "Full adaptive model (non-synonymous subs/site)":0.0004929207061655399,
       "Full adaptive model (synonymous subs/site)":0.001001668993790249,
       "LRT":null,
       "Nucleotide GTR":0.001479855853722638,
       "Rate Distributions":        [
[0.12456030361284, 1] 
        ],
       "Rate classes":1,
       "Uncorrected P-value":null,
       "original name":"mh557022_HKU1_s_china_17_may_2011_1"
      },
     "mh557023_HKU1_s_china_18_jul_2011_1":{
       "Baseline MG94xREV":0.0008511505480751144,
       "Baseline MG94xREV omega ratio":0.3714539564170045,
       "Corrected P-value":null,
       "Full adaptive model":0.0008690146449781057,
       "Full adaptive model (non-synonymous subs/site)":0.000492584046967639,
       "Full adaptive model (synonymous subs/site)":0.0003764305980104665,
       "LRT":null,
       "Nucleotide GTR":0.0009811799210087189,
       "Rate Distributions":        [
[0.3312243462600678, 1] 
        ],
       "Rate classes":1,
       "Uncorrected P-value":null,
       "original name":"mh557023_HKU1_s_china_18_jul_2011_1"
      },
     "mh557024_HKU1_s_china_02_mar_2011_1":{
       "Baseline MG94xREV":0.001233911889442317,
       "Baseline MG94xREV omega ratio":0.1793722396314193,
       "Corrected P-value":null,
       "Full adaptive model":0.00123775652479794,
       "Full adaptive model (non-synonymous subs/site)":0.0004925439677087967,
       "Full adaptive model (synonymous subs/site)":0.0007452125570891425,
       "LRT":null,
       "Nucleotide GTR":0.001301106844057979,
       "Rate Distributions":        [
[0.167298353579497, 1] 
        ],
       "Rate classes":1,
       "Uncorrected P-value":null,
       "original name":"mh557024_HKU1_s_china_02_mar_2011_1"
      },
     "mh940245_HKU1_s_thailand_04_jun_2017_2":{
       "Baseline MG94xREV":0.0005002942043929622,
       "Baseline MG94xREV omega ratio":0.2609696493694848,
       "Corrected P-value":null,
       "Full adaptive model":0.0005006212650946993,
       "Full adaptive model (non-synonymous subs/site)":0.000245207438394326,
       "Full adaptive model (synonymous subs/site)":0.0002554138267003731,
       "LRT":null,
       "Nucleotide GTR":0.0004922632659502651,
       "Rate Distributions":        [
[0.2430054776690879, 1] 
        ],
       "Rate classes":1,
       "Uncorrected P-value":null,
       "original name":"mh940245_HKU1_s_thailand_04_jun_2017_2"
      }
    },
   "attributes":{
     "Baseline MG94xREV":{
       "attribute type":"branch length",
       "display order":1
      },
     "Baseline MG94xREV omega ratio":{
       "attribute type":"branch label",
       "display order":1
      },
     "Corrected P-value":{
       "attribute type":"branch label",
       "display order":6
      },
     "Full adaptive model":{
       "attribute type":"branch length",
       "display order":2
      },
     "Full adaptive model (non-synonymous subs/site)":{
       "attribute type":"branch label",
       "display order":10
      },
     "Full adaptive model (synonymous subs/site)":{
       "attribute type":"branch label",
       "display order":9
      },
     "LRT":{
       "attribute type":"branch label",
       "display order":4
      },
     "Nucleotide GTR":{
       "attribute type":"branch length",
       "display order":0
      },
     "Rate Distributions":{
       "attribute type":"branch label",
       "display order":3
      },
     "Rate classes":{
       "attribute type":"branch label",
       "display order":2
      },
     "Uncorrected P-value":{
       "attribute type":"branch label",
       "display order":5
      },
     "original name":{
       "attribute type":"node label",
       "display order":-1
      }
    }
  },
 "data partitions":{
   "0":{
     "coverage":      [
[0, 1, 2, 3, 4, 5, 6, 7, 8, 9, 10, 11, 12, 13, 14, 15, 16, 17, 18, 19, 20, 21, 22, 23, 24, 25, 26, 27, 28, 29, 30, 31, 32, 33, 34, 35, 36, 37, 38, 39, 40, 41, 42, 43, 44, 45, 46, 47, 48, 49, 50, 51, 52, 53, 54, 55, 56, 57, 58, 59, 60, 61, 62, 63, 64, 65, 66, 67, 68, 69, 70, 71, 72, 73, 74, 75, 76, 77, 78, 79, 80, 81, 82, 83, 84, 85, 86, 87, 88, 89, 90, 91, 92, 93, 94, 95, 96, 97, 98, 99, 100, 101, 102, 103, 104, 105, 106, 107, 108, 109, 110, 111, 112, 113, 114, 115, 116, 117, 118, 119, 120, 121, 122, 123, 124, 125, 126, 127, 128, 129, 130, 131, 132, 133, 134, 135, 136, 137, 138, 139, 140, 141, 142, 143, 144, 145, 146, 147, 148, 149, 150, 151, 152, 153, 154, 155, 156, 157, 158, 159, 160, 161, 162, 163, 164, 165, 166, 167, 168, 169, 170, 171, 172, 173, 174, 175, 176, 177, 178, 179, 180, 181, 182, 183, 184, 185, 186, 187, 188, 189, 190, 191, 192, 193, 194, 195, 196, 197, 198, 199, 200, 201, 202, 203, 204, 205, 206, 207, 208, 209, 210, 211, 212, 213, 214, 215, 216, 217, 218, 219, 220, 221, 222, 223, 224, 225, 226, 227, 228, 229, 230, 231, 232, 233, 234, 235, 236, 237, 238, 239, 240, 241, 242, 243, 244, 245, 246, 247, 248, 249, 250, 251, 252, 253, 254, 255, 256, 257, 258, 259, 260, 261, 262, 263, 264, 265, 266, 267, 268, 269, 270, 271, 272, 273, 274, 275, 276, 277, 278, 279, 280, 281, 282, 283, 284, 285, 286, 287, 288, 289, 290, 291, 292, 293, 294, 295, 296, 297, 298, 299, 300, 301, 302, 303, 304, 305, 306, 307, 308, 309, 310, 311, 312, 313, 314, 315, 316, 317, 318, 319, 320, 321, 322, 323, 324, 325, 326, 327, 328, 329, 330, 331, 332, 333, 334, 335, 336, 337, 338, 339, 340, 341, 342, 343, 344, 345, 346, 347, 348, 349, 350, 351, 352, 353, 354, 355, 356, 357, 358, 359, 360, 361, 362, 363, 364, 365, 366, 367, 368, 369, 370, 371, 372, 373, 374, 375, 376, 377, 378, 379, 380, 381, 382, 383, 384, 385, 386, 387, 388, 389, 390, 391, 392, 393, 394, 395, 396, 397, 398, 399, 400, 401, 402, 403, 404, 405, 406, 407, 408, 409, 410, 411, 412, 413, 414, 415, 416, 417, 418, 419, 420, 421, 422, 423, 424, 425, 426, 427, 428, 429, 430, 431, 432, 433, 434, 435, 436, 437, 438, 439, 440, 441, 442, 443, 444, 445, 446, 447, 448, 449, 450, 451, 452, 453, 454, 455, 456, 457, 458, 459, 460, 461, 462, 463, 464, 465, 466, 467, 468, 469, 470, 471, 472, 473, 474, 475, 476, 477, 478, 479, 480, 481, 482, 483, 484, 485, 486, 487, 488, 489, 490, 491, 492, 493, 494, 495, 496, 497, 498, 499, 500, 501, 502, 503, 504, 505, 506, 507, 508, 509, 510, 511, 512, 513, 514, 515, 516, 517, 518, 519, 520, 521, 522, 523, 524, 525, 526, 527, 528, 529, 530, 531, 532, 533, 534, 535, 536, 537, 538, 539, 540, 541, 542, 543, 544, 545, 546, 547, 548, 549, 550, 551, 552, 553, 554, 555, 556, 557, 558, 559, 560, 561, 562, 563, 564, 565, 566, 567, 568, 569, 570, 571, 572, 573, 574, 575, 576, 577, 578, 579, 580, 581, 582, 583, 584, 585, 586, 587, 588, 589, 590, 591, 592, 593, 594, 595, 596, 597, 598, 599, 600, 601, 602, 603, 604, 605, 606, 607, 608, 609, 610, 611, 612, 613, 614, 615, 616, 617, 618, 619, 620, 621, 622, 623, 624, 625, 626, 627, 628, 629, 630, 631, 632, 633, 634, 635, 636, 637, 638, 639, 640, 641, 642, 643, 644, 645, 646, 647, 648, 649, 650, 651, 652, 653, 654, 655, 656, 657, 658, 659, 660, 661, 662, 663, 664, 665, 666, 667, 668, 669, 670, 671, 672, 673, 674, 675, 676, 677, 678, 679, 680, 681, 682, 683, 684, 685, 686, 687, 688, 689, 690, 691, 692, 693, 694, 695, 696, 697, 698, 699, 700, 701, 702, 703, 704, 705, 706, 707, 708, 709, 710, 711, 712, 713, 714, 715, 716, 717, 718, 719, 720, 721, 722, 723, 724, 725, 726, 727, 728, 729, 730, 731, 732, 733, 734, 735, 736, 737, 738, 739, 740, 741, 742, 743, 744, 745, 746, 747, 748, 749, 750, 751, 752, 753, 754, 755, 756, 757, 758, 759, 760, 761, 762, 763, 764, 765, 766, 767, 768, 769, 770, 771, 772, 773, 774, 775, 776, 777, 778, 779, 780, 781, 782, 783, 784, 785, 786, 787, 788, 789, 790, 791, 792, 793, 794, 795, 796, 797, 798, 799, 800, 801, 802, 803, 804, 805, 806, 807, 808, 809, 810, 811, 812, 813, 814, 815, 816, 817, 818, 819, 820, 821, 822, 823, 824, 825, 826, 827, 828, 829, 830, 831, 832, 833, 834, 835, 836, 837, 838, 839, 840, 841, 842, 843, 844, 845, 846, 847, 848, 849, 850, 851, 852, 853, 854, 855, 856, 857, 858, 859, 860, 861, 862, 863, 864, 865, 866, 867, 868, 869, 870, 871, 872, 873, 874, 875, 876, 877, 878, 879, 880, 881, 882, 883, 884, 885, 886, 887, 888, 889, 890, 891, 892, 893, 894, 895, 896, 897, 898, 899, 900, 901, 902, 903, 904, 905, 906, 907, 908, 909, 910, 911, 912, 913, 914, 915, 916, 917, 918, 919, 920, 921, 922, 923, 924, 925, 926, 927, 928, 929, 930, 931, 932, 933, 934, 935, 936, 937, 938, 939, 940, 941, 942, 943, 944, 945, 946, 947, 948, 949, 950, 951, 952, 953, 954, 955, 956, 957, 958, 959, 960, 961, 962, 963, 964, 965, 966, 967, 968, 969, 970, 971, 972, 973, 974, 975, 976, 977, 978, 979, 980, 981, 982, 983, 984, 985, 986, 987, 988, 989, 990, 991, 992, 993, 994, 995, 996, 997, 998, 999, 1000, 1001, 1002, 1003, 1004, 1005, 1006, 1007, 1008, 1009, 1010, 1011, 1012, 1013, 1014, 1015, 1016, 1017, 1018, 1019, 1020, 1021, 1022, 1023, 1024, 1025, 1026, 1027, 1028, 1029, 1030, 1031, 1032, 1033, 1034, 1035, 1036, 1037, 1038, 1039, 1040, 1041, 1042, 1043, 1044, 1045, 1046, 1047, 1048, 1049, 1050, 1051, 1052, 1053, 1054, 1055, 1056, 1057, 1058, 1059, 1060, 1061, 1062, 1063, 1064, 1065, 1066, 1067, 1068, 1069, 1070, 1071, 1072, 1073, 1074, 1075, 1076, 1077, 1078, 1079, 1080, 1081, 1082, 1083, 1084, 1085, 1086, 1087, 1088, 1089, 1090, 1091, 1092, 1093, 1094, 1095, 1096, 1097, 1098, 1099, 1100, 1101, 1102, 1103, 1104, 1105, 1106, 1107, 1108, 1109, 1110, 1111, 1112, 1113, 1114, 1115, 1116, 1117, 1118, 1119, 1120, 1121, 1122, 1123, 1124, 1125, 1126, 1127, 1128, 1129, 1130, 1131, 1132, 1133, 1134, 1135, 1136, 1137, 1138, 1139, 1140, 1141, 1142, 1143, 1144, 1145, 1146, 1147, 1148, 1149, 1150, 1151, 1152, 1153, 1154, 1155, 1156, 1157, 1158, 1159, 1160, 1161, 1162, 1163, 1164, 1165, 1166, 1167, 1168, 1169, 1170, 1171, 1172, 1173, 1174, 1175, 1176, 1177, 1178, 1179, 1180, 1181, 1182, 1183, 1184, 1185, 1186, 1187, 1188, 1189, 1190, 1191, 1192, 1193, 1194, 1195, 1196, 1197, 1198, 1199, 1200, 1201, 1202, 1203, 1204, 1205, 1206, 1207, 1208, 1209, 1210, 1211, 1212, 1213, 1214, 1215, 1216, 1217, 1218, 1219, 1220, 1221, 1222, 1223, 1224, 1225, 1226, 1227, 1228, 1229, 1230, 1231, 1232, 1233, 1234, 1235, 1236, 1237, 1238, 1239, 1240, 1241, 1242, 1243, 1244, 1245, 1246, 1247, 1248, 1249, 1250, 1251, 1252, 1253, 1254, 1255, 1256, 1257, 1258, 1259, 1260, 1261, 1262, 1263, 1264, 1265, 1266, 1267, 1268, 1269, 1270, 1271, 1272, 1273, 1274, 1275, 1276, 1277, 1278, 1279, 1280, 1281, 1282, 1283, 1284, 1285, 1286, 1287, 1288, 1289, 1290, 1291, 1292, 1293, 1294, 1295, 1296, 1297, 1298, 1299, 1300, 1301, 1302, 1303, 1304, 1305, 1306, 1307, 1308, 1309, 1310, 1311, 1312, 1313, 1314, 1315, 1316, 1317, 1318, 1319, 1320, 1321, 1322, 1323, 1324, 1325, 1326, 1327, 1328, 1329, 1330, 1331, 1332, 1333, 1334, 1335, 1336, 1337, 1338, 1339, 1340, 1341, 1342, 1343, 1344, 1345, 1346, 1347, 1348, 1349, 1350, 1351, 1352, 1353, 1354, 1355, 1356, 1357, 1358, 1359] 
      ],
     "name":"absrel.filter.default"
    }
  },
 "fits":{
   "Baseline MG94xREV":{
     "AIC-c":19046.73281929929,
     "Equilibrium frequencies":      [
[0.0200685462135703],
      [0.006885119115285101],
      [0.01021809267524234],
      [0.06260059528527971],
      [0.0132037531387834],
      [0.004529945127159762],
      [0.006722817477525112],
      [0.04118697974887698],
      [0.01057625579107687],
      [0.003628503038553346],
      [0.005385002016599283],
      [0.03299092527006774],
      [0.01763891529819098],
      [0.006051561064764524],
      [0.008981022805019639],
      [0.05502175325020409],
      [0.009166602531801083],
      [0.00314487903818601],
      [0.004667263547158109],
      [0.02859373913424154],
      [0.006031007710434245],
      [0.002069118810582507],
      [0.003070745387059842],
      [0.0188127564809852],
      [0.004830859798200273],
      [0.001657371928483788],
      [0.002459678573315607],
      [0.01506908850739628],
      [0.008056833011715054],
      [0.002764139185134853],
      [0.004102213758114079],
      [0.02513199198786042],
      [0.01581568374598593],
      [0.005426046576665256],
      [0.008052706983305576],
      [0.0493344762897154],
      [0.01040565577998169],
      [0.003569973567362005],
      [0.005298139385633559],
      [0.03245876603259334],
      [0.008334969311091201],
      [0.002859562218328681],
      [0.00424382952106619],
      [0.02599959334403728],
      [0.01390093248457538],
      [0.004769133496332637],
      [0.007077793024371159],
      [0.04336171834741422],
      [0.008157646179638224],
      [0.07417061323432085],
      [0.0156441079008148],
      [0.005367182316208255],
      [0.007965347497066051],
      [0.04879927309512501],
      [0.004299133167434636],
      [0.006380273222947173],
      [0.03908840079391337],
      [0.02089898919479936],
      [0.00717002758764611],
      [0.01064092067949336],
      [0.06519102831526517] 
      ],
     "Log Likelihood":-9481.277767814314,
     "Rate Distributions":{
       "Per-branch omega":{
         "2.5%":0,
         "97.5%":10000000000,
         "Mean":270270270.6000255,
         "Median":0.264961626292822
        }
      },
     "display order":1,
     "estimated parameters":174
    },
   "Full adaptive model":{
     "AIC-c":19046.73281929929,
     "Log Likelihood":-9332.84175265012,
     "Rate Distributions":{
      },
     "display order":2,
     "estimated parameters":190
    },
   "Nucleotide GTR":{
     "AIC-c":19046.73281929929,
     "Equilibrium frequencies":      [
[0.2622281428281834],
      [0.1456951724537372],
      [0.1679746701031923],
      [0.4241020146148872] 
      ],
     "Log Likelihood":-10196.72211869926,
     "Rate Distributions":{
       "Substitution rate from nucleotide A to nucleotide C":0.2533365218434707,
       "Substitution rate from nucleotide A to nucleotide G":1,
       "Substitution rate from nucleotide A to nucleotide T":0.3348876773869763,
       "Substitution rate from nucleotide C to nucleotide G":0.2910332518906104,
       "Substitution rate from nucleotide C to nucleotide T":1.463980973338672,
       "Substitution rate from nucleotide G to nucleotide T":0.3114350482278112
      },
     "display order":0,
     "estimated parameters":107
    }
  },
 "input":{
   "file name":"/data/shares/veg/SARS-CoV-2/coronavirus-comparative-data/data/catted/HKU1_S.catted.qa.fasta_protein.aligned.compressed.codon.fas",
   "number of sequences":51,
   "number of sites":1360,
   "partition count":1,
   "trees":{
     "0":"(mh556992_HKU1_s_china_11_mar_2008_2,mh556996_HKU1_s_china_19_apr_2008_1,mh556997_HKU1_s_china_24_apr_2008_1,((kf430197_HKU1_s_brazil_2007_1,gb_KY674921_Organism_Human_coronavirus_HKU1_Strain_Name_N08_87_Segment_null_Host_Human_1,gb_KF686338_Organism_Human_coronavirus_HKU1_Strain_Name_HKU1_human_USA_HKU1_1_2005_Segment_null_Host_Human_1)Node7,mh940245_HKU1_s_thailand_04_jun_2017_2)Node6,(((((mh557003_HKU1_s_china_02_jun_2015_1,mh557011_HKU1_s_china_30_may_2016_1)Node17,mh557024_HKU1_s_china_02_mar_2011_1)Node16,(((HKU1_lcl_NC_006577_2_cds_YP_173238_1_3_gene_S_locus_tag_HCHV1gp3_db_xref_GeneID_3200426_protein_spike_glycoprotein_protein_id_YP_173238_1_location_22942_27012_gbkey_CDS__4,(((kf686340_HKU1_s_usa_denver_co_28_nov_2009_2,gb_KY674941_Organism_Human_coronavirus_HKU1_Strain_Name_N09_1663B_Segment_null_Host_Human_3,(kf686343_HKU1_s_usa_denver_co_08_jan_2010_2,kf686342_HKU1_s_usa_denver_co_13_dec_2009_4)Node31,gb_KF430200_Organism_Human_coronavirus_HKU1_Strain_Name_HKU1_human_USA_HKU1_16_2010_Segment_null_Host_Human_1,kf686341_HKU1_s_usa_denver_co_16_jan_2010_3,gb_KF430202_Organism_Human_coronavirus_HKU1_Strain_Name_HKU1_human_USA_HKU1_7_2010_Segment_null_Host_Human_1,kf430201_HKU1_s_usa_denver_co_22_jan_2010_2)Node27,(mh557004_HKU1_s_china_28_mar_2006_1,((kt779556_HKU1_s_china_23_apr_2009_2,kt779555_HKU1_s_china_23_apr_2009_2)Node68,(mh556999_HKU1_s_china_03_mar_2009_1,mh557000_HKU1_s_china_05_mar_2009_1)Node65,mh556998_HKU1_s_china_09_feb_2009_3,((mh557019_HKU1_s_china_28_mar_2011_1,((mh557012_HKU1_s_china_14_jan_2015_1,(mh557009_HKU1_s_china_20_jul_2014_1,mh557010_HKU1_s_china_29_jul_2014_1)Node56)Node54,mh557013_HKU1_s_china_16_aug_2013_1)Node53,mh557002_HKU1_s_china_31_oct_2014_1)Node51,(mh557018_HKU1_s_china_12_apr_2010_1,mh557020_HKU1_s_china_09_apr_2011_1)Node62)Node50)Node46,(mh557008_HKU1_s_china_01_sep_2006_1,mh557007_HKU1_s_china_29_jul_2006_1)Node71,kf686344_HKU1_s_usa_denver_co_28_dec_2009_2,(kf430198_HKU1_s_brazil_2006_1,kf430203_HKU1_s_brazil_2006_1)Node76)Node43,(mh557006_HKU1_s_china_19_jul_2006_1,mh557005_HKU1_s_china_22_may_2006_1)Node80)Node26,hm034837_HKU1_s_france_04_mar_2005_2)Node25)Node23,mh557015_HKU1_s_china_05_jun_2012_1)Node22,mh557023_HKU1_s_china_18_jul_2011_1)Node21)Node15,mh557022_HKU1_s_china_17_may_2011_1)Node14,(mh556993_HKU1_s_china_25_mar_2008_1,(mh557001_HKU1_s_china_13_jul_2009_1,mh556994_HKU1_s_china_04_apr_2008_1,gb_MK167038_Organism_Human_coronavirus_HKU1_Strain_Name_SC2521_Segment_null_Host_Human_1,mh557021_HKU1_s_china_05_feb_2011_1)Node89)Node87)Node13,mh556991_HKU1_s_china_10_jul_2007_1,mh557014_HKU1_s_china_22_mar_2007_1)"
    }
  },
 "test results":{
   "P-value threshold":0.05,
   "positive test results":1,
   "tested":29
  },
 "tested":{
   "0":{
     "HKU1_lcl_NC_006577_2_cds_YP_173238_1_3_gene_S_locus_tag_HCHV1gp3_db_xref_GeneID_3200426_protein_spike_glycoprotein_protein_id_YP_173238_1_location_22942_27012_gbkey_CDS__4":"background",
     "Node13":"test",
     "Node14":"test",
     "Node15":"test",
     "Node16":"test",
     "Node17":"test",
     "Node21":"test",
     "Node22":"test",
     "Node23":"test",
     "Node25":"test",
     "Node26":"test",
     "Node27":"test",
     "Node31":"test",
     "Node43":"test",
     "Node46":"test",
     "Node50":"test",
     "Node51":"test",
     "Node53":"test",
     "Node54":"test",
     "Node56":"test",
     "Node6":"test",
     "Node62":"test",
     "Node65":"test",
     "Node68":"test",
     "Node7":"test",
     "Node71":"test",
     "Node76":"test",
     "Node80":"test",
     "Node87":"test",
     "Node89":"test",
     "gb_KF430200_Organism_Human_coronavirus_HKU1_Strain_Name_HKU1_human_USA_HKU1_16_2010_Segment_null_Host_Human_1":"background",
     "gb_KF430202_Organism_Human_coronavirus_HKU1_Strain_Name_HKU1_human_USA_HKU1_7_2010_Segment_null_Host_Human_1":"background",
     "gb_KF686338_Organism_Human_coronavirus_HKU1_Strain_Name_HKU1_human_USA_HKU1_1_2005_Segment_null_Host_Human_1":"background",
     "gb_KY674921_Organism_Human_coronavirus_HKU1_Strain_Name_N08_87_Segment_null_Host_Human_1":"background",
     "gb_KY674941_Organism_Human_coronavirus_HKU1_Strain_Name_N09_1663B_Segment_null_Host_Human_3":"background",
     "gb_MK167038_Organism_Human_coronavirus_HKU1_Strain_Name_SC2521_Segment_null_Host_Human_1":"background",
     "hm034837_HKU1_s_france_04_mar_2005_2":"background",
     "kf430197_HKU1_s_brazil_2007_1":"background",
     "kf430198_HKU1_s_brazil_2006_1":"background",
     "kf430201_HKU1_s_usa_denver_co_22_jan_2010_2":"background",
     "kf430203_HKU1_s_brazil_2006_1":"background",
     "kf686340_HKU1_s_usa_denver_co_28_nov_2009_2":"background",
     "kf686341_HKU1_s_usa_denver_co_16_jan_2010_3":"background",
     "kf686342_HKU1_s_usa_denver_co_13_dec_2009_4":"background",
     "kf686343_HKU1_s_usa_denver_co_08_jan_2010_2":"background",
     "kf686344_HKU1_s_usa_denver_co_28_dec_2009_2":"background",
     "kt779555_HKU1_s_china_23_apr_2009_2":"background",
     "kt779556_HKU1_s_china_23_apr_2009_2":"background",
     "mh556991_HKU1_s_china_10_jul_2007_1":"background",
     "mh556992_HKU1_s_china_11_mar_2008_2":"background",
     "mh556993_HKU1_s_china_25_mar_2008_1":"background",
     "mh556994_HKU1_s_china_04_apr_2008_1":"background",
     "mh556996_HKU1_s_china_19_apr_2008_1":"background",
     "mh556997_HKU1_s_china_24_apr_2008_1":"background",
     "mh556998_HKU1_s_china_09_feb_2009_3":"background",
     "mh556999_HKU1_s_china_03_mar_2009_1":"background",
     "mh557000_HKU1_s_china_05_mar_2009_1":"background",
     "mh557001_HKU1_s_china_13_jul_2009_1":"background",
     "mh557002_HKU1_s_china_31_oct_2014_1":"background",
     "mh557003_HKU1_s_china_02_jun_2015_1":"background",
     "mh557004_HKU1_s_china_28_mar_2006_1":"background",
     "mh557005_HKU1_s_china_22_may_2006_1":"background",
     "mh557006_HKU1_s_china_19_jul_2006_1":"background",
     "mh557007_HKU1_s_china_29_jul_2006_1":"background",
     "mh557008_HKU1_s_china_01_sep_2006_1":"background",
     "mh557009_HKU1_s_china_20_jul_2014_1":"background",
     "mh557010_HKU1_s_china_29_jul_2014_1":"background",
     "mh557011_HKU1_s_china_30_may_2016_1":"background",
     "mh557012_HKU1_s_china_14_jan_2015_1":"background",
     "mh557013_HKU1_s_china_16_aug_2013_1":"background",
     "mh557014_HKU1_s_china_22_mar_2007_1":"background",
     "mh557015_HKU1_s_china_05_jun_2012_1":"background",
     "mh557018_HKU1_s_china_12_apr_2010_1":"background",
     "mh557019_HKU1_s_china_28_mar_2011_1":"background",
     "mh557020_HKU1_s_china_09_apr_2011_1":"background",
     "mh557021_HKU1_s_china_05_feb_2011_1":"background",
     "mh557022_HKU1_s_china_17_may_2011_1":"background",
     "mh557023_HKU1_s_china_18_jul_2011_1":"background",
     "mh557024_HKU1_s_china_02_mar_2011_1":"background",
     "mh940245_HKU1_s_thailand_04_jun_2017_2":"background"
    }
  },
 "timers":{
   "Baseline model fitting":{
     "order":2,
     "timer":29
    },
   "Complexity analysis":{
     "order":3,
     "timer":390
    },
   "Full adaptive model fitting":{
     "order":4,
     "timer":131
    },
   "Overall":{
     "order":0,
     "timer":1117
    },
   "Preliminary model fitting":{
     "order":1,
     "timer":1
    },
   "Testing for selection":{
     "order":5,
     "timer":564
    }
  }
}