{
 "analysis":{
   "authors":"Sergei L Kosakovsky Pond, Ben Murrell, Steven Weaver and Temple iGEM / UCSD viral evolution group",
   "citation":"Less Is More: An Adaptive Branch-Site Random Effects Model for Efficient Detection of Episodic Diversifying Selection (2015). Mol Biol Evol 32 (5): 1342-1353. v2.2 adds support for multiple-hit models",
   "contact":"spond@temple.edu",
   "info":"aBSREL (Adaptive branch-site random effects likelihood)\n                            uses an adaptive random effects branch-site model framework\n                            to test whether each branch has evolved under positive selection,\n                            using a procedure which infers an optimal number of rate categories per branch.",
   "requirements":"in-frame codon alignment and a phylogenetic tree",
   "version":"2.2"
  },
 "branch attributes":{
   "0":{
     "HKU1_lcl_NC_006577_2_cds_YP_173241_1_6_gene_M_locus_tag_HCHV1gp6_db_xref_GeneID_3200428_protein_membrane_glycoprotein_protein_id_YP_173241_1_location_27633_28304_gbkey_CDS__4":{
       "Baseline MG94xREV":0.00147220136964841,
       "Baseline MG94xREV omega ratio":10000000000,
       "Corrected P-value":null,
       "Full adaptive model":0.001469464917409355,
       "Full adaptive model (non-synonymous subs/site)":0.001469464917409355,
       "Full adaptive model (synonymous subs/site)":1e-10,
       "LRT":null,
       "Nucleotide GTR":0.00149488694821687,
       "Rate Distributions":        [
[10000000000, 1] 
        ],
       "Rate classes":1,
       "Uncorrected P-value":null,
       "original name":"HKU1_lcl_NC_006577_2_cds_YP_173241_1_6_gene_M_locus_tag_HCHV1gp6_db_xref_GeneID_3200428_protein_membrane_glycoprotein_protein_id_YP_173241_1_location_27633_28304_gbkey_CDS__4"
      },
     "Node11":{
       "Baseline MG94xREV":0.001474796618296284,
       "Baseline MG94xREV omega ratio":10000000000,
       "Corrected P-value":1,
       "Full adaptive model":0.001472709203898951,
       "Full adaptive model (non-synonymous subs/site)":0.001472709203898951,
       "Full adaptive model (synonymous subs/site)":1e-10,
       "LRT":0.5897368324563104,
       "Nucleotide GTR":0.001499193395120416,
       "Rate Distributions":        [
[10000000000, 1] 
        ],
       "Rate classes":1,
       "Uncorrected P-value":0.3118930490644573
      },
     "Node12":{
       "Baseline MG94xREV":0.001632056974644641,
       "Baseline MG94xREV omega ratio":0,
       "Corrected P-value":1,
       "Full adaptive model":0.001636676844893511,
       "Full adaptive model (non-synonymous subs/site)":1e-10,
       "Full adaptive model (synonymous subs/site)":0.001636676844893511,
       "LRT":0,
       "Nucleotide GTR":0.001521000974344256,
       "Rate Distributions":        [
[0, 1] 
        ],
       "Rate classes":1,
       "Uncorrected P-value":1
      },
     "Node15":{
       "Baseline MG94xREV":0.001612212947187018,
       "Baseline MG94xREV omega ratio":0,
       "Corrected P-value":1,
       "Full adaptive model":0.001618232662082074,
       "Full adaptive model (non-synonymous subs/site)":1e-10,
       "Full adaptive model (synonymous subs/site)":0.001618232662082074,
       "LRT":0,
       "Nucleotide GTR":0.001502998794313003,
       "Rate Distributions":        [
[0, 1] 
        ],
       "Rate classes":1,
       "Uncorrected P-value":1
      },
     "Node16":{
       "Baseline MG94xREV":0.001573603330068264,
       "Baseline MG94xREV omega ratio":0,
       "Corrected P-value":1,
       "Full adaptive model":0.00158140902419444,
       "Full adaptive model (non-synonymous subs/site)":1e-10,
       "Full adaptive model (synonymous subs/site)":0.00158140902419444,
       "LRT":0,
       "Nucleotide GTR":0.001491921854450061,
       "Rate Distributions":        [
[0, 1] 
        ],
       "Rate classes":1,
       "Uncorrected P-value":1
      },
     "Node3":{
       "Baseline MG94xREV":0.001561523306787877,
       "Baseline MG94xREV omega ratio":0,
       "Corrected P-value":1,
       "Full adaptive model":0.00150098818941843,
       "Full adaptive model (non-synonymous subs/site)":1e-10,
       "Full adaptive model (synonymous subs/site)":0.00150098818941843,
       "LRT":0,
       "Nucleotide GTR":0.001498175114967425,
       "Rate Distributions":        [
[0, 1] 
        ],
       "Rate classes":1,
       "Uncorrected P-value":1
      },
     "Node5":{
       "Baseline MG94xREV":0.1004477394191892,
       "Baseline MG94xREV omega ratio":0.1246226618747292,
       "Corrected P-value":1,
       "Full adaptive model":0.1149254631290337,
       "Full adaptive model (non-synonymous subs/site)":0.04192658459998146,
       "Full adaptive model (synonymous subs/site)":0.07299887852905229,
       "LRT":0.2292773477338415,
       "Nucleotide GTR":0.07966614600013761,
       "Rate Distributions":        [
[0.06015903048672352, 0.9588922127496876],
        [3.927256720062082, 0.04110778725031239] 
        ],
       "Rate classes":2,
       "Uncorrected P-value":0.3939185193339464
      },
     "Node7":{
       "Baseline MG94xREV":0.007000228688415152,
       "Baseline MG94xREV omega ratio":0.2997055410903988,
       "Corrected P-value":1,
       "Full adaptive model":0.006988929149794668,
       "Full adaptive model (non-synonymous subs/site)":0.00295854467226195,
       "Full adaptive model (synonymous subs/site)":0.004030384477532727,
       "LRT":0,
       "Nucleotide GTR":0.005932772172208855,
       "Rate Distributions":        [
[0.2800618614082655, 1] 
        ],
       "Rate classes":1,
       "Uncorrected P-value":1
      },
     "gb_KF430196_Organism_Human_coronavirus_HKU1_Strain_Name_HKU1_human_USA_HKU1_4_2005_Segment_null_Host_Human_1":{
       "Baseline MG94xREV":0.004178511229436198,
       "Baseline MG94xREV omega ratio":0,
       "Corrected P-value":null,
       "Full adaptive model":0.004209574934769189,
       "Full adaptive model (non-synonymous subs/site)":1e-10,
       "Full adaptive model (synonymous subs/site)":0.004209574934769189,
       "LRT":null,
       "Nucleotide GTR":0.004656879872612547,
       "Rate Distributions":        [
[0, 1] 
        ],
       "Rate classes":1,
       "Uncorrected P-value":null,
       "original name":"gb_KF430196_Organism_Human_coronavirus_HKU1_Strain_Name_HKU1_human_USA_HKU1_4_2005_Segment_null_Host_Human_1"
      },
     "gb_KF686338_Organism_Human_coronavirus_HKU1_Strain_Name_HKU1_human_USA_HKU1_1_2005_Segment_null_Host_Human_1":{
       "Baseline MG94xREV":0.001414665512978812,
       "Baseline MG94xREV omega ratio":0,
       "Corrected P-value":null,
       "Full adaptive model":0.001498426070023954,
       "Full adaptive model (non-synonymous subs/site)":1e-10,
       "Full adaptive model (synonymous subs/site)":0.001498426070023954,
       "LRT":null,
       "Nucleotide GTR":0.001497640657889438,
       "Rate Distributions":        [
[0, 1] 
        ],
       "Rate classes":1,
       "Uncorrected P-value":null,
       "original name":"gb_KF686338_Organism_Human_coronavirus_HKU1_Strain_Name_HKU1_human_USA_HKU1_1_2005_Segment_null_Host_Human_1"
      },
     "gb_KF686345_Organism_Human_coronavirus_HKU1_Strain_Name_HKU1_human_USA_HKU1_20_2010_Segment_null_Host_Human_2":{
       "Baseline MG94xREV":0.0016144486601357,
       "Baseline MG94xREV omega ratio":0,
       "Corrected P-value":null,
       "Full adaptive model":0.00162200343528286,
       "Full adaptive model (non-synonymous subs/site)":1e-10,
       "Full adaptive model (synonymous subs/site)":0.00162200343528286,
       "LRT":null,
       "Nucleotide GTR":0.001506294776302422,
       "Rate Distributions":        [
[0, 1] 
        ],
       "Rate classes":1,
       "Uncorrected P-value":null,
       "original name":"gb_KF686345_Organism_Human_coronavirus_HKU1_Strain_Name_HKU1_human_USA_HKU1_20_2010_Segment_null_Host_Human_2"
      },
     "gb_KY674921_Organism_Human_coronavirus_HKU1_Strain_Name_N08_87_Segment_null_Host_Human_1":{
       "Baseline MG94xREV":0.001478343449051632,
       "Baseline MG94xREV omega ratio":0,
       "Corrected P-value":null,
       "Full adaptive model":0.001486562893046938,
       "Full adaptive model (non-synonymous subs/site)":1e-10,
       "Full adaptive model (synonymous subs/site)":0.001486562893046938,
       "LRT":null,
       "Nucleotide GTR":0.001494478692874541,
       "Rate Distributions":        [
[0, 1] 
        ],
       "Rate classes":1,
       "Uncorrected P-value":null,
       "original name":"gb_KY674921_Organism_Human_coronavirus_HKU1_Strain_Name_N08_87_Segment_null_Host_Human_1"
      },
     "gb_MK167038_Organism_Human_coronavirus_HKU1_Strain_Name_SC2521_Segment_null_Host_Human_1":{
       "Baseline MG94xREV":0.004527222101886659,
       "Baseline MG94xREV omega ratio":0.2038662504614505,
       "Corrected P-value":null,
       "Full adaptive model":0.004539038237094165,
       "Full adaptive model (non-synonymous subs/site)":0.001500638693063725,
       "Full adaptive model (synonymous subs/site)":0.003038399544030437,
       "LRT":null,
       "Nucleotide GTR":0.004514095238553272,
       "Rate Distributions":        [
[0.1884315303771814, 1] 
        ],
       "Rate classes":1,
       "Uncorrected P-value":null,
       "original name":"gb_MK167038_Organism_Human_coronavirus_HKU1_Strain_Name_SC2521_Segment_null_Host_Human_1"
      },
     "hm034837_HKU1_m_france_04_mar_2005_2":{
       "Baseline MG94xREV":0.001597474865905563,
       "Baseline MG94xREV omega ratio":0,
       "Corrected P-value":null,
       "Full adaptive model":0.001603190001730817,
       "Full adaptive model (non-synonymous subs/site)":1e-10,
       "Full adaptive model (synonymous subs/site)":0.001603190001730817,
       "LRT":null,
       "Nucleotide GTR":0.001494888518212894,
       "Rate Distributions":        [
[0, 1] 
        ],
       "Rate classes":1,
       "Uncorrected P-value":null,
       "original name":"hm034837_HKU1_m_france_04_mar_2005_2"
      },
     "kf686340_HKU1_m_usa_denver_co_28_nov_2009_9":{
       "Baseline MG94xREV":0,
       "Baseline MG94xREV omega ratio":1,
       "Corrected P-value":null,
       "Full adaptive model":0,
       "Full adaptive model (non-synonymous subs/site)":1e-10,
       "Full adaptive model (synonymous subs/site)":1e-10,
       "LRT":null,
       "Nucleotide GTR":0,
       "Rate Distributions":        [
[1, 1] 
        ],
       "Rate classes":1,
       "Uncorrected P-value":null,
       "original name":"kf686340_HKU1_m_usa_denver_co_28_nov_2009_9"
      },
     "kf686341_HKU1_m_usa_denver_co_16_jan_2010_2":{
       "Baseline MG94xREV":0.001478400814170248,
       "Baseline MG94xREV omega ratio":10000000000,
       "Corrected P-value":null,
       "Full adaptive model":0.001476394696080684,
       "Full adaptive model (non-synonymous subs/site)":0.001476394696080684,
       "Full adaptive model (synonymous subs/site)":1e-10,
       "LRT":null,
       "Nucleotide GTR":0.001494869878775748,
       "Rate Distributions":        [
[10000000000, 1] 
        ],
       "Rate classes":1,
       "Uncorrected P-value":null,
       "original name":"kf686341_HKU1_m_usa_denver_co_16_jan_2010_2"
      },
     "kf686342_HKU1_m_usa_denver_co_13_dec_2009_6":{
       "Baseline MG94xREV":0.001564195384960942,
       "Baseline MG94xREV omega ratio":0,
       "Corrected P-value":null,
       "Full adaptive model":0.001570857526891739,
       "Full adaptive model (non-synonymous subs/site)":1e-10,
       "Full adaptive model (synonymous subs/site)":0.001570857526891739,
       "LRT":null,
       "Nucleotide GTR":0.001491513810150699,
       "Rate Distributions":        [
[0, 1] 
        ],
       "Rate classes":1,
       "Uncorrected P-value":null,
       "original name":"kf686342_HKU1_m_usa_denver_co_13_dec_2009_6"
      },
     "kf686344_HKU1_m_usa_denver_co_28_dec_2009_2":{
       "Baseline MG94xREV":0.001477910647439527,
       "Baseline MG94xREV omega ratio":10000000000,
       "Corrected P-value":null,
       "Full adaptive model":0.001477217313130447,
       "Full adaptive model (non-synonymous subs/site)":0.001477217313130447,
       "Full adaptive model (synonymous subs/site)":1e-10,
       "LRT":null,
       "Nucleotide GTR":0.001511241590486093,
       "Rate Distributions":        [
[10000000000, 1] 
        ],
       "Rate classes":1,
       "Uncorrected P-value":null,
       "original name":"kf686344_HKU1_m_usa_denver_co_28_dec_2009_2"
      },
     "kt779555_HKU1_m_china_23_apr_2009_4":{
       "Baseline MG94xREV":0.00162699252831031,
       "Baseline MG94xREV omega ratio":0,
       "Corrected P-value":null,
       "Full adaptive model":0.001631896674095522,
       "Full adaptive model (non-synonymous subs/site)":1e-10,
       "Full adaptive model (synonymous subs/site)":0.001631896674095522,
       "LRT":null,
       "Nucleotide GTR":0.001500745253342474,
       "Rate Distributions":        [
[0, 1] 
        ],
       "Rate classes":1,
       "Uncorrected P-value":null,
       "original name":"kt779555_HKU1_m_china_23_apr_2009_4"
      },
     "mh940245_HKU1_m_thailand_04_jun_2017_2":{
       "Baseline MG94xREV":0.003020261422459416,
       "Baseline MG94xREV omega ratio":0,
       "Corrected P-value":null,
       "Full adaptive model":0.003033569187494147,
       "Full adaptive model (non-synonymous subs/site)":1e-10,
       "Full adaptive model (synonymous subs/site)":0.003033569187494147,
       "LRT":null,
       "Nucleotide GTR":0.003000924661221533,
       "Rate Distributions":        [
[0, 1] 
        ],
       "Rate classes":1,
       "Uncorrected P-value":null,
       "original name":"mh940245_HKU1_m_thailand_04_jun_2017_2"
      }
    },
   "attributes":{
     "Baseline MG94xREV":{
       "attribute type":"branch length",
       "display order":1
      },
     "Baseline MG94xREV omega ratio":{
       "attribute type":"branch label",
       "display order":1
      },
     "Corrected P-value":{
       "attribute type":"branch label",
       "display order":6
      },
     "Full adaptive model":{
       "attribute type":"branch length",
       "display order":2
      },
     "Full adaptive model (non-synonymous subs/site)":{
       "attribute type":"branch label",
       "display order":10
      },
     "Full adaptive model (synonymous subs/site)":{
       "attribute type":"branch label",
       "display order":9
      },
     "LRT":{
       "attribute type":"branch label",
       "display order":4
      },
     "Nucleotide GTR":{
       "attribute type":"branch length",
       "display order":0
      },
     "Rate Distributions":{
       "attribute type":"branch label",
       "display order":3
      },
     "Rate classes":{
       "attribute type":"branch label",
       "display order":2
      },
     "Uncorrected P-value":{
       "attribute type":"branch label",
       "display order":5
      },
     "original name":{
       "attribute type":"node label",
       "display order":-1
      }
    }
  },
 "data partitions":{
   "0":{
     "coverage":      [
[0, 1, 2, 3, 4, 5, 6, 7, 8, 9, 10, 11, 12, 13, 14, 15, 16, 17, 18, 19, 20, 21, 22, 23, 24, 25, 26, 27, 28, 29, 30, 31, 32, 33, 34, 35, 36, 37, 38, 39, 40, 41, 42, 43, 44, 45, 46, 47, 48, 49, 50, 51, 52, 53, 54, 55, 56, 57, 58, 59, 60, 61, 62, 63, 64, 65, 66, 67, 68, 69, 70, 71, 72, 73, 74, 75, 76, 77, 78, 79, 80, 81, 82, 83, 84, 85, 86, 87, 88, 89, 90, 91, 92, 93, 94, 95, 96, 97, 98, 99, 100, 101, 102, 103, 104, 105, 106, 107, 108, 109, 110, 111, 112, 113, 114, 115, 116, 117, 118, 119, 120, 121, 122, 123, 124, 125, 126, 127, 128, 129, 130, 131, 132, 133, 134, 135, 136, 137, 138, 139, 140, 141, 142, 143, 144, 145, 146, 147, 148, 149, 150, 151, 152, 153, 154, 155, 156, 157, 158, 159, 160, 161, 162, 163, 164, 165, 166, 167, 168, 169, 170, 171, 172, 173, 174, 175, 176, 177, 178, 179, 180, 181, 182, 183, 184, 185, 186, 187, 188, 189, 190, 191, 192, 193, 194, 195, 196, 197, 198, 199, 200, 201, 202, 203, 204, 205, 206, 207, 208, 209, 210, 211, 212, 213, 214, 215, 216, 217, 218, 219, 220, 221, 222, 223] 
      ],
     "name":"absrel.filter.default"
    }
  },
 "fits":{
   "Baseline MG94xREV":{
     "AIC-c":2475.626666504794,
     "Equilibrium frequencies":      [
[0.01586651005929112],
      [0.008413960253932285],
      [0.01546878883122212],
      [0.04960454734276042],
      [0.01172022648536301],
      [0.006215199148799753],
      [0.01142643895089031],
      [0.03664173957527738],
      [0.01090963365657095],
      [0.005785344327664394],
      [0.01063616501857431],
      [0.03410752819537961],
      [0.02647581780431963],
      [0.01404004269769775],
      [0.02581215612119487],
      [0.08277314625616848],
      [0.006208004963407329],
      [0.003292085456923557],
      [0.006052390694820333],
      [0.01940850728740462],
      [0.004585710652279531],
      [0.002431787899174452],
      [0.004470761966943041],
      [0.01433661846878529],
      [0.004268554309414026],
      [0.002263600890614858],
      [0.004161555690582582],
      [0.01334507106699758],
      [0.01035905235148023],
      [0.005493372797675746],
      [0.01009938497614275],
      [0.03238620849039392],
      [0.009666577340924258],
      [0.005126155483100168],
      [0.009424268036805735],
      [0.03022127686293199],
      [0.007140478615054192],
      [0.003786573294102437],
      [0.006961490298583376],
      [0.02232376295649283],
      [0.006646629731951596],
      [0.003524686788604595],
      [0.006480020582892774],
      [0.02077980967309974],
      [0.01613023528887547],
      [0.008553812911598645],
      [0.0157259033365961],
      [0.05042904942844349],
      [0.006967675278540058],
      [0.04107796659269829],
      [0.0097056237344108],
      [0.005146861662444426],
      [0.009462335665616798],
      [0.03034335025317529],
      [0.004790895064053813],
      [0.00880790279746777],
      [0.02824474728270652],
      [0.02192486006908267],
      [0.01162668416084757],
      [0.0213752759299537],
      [0.06854517819079861] 
      ],
     "Log Likelihood":-1183.692376887233,
     "Rate Distributions":{
       "Per-branch omega":{
         "2.5%":0,
         "97.5%":10000000000,
         "Mean":1666666666.938032,
         "Median":0.2517858957759246
        }
      },
     "display order":1,
     "estimated parameters":54
    },
   "Full adaptive model":{
     "AIC-c":2475.626666504794,
     "Log Likelihood":-1180.6952947235,
     "Rate Distributions":{
      },
     "display order":2,
     "estimated parameters":56
    },
   "Nucleotide GTR":{
     "AIC-c":2475.626666504794,
     "Equilibrium frequencies":      [
[0.2515810049442336],
      [0.1425779004254341],
      [0.1845463953087272],
      [0.4212946993216051] 
      ],
     "Log Likelihood":-1256.999134440082,
     "Rate Distributions":{
       "Substitution rate from nucleotide A to nucleotide C":1.046951688330129,
       "Substitution rate from nucleotide A to nucleotide G":1,
       "Substitution rate from nucleotide A to nucleotide T":0.4279289088719742,
       "Substitution rate from nucleotide C to nucleotide G":0.5414471869745948,
       "Substitution rate from nucleotide C to nucleotide T":6.536909554747827,
       "Substitution rate from nucleotide G to nucleotide T":0.6896391415750716
      },
     "display order":0,
     "estimated parameters":31
    }
  },
 "input":{
   "file name":"/data/shares/veg/SARS-CoV-2/coronavirus-comparative-data/data/catted/HKU1_M.catted.qa.fasta_protein.aligned.compressed.codon.fas",
   "number of sequences":13,
   "number of sites":224,
   "partition count":1,
   "trees":{
     "0":"(mh940245_HKU1_m_thailand_04_jun_2017_2,gb_KY674921_Organism_Human_coronavirus_HKU1_Strain_Name_N08_87_Segment_null_Host_Human_1,(gb_KF686338_Organism_Human_coronavirus_HKU1_Strain_Name_HKU1_human_USA_HKU1_1_2005_Segment_null_Host_Human_1,(gb_KF430196_Organism_Human_coronavirus_HKU1_Strain_Name_HKU1_human_USA_HKU1_4_2005_Segment_null_Host_Human_1,(hm034837_HKU1_m_france_04_mar_2005_2,HKU1_lcl_NC_006577_2_cds_YP_173241_1_6_gene_M_locus_tag_HCHV1gp6_db_xref_GeneID_3200428_protein_membrane_glycoprotein_protein_id_YP_173241_1_location_27633_28304_gbkey_CDS__4,((kf686344_HKU1_m_usa_denver_co_28_dec_2009_2,kt779555_HKU1_m_china_23_apr_2009_4)Node12,((kf686340_HKU1_m_usa_denver_co_28_nov_2009_9,kf686342_HKU1_m_usa_denver_co_13_dec_2009_6,kf686341_HKU1_m_usa_denver_co_16_jan_2010_2)Node16,gb_KF686345_Organism_Human_coronavirus_HKU1_Strain_Name_HKU1_human_USA_HKU1_20_2010_Segment_null_Host_Human_2)Node15)Node11)Node7)Node5)Node3,gb_MK167038_Organism_Human_coronavirus_HKU1_Strain_Name_SC2521_Segment_null_Host_Human_1)"
    }
  },
 "test results":{
   "P-value threshold":0.05,
   "positive test results":0,
   "tested":7
  },
 "tested":{
   "0":{
     "HKU1_lcl_NC_006577_2_cds_YP_173241_1_6_gene_M_locus_tag_HCHV1gp6_db_xref_GeneID_3200428_protein_membrane_glycoprotein_protein_id_YP_173241_1_location_27633_28304_gbkey_CDS__4":"background",
     "Node11":"test",
     "Node12":"test",
     "Node15":"test",
     "Node16":"test",
     "Node3":"test",
     "Node5":"test",
     "Node7":"test",
     "gb_KF430196_Organism_Human_coronavirus_HKU1_Strain_Name_HKU1_human_USA_HKU1_4_2005_Segment_null_Host_Human_1":"background",
     "gb_KF686338_Organism_Human_coronavirus_HKU1_Strain_Name_HKU1_human_USA_HKU1_1_2005_Segment_null_Host_Human_1":"background",
     "gb_KF686345_Organism_Human_coronavirus_HKU1_Strain_Name_HKU1_human_USA_HKU1_20_2010_Segment_null_Host_Human_2":"background",
     "gb_KY674921_Organism_Human_coronavirus_HKU1_Strain_Name_N08_87_Segment_null_Host_Human_1":"background",
     "gb_MK167038_Organism_Human_coronavirus_HKU1_Strain_Name_SC2521_Segment_null_Host_Human_1":"background",
     "hm034837_HKU1_m_france_04_mar_2005_2":"background",
     "kf686340_HKU1_m_usa_denver_co_28_nov_2009_9":"background",
     "kf686341_HKU1_m_usa_denver_co_16_jan_2010_2":"background",
     "kf686342_HKU1_m_usa_denver_co_13_dec_2009_6":"background",
     "kf686344_HKU1_m_usa_denver_co_28_dec_2009_2":"background",
     "kt779555_HKU1_m_china_23_apr_2009_4":"background",
     "mh940245_HKU1_m_thailand_04_jun_2017_2":"background"
    }
  },
 "timers":{
   "Baseline model fitting":{
     "order":2,
     "timer":2
    },
   "Complexity analysis":{
     "order":3,
     "timer":35
    },
   "Full adaptive model fitting":{
     "order":4,
     "timer":7
    },
   "Overall":{
     "order":0,
     "timer":52
    },
   "Preliminary model fitting":{
     "order":1,
     "timer":0
    },
   "Testing for selection":{
     "order":5,
     "timer":7
    }
  }
}