{
 "analysis":{
   "authors":"Sergei L Kosakovsky Pond, Ben Murrell, Steven Weaver and Temple iGEM / UCSD viral evolution group",
   "citation":"Less Is More: An Adaptive Branch-Site Random Effects Model for Efficient Detection of Episodic Diversifying Selection (2015). Mol Biol Evol 32 (5): 1342-1353. v2.2 adds support for multiple-hit models",
   "contact":"spond@temple.edu",
   "info":"aBSREL (Adaptive branch-site random effects likelihood)\n                            uses an adaptive random effects branch-site model framework\n                            to test whether each branch has evolved under positive selection,\n                            using a procedure which infers an optimal number of rate categories per branch.",
   "requirements":"in-frame codon alignment and a phylogenetic tree",
   "version":"2.2"
  },
 "branch attributes":{
   "0":{
     "Middle_East_lcl_NC_019843_3_cds_YP_009047211_1_10_gene_N_locus_tag_G128_gp09_db_xref_GeneID_14254601_protein_nucleocapsid_protein_protein_id_YP_009047211_1_location_28566_29807_gbkey_CDS__4":{
       "Baseline MG94xREV":0.001628504900791524,
       "Baseline MG94xREV omega ratio":0.5064372194520793,
       "Corrected P-value":null,
       "Full adaptive model":0.001628844138600034,
       "Full adaptive model (non-synonymous subs/site)":0.000800745459605672,
       "Full adaptive model (synonymous subs/site)":0.0008280986789943609,
       "LRT":null,
       "Nucleotide GTR":0.001614311900142738,
       "Rate Distributions":        [
[0.4945799090948064, 1] 
        ],
       "Rate classes":1,
       "Uncorrected P-value":null,
       "original name":"Middle_East_lcl_NC_019843_3_cds_YP_009047211_1_10_gene_N_locus_tag_G128_gp09_db_xref_GeneID_14254601_protein_nucleocapsid_protein_protein_id_YP_009047211_1_location_28566_29807_gbkey_CDS__4"
      },
     "Node100":{
       "Baseline MG94xREV":0.000830467725665811,
       "Baseline MG94xREV omega ratio":0,
       "Corrected P-value":1,
       "Full adaptive model":0.0008315691690340592,
       "Full adaptive model (non-synonymous subs/site)":1e-10,
       "Full adaptive model (synonymous subs/site)":0.0008315691690340592,
       "LRT":0,
       "Nucleotide GTR":0.0008076705688216328,
       "Rate Distributions":        [
[0, 1] 
        ],
       "Rate classes":1,
       "Uncorrected P-value":1
      },
     "Node111":{
       "Baseline MG94xREV":0.001632212193303013,
       "Baseline MG94xREV omega ratio":0.5019546047172777,
       "Corrected P-value":1,
       "Full adaptive model":0.001633227472146349,
       "Full adaptive model (non-synonymous subs/site)":0.0007985657333596901,
       "Full adaptive model (synonymous subs/site)":0.0008346617387866606,
       "LRT":0,
       "Nucleotide GTR":0.001616296583405538,
       "Rate Distributions":        [
[0.4893552391019585, 1] 
        ],
       "Rate classes":1,
       "Uncorrected P-value":1
      },
     "Node124":{
       "Baseline MG94xREV":0.001629062573943385,
       "Baseline MG94xREV omega ratio":0.5082944934084767,
       "Corrected P-value":1,
       "Full adaptive model":0.001629879546747847,
       "Full adaptive model (non-synonymous subs/site)":0.0008025100359116722,
       "Full adaptive model (synonymous subs/site)":0.000827369510836178,
       "LRT":0,
       "Nucleotide GTR":0.001616445715033093,
       "Rate Distributions":        [
[0.4961066367270693, 1] 
        ],
       "Rate classes":1,
       "Uncorrected P-value":1
      },
     "Node125":{
       "Baseline MG94xREV":0.0008039641816315179,
       "Baseline MG94xREV omega ratio":10000000000,
       "Corrected P-value":1,
       "Full adaptive model":0.0008030769270749469,
       "Full adaptive model (non-synonymous subs/site)":0.0008030769270749469,
       "Full adaptive model (synonymous subs/site)":1e-10,
       "LRT":0.8070777800467113,
       "Nucleotide GTR":0.0008078683834348558,
       "Rate Distributions":        [
[10000000000, 1] 
        ],
       "Rate classes":1,
       "Uncorrected P-value":0.274182738631278
      },
     "Node13":{
       "Baseline MG94xREV":0.0008266771530859946,
       "Baseline MG94xREV omega ratio":0,
       "Corrected P-value":1,
       "Full adaptive model":0.0008271877204611234,
       "Full adaptive model (non-synonymous subs/site)":1e-10,
       "Full adaptive model (synonymous subs/site)":0.0008271877204611234,
       "LRT":0,
       "Nucleotide GTR":0.0008091648735777027,
       "Rate Distributions":        [
[0, 1] 
        ],
       "Rate classes":1,
       "Uncorrected P-value":1
      },
     "Node14":{
       "Baseline MG94xREV":0.0008264439906101531,
       "Baseline MG94xREV omega ratio":0,
       "Corrected P-value":1,
       "Full adaptive model":0.0008269563949965591,
       "Full adaptive model (non-synonymous subs/site)":1e-10,
       "Full adaptive model (synonymous subs/site)":0.0008269563949965591,
       "LRT":0,
       "Nucleotide GTR":0.0008080366417933815,
       "Rate Distributions":        [
[0, 1] 
        ],
       "Rate classes":1,
       "Uncorrected P-value":1
      },
     "Node23":{
       "Baseline MG94xREV":0.0008019539505696051,
       "Baseline MG94xREV omega ratio":10000000000,
       "Corrected P-value":1,
       "Full adaptive model":0.0008010687742218939,
       "Full adaptive model (non-synonymous subs/site)":0.0008010687742218939,
       "Full adaptive model (synonymous subs/site)":1e-10,
       "LRT":0.8020398593398568,
       "Nucleotide GTR":0.0008076557943195418,
       "Rate Distributions":        [
[10000000000, 1] 
        ],
       "Rate classes":1,
       "Uncorrected P-value":0.2749878514021646
      },
     "Node26":{
       "Baseline MG94xREV":0.002458904196069867,
       "Baseline MG94xREV omega ratio":0.2533360556977479,
       "Corrected P-value":1,
       "Full adaptive model":0.002460901535477335,
       "Full adaptive model (non-synonymous subs/site)":0.000801505984975878,
       "Full adaptive model (synonymous subs/site)":0.001659395550501458,
       "LRT":0,
       "Nucleotide GTR":0.002429619719084675,
       "Rate Distributions":        [
[0.2470477630662739, 1] 
        ],
       "Rate classes":1,
       "Uncorrected P-value":1
      },
     "Node3":{
       "Baseline MG94xREV":0.0008264989856333736,
       "Baseline MG94xREV omega ratio":0,
       "Corrected P-value":1,
       "Full adaptive model":0.0008270626213808972,
       "Full adaptive model (non-synonymous subs/site)":1e-10,
       "Full adaptive model (synonymous subs/site)":0.0008270626213808972,
       "LRT":0,
       "Nucleotide GTR":0.0008078401107554012,
       "Rate Distributions":        [
[0, 1] 
        ],
       "Rate classes":1,
       "Uncorrected P-value":1
      },
     "Node41":{
       "Baseline MG94xREV":0.0008266429699198438,
       "Baseline MG94xREV omega ratio":0,
       "Corrected P-value":1,
       "Full adaptive model":0.000827192467134963,
       "Full adaptive model (non-synonymous subs/site)":1e-10,
       "Full adaptive model (synonymous subs/site)":0.000827192467134963,
       "LRT":0,
       "Nucleotide GTR":0.0008071404878739038,
       "Rate Distributions":        [
[0, 1] 
        ],
       "Rate classes":1,
       "Uncorrected P-value":1
      },
     "Node46":{
       "Baseline MG94xREV":0.0008266274454380623,
       "Baseline MG94xREV omega ratio":0,
       "Corrected P-value":1,
       "Full adaptive model":0.0008281744375704716,
       "Full adaptive model (non-synonymous subs/site)":1e-10,
       "Full adaptive model (synonymous subs/site)":0.0008281744375704716,
       "LRT":0,
       "Nucleotide GTR":0.0008070664145541179,
       "Rate Distributions":        [
[0, 1] 
        ],
       "Rate classes":1,
       "Uncorrected P-value":1
      },
     "Node47":{
       "Baseline MG94xREV":0.00245931955293316,
       "Baseline MG94xREV omega ratio":0.2534382534345195,
       "Corrected P-value":1,
       "Full adaptive model":0.002459935569346011,
       "Full adaptive model (non-synonymous subs/site)":0.0008018592283366596,
       "Full adaptive model (synonymous subs/site)":0.001658076341009351,
       "LRT":0,
       "Nucleotide GTR":0.002430223397400428,
       "Rate Distributions":        [
[0.2473532874566143, 1] 
        ],
       "Rate classes":1,
       "Uncorrected P-value":1
      },
     "Node63":{
       "Baseline MG94xREV":0.001600578453859197,
       "Baseline MG94xREV omega ratio":10000000000,
       "Corrected P-value":1,
       "Full adaptive model":0.001600504063736507,
       "Full adaptive model (non-synonymous subs/site)":0.001600504063736507,
       "Full adaptive model (synonymous subs/site)":1e-10,
       "LRT":1.607512220766694,
       "Nucleotide GTR":0.001614176170430323,
       "Rate Distributions":        [
[10000000000, 1] 
        ],
       "Rate classes":1,
       "Uncorrected P-value":0.1752616921984758
      },
     "Node77":{
       "Baseline MG94xREV":0.0008266430032055049,
       "Baseline MG94xREV omega ratio":0,
       "Corrected P-value":1,
       "Full adaptive model":0.0008271923371141648,
       "Full adaptive model (non-synonymous subs/site)":1e-10,
       "Full adaptive model (synonymous subs/site)":0.0008271923371141648,
       "LRT":0,
       "Nucleotide GTR":0.0008071402253440925,
       "Rate Distributions":        [
[0, 1] 
        ],
       "Rate classes":1,
       "Uncorrected P-value":1
      },
     "Node8":{
       "Baseline MG94xREV":0.0008021600130444566,
       "Baseline MG94xREV omega ratio":10000000000,
       "Corrected P-value":1,
       "Full adaptive model":0.0008016993926767956,
       "Full adaptive model (non-synonymous subs/site)":0.0008016993926767956,
       "Full adaptive model (synonymous subs/site)":1e-10,
       "LRT":0.8048144714803129,
       "Nucleotide GTR":0.0008078401007355537,
       "Rate Distributions":        [
[10000000000, 1] 
        ],
       "Rate classes":1,
       "Uncorrected P-value":0.2745440722270017
      },
     "Node84":{
       "Baseline MG94xREV":0.0008266430058759501,
       "Baseline MG94xREV omega ratio":0,
       "Corrected P-value":1,
       "Full adaptive model":0.0008271923343925804,
       "Full adaptive model (non-synonymous subs/site)":1e-10,
       "Full adaptive model (synonymous subs/site)":0.0008271923343925804,
       "LRT":0,
       "Nucleotide GTR":0.0008071402136777293,
       "Rate Distributions":        [
[0, 1] 
        ],
       "Rate classes":1,
       "Uncorrected P-value":1
      },
     "Node87":{
       "Baseline MG94xREV":0.0008012662071689522,
       "Baseline MG94xREV omega ratio":10000000000,
       "Corrected P-value":1,
       "Full adaptive model":0.0008011833797678802,
       "Full adaptive model (non-synonymous subs/site)":0.0008011833797678802,
       "Full adaptive model (synonymous subs/site)":1e-10,
       "LRT":0.9083375642312603,
       "Nucleotide GTR":0.0008076578428321169,
       "Rate Distributions":        [
[10000000000, 1] 
        ],
       "Rate classes":1,
       "Uncorrected P-value":0.2586038448963927
      },
     "Node96":{
       "Baseline MG94xREV":0.0008014136242201846,
       "Baseline MG94xREV omega ratio":10000000000,
       "Corrected P-value":1,
       "Full adaptive model":0.0008013308041794331,
       "Full adaptive model (non-synonymous subs/site)":0.0008013308041794331,
       "Full adaptive model (synonymous subs/site)":1e-10,
       "LRT":0.8069529991935269,
       "Nucleotide GTR":0.0008090986899986785,
       "Rate Distributions":        [
[10000000000, 1] 
        ],
       "Rate classes":1,
       "Uncorrected P-value":0.2742026441344328
      },
     "Node97":{
       "Baseline MG94xREV":0.0008002697046385049,
       "Baseline MG94xREV omega ratio":10000000000,
       "Corrected P-value":1,
       "Full adaptive model":0.0007993864256624921,
       "Full adaptive model (non-synonymous subs/site)":0.0007993864256624921,
       "Full adaptive model (synonymous subs/site)":1e-10,
       "LRT":0.8022627699028817,
       "Nucleotide GTR":0.0008077315036814815,
       "Rate Distributions":        [
[10000000000, 1] 
        ],
       "Rate classes":1,
       "Uncorrected P-value":0.274952165164395
      },
     "gb_MG470650_Organism_Middle_East_respiratory_syndrome_related_coronavirus_Strain_Name_2362_Segment_null_Host_Human_1":{
       "Baseline MG94xREV":0.004085250248874089,
       "Baseline MG94xREV omega ratio":0.7594226503181768,
       "Corrected P-value":null,
       "Full adaptive model":0.07460166421497742,
       "Full adaptive model (non-synonymous subs/site)":0.07378456015899444,
       "Full adaptive model (synonymous subs/site)":0.0008171040559829959,
       "LRT":null,
       "Nucleotide GTR":0.004068099101351095,
       "Rate Distributions":        [
[0, 0.9949426981681295],
        [9132.576730091785, 0.005057301831870475] 
        ],
       "Rate classes":2,
       "Uncorrected P-value":null,
       "original name":"gb_MG470650_Organism_Middle_East_respiratory_syndrome_related_coronavirus_Strain_Name_2362_Segment_null_Host_Human_1"
      },
     "kc776174_MERS_n_jordan_apr_2012_1":{
       "Baseline MG94xREV":0.0008002835145744265,
       "Baseline MG94xREV omega ratio":10000000000,
       "Corrected P-value":null,
       "Full adaptive model":0.0008004352012645361,
       "Full adaptive model (non-synonymous subs/site)":0.0008004352012645361,
       "Full adaptive model (synonymous subs/site)":1e-10,
       "LRT":null,
       "Nucleotide GTR":0.0008067875164142211,
       "Rate Distributions":        [
[10000000000, 1] 
        ],
       "Rate classes":1,
       "Uncorrected P-value":null,
       "original name":"kc776174_MERS_n_jordan_apr_2012_1"
      },
     "kf961221_MERS_n_qatar_13_oct_2013_1":{
       "Baseline MG94xREV":0.0008012504954194674,
       "Baseline MG94xREV omega ratio":10000000000,
       "Corrected P-value":null,
       "Full adaptive model":0.0008007902697648827,
       "Full adaptive model (non-synonymous subs/site)":0.0008007902697648827,
       "Full adaptive model (synonymous subs/site)":1e-10,
       "LRT":null,
       "Nucleotide GTR":0.0008067243762067758,
       "Rate Distributions":        [
[10000000000, 1] 
        ],
       "Rate classes":1,
       "Uncorrected P-value":null,
       "original name":"kf961221_MERS_n_qatar_13_oct_2013_1"
      },
     "kf961222_MERS_n_qatar_17_oct_2013_1":{
       "Baseline MG94xREV":0,
       "Baseline MG94xREV omega ratio":1,
       "Corrected P-value":null,
       "Full adaptive model":0,
       "Full adaptive model (non-synonymous subs/site)":1e-10,
       "Full adaptive model (synonymous subs/site)":1e-10,
       "LRT":null,
       "Nucleotide GTR":0,
       "Rate Distributions":        [
[1, 1] 
        ],
       "Rate classes":1,
       "Uncorrected P-value":null,
       "original name":"kf961222_MERS_n_qatar_17_oct_2013_1"
      },
     "kj782550_MERS_n_greece_18_apr_2014_1":{
       "Baseline MG94xREV":0.0008266283036395004,
       "Baseline MG94xREV omega ratio":0,
       "Corrected P-value":null,
       "Full adaptive model":0.0008271224291279737,
       "Full adaptive model (non-synonymous subs/site)":1e-10,
       "Full adaptive model (synonymous subs/site)":0.0008271224291279737,
       "LRT":null,
       "Nucleotide GTR":0.0008071214975167455,
       "Rate Distributions":        [
[0, 1] 
        ],
       "Rate classes":1,
       "Uncorrected P-value":null,
       "original name":"kj782550_MERS_n_greece_18_apr_2014_1"
      },
     "kj813439_MERS_n_usa_30_apr_2014_1":{
       "Baseline MG94xREV":0.001603816775063509,
       "Baseline MG94xREV omega ratio":10000000000,
       "Corrected P-value":null,
       "Full adaptive model":0.001602515943715434,
       "Full adaptive model (non-synonymous subs/site)":0.001602515943715434,
       "Full adaptive model (synonymous subs/site)":1e-10,
       "LRT":null,
       "Nucleotide GTR":0.001613386196441005,
       "Rate Distributions":        [
[10000000000, 1] 
        ],
       "Rate classes":1,
       "Uncorrected P-value":null,
       "original name":"kj813439_MERS_n_usa_30_apr_2014_1"
      },
     "kp209310_MERS_n_united_arab_emirates_07_mar_2014_1":{
       "Baseline MG94xREV":0.0008013163053769971,
       "Baseline MG94xREV omega ratio":10000000000,
       "Corrected P-value":null,
       "Full adaptive model":0.0008012334909913297,
       "Full adaptive model (non-synonymous subs/site)":0.0008012334909913297,
       "Full adaptive model (synonymous subs/site)":1e-10,
       "LRT":null,
       "Nucleotide GTR":0.0008076578540465419,
       "Rate Distributions":        [
[10000000000, 1] 
        ],
       "Rate classes":1,
       "Uncorrected P-value":null,
       "original name":"kp209310_MERS_n_united_arab_emirates_07_mar_2014_1"
      },
     "kp236093_MERS_n_united_arab_emirates_29_oct_2013_1":{
       "Baseline MG94xREV":0,
       "Baseline MG94xREV omega ratio":1,
       "Corrected P-value":null,
       "Full adaptive model":0,
       "Full adaptive model (non-synonymous subs/site)":1e-10,
       "Full adaptive model (synonymous subs/site)":1e-10,
       "LRT":null,
       "Nucleotide GTR":0,
       "Rate Distributions":        [
[1, 1] 
        ],
       "Rate classes":1,
       "Uncorrected P-value":null,
       "original name":"kp236093_MERS_n_united_arab_emirates_29_oct_2013_1"
      },
     "kt003529_MERS_n_china_27_may_2015_1":{
       "Baseline MG94xREV":0.0008264783549507167,
       "Baseline MG94xREV omega ratio":0,
       "Corrected P-value":null,
       "Full adaptive model":0.0008270778962542057,
       "Full adaptive model (non-synonymous subs/site)":1e-10,
       "Full adaptive model (synonymous subs/site)":0.0008270778962542057,
       "LRT":null,
       "Nucleotide GTR":0.0008076046093435853,
       "Rate Distributions":        [
[0, 1] 
        ],
       "Rate classes":1,
       "Uncorrected P-value":null,
       "original name":"kt003529_MERS_n_china_27_may_2015_1"
      },
     "kt026454_MERS_n_saudi_arabia_01_mar_2015_2":{
       "Baseline MG94xREV":0.000799809289060527,
       "Baseline MG94xREV omega ratio":10000000000,
       "Corrected P-value":null,
       "Full adaptive model":0.0007999137605573815,
       "Full adaptive model (non-synonymous subs/site)":0.0007999137605573815,
       "Full adaptive model (synonymous subs/site)":1e-10,
       "LRT":null,
       "Nucleotide GTR":0.0008071402251310625,
       "Rate Distributions":        [
[10000000000, 1] 
        ],
       "Rate classes":1,
       "Uncorrected P-value":null,
       "original name":"kt026454_MERS_n_saudi_arabia_01_mar_2015_2"
      },
     "kt156561_MERS_n_oman_28_dec_2013_1":{
       "Baseline MG94xREV":0,
       "Baseline MG94xREV omega ratio":1,
       "Corrected P-value":null,
       "Full adaptive model":0,
       "Full adaptive model (non-synonymous subs/site)":1e-10,
       "Full adaptive model (synonymous subs/site)":1e-10,
       "LRT":null,
       "Nucleotide GTR":0,
       "Rate Distributions":        [
[1, 1] 
        ],
       "Rate classes":1,
       "Uncorrected P-value":null,
       "original name":"kt156561_MERS_n_oman_28_dec_2013_1"
      },
     "kt806044_MERS_n_saudi_arabia_09_feb_2015_3":{
       "Baseline MG94xREV":0.0008322642930481488,
       "Baseline MG94xREV omega ratio":0,
       "Corrected P-value":null,
       "Full adaptive model":0.0008320644646522991,
       "Full adaptive model (non-synonymous subs/site)":1e-10,
       "Full adaptive model (synonymous subs/site)":0.0008320644646522991,
       "LRT":null,
       "Nucleotide GTR":0.0008084993668247562,
       "Rate Distributions":        [
[0, 1] 
        ],
       "Rate classes":1,
       "Uncorrected P-value":null,
       "original name":"kt806044_MERS_n_saudi_arabia_09_feb_2015_3"
      },
     "kt806047_MERS_n_saudi_arabia_27_mar_2015_1":{
       "Baseline MG94xREV":0.0008013718680779706,
       "Baseline MG94xREV omega ratio":10000000000,
       "Corrected P-value":null,
       "Full adaptive model":0.0008012889709546928,
       "Full adaptive model (non-synonymous subs/site)":0.0008012889709546928,
       "Full adaptive model (synonymous subs/site)":1e-10,
       "LRT":null,
       "Nucleotide GTR":0.0008071761698708996,
       "Rate Distributions":        [
[10000000000, 1] 
        ],
       "Rate classes":1,
       "Uncorrected P-value":null,
       "original name":"kt806047_MERS_n_saudi_arabia_27_mar_2015_1"
      },
     "kt806052_MERS_n_saudi_arabia_02_feb_2015_1":{
       "Baseline MG94xREV":0.0008266086148809195,
       "Baseline MG94xREV omega ratio":0,
       "Corrected P-value":null,
       "Full adaptive model":0.0008271258994510381,
       "Full adaptive model (non-synonymous subs/site)":1e-10,
       "Full adaptive model (synonymous subs/site)":0.0008271258994510381,
       "LRT":null,
       "Nucleotide GTR":0.0008071955880237047,
       "Rate Distributions":        [
[0, 1] 
        ],
       "Rate classes":1,
       "Uncorrected P-value":null,
       "original name":"kt806052_MERS_n_saudi_arabia_02_feb_2015_1"
      },
     "kt806055_MERS_n_saudi_arabia_10_feb_2015_1":{
       "Baseline MG94xREV":0,
       "Baseline MG94xREV omega ratio":1,
       "Corrected P-value":null,
       "Full adaptive model":0,
       "Full adaptive model (non-synonymous subs/site)":1e-10,
       "Full adaptive model (synonymous subs/site)":1e-10,
       "LRT":null,
       "Nucleotide GTR":0,
       "Rate Distributions":        [
[1, 1] 
        ],
       "Rate classes":1,
       "Uncorrected P-value":null,
       "original name":"kt806055_MERS_n_saudi_arabia_10_feb_2015_1"
      },
     "kt861627_MERS_n_jordan_22_jan_2014_1":{
       "Baseline MG94xREV":0.0008265231413178268,
       "Baseline MG94xREV omega ratio":0,
       "Corrected P-value":null,
       "Full adaptive model":0.000827685670658308,
       "Full adaptive model (non-synonymous subs/site)":1e-10,
       "Full adaptive model (synonymous subs/site)":0.000827685670658308,
       "LRT":null,
       "Nucleotide GTR":0.000807772225610916,
       "Rate Distributions":        [
[0, 1] 
        ],
       "Rate classes":1,
       "Uncorrected P-value":null,
       "original name":"kt861627_MERS_n_jordan_22_jan_2014_1"
      },
     "kt868877_MERS_n_south_korea_22_jun_2015_1":{
       "Baseline MG94xREV":0,
       "Baseline MG94xREV omega ratio":1,
       "Corrected P-value":null,
       "Full adaptive model":0,
       "Full adaptive model (non-synonymous subs/site)":1e-10,
       "Full adaptive model (synonymous subs/site)":1e-10,
       "LRT":null,
       "Nucleotide GTR":0,
       "Rate Distributions":        [
[1, 1] 
        ],
       "Rate classes":1,
       "Uncorrected P-value":null,
       "original name":"kt868877_MERS_n_south_korea_22_jun_2015_1"
      },
     "ku710264_MERS_n_saudi_arabia_04_nov_2014_2":{
       "Baseline MG94xREV":0.0008281472767423816,
       "Baseline MG94xREV omega ratio":0,
       "Corrected P-value":null,
       "Full adaptive model":0.0008285927948148555,
       "Full adaptive model (non-synonymous subs/site)":1e-10,
       "Full adaptive model (synonymous subs/site)":0.0008285927948148555,
       "LRT":null,
       "Nucleotide GTR":0.0008068951857351464,
       "Rate Distributions":        [
[0, 1] 
        ],
       "Rate classes":1,
       "Uncorrected P-value":null,
       "original name":"ku710264_MERS_n_saudi_arabia_04_nov_2014_2"
      },
     "ku851859_MERS_n_saudi_arabia_12_jul_2015_1":{
       "Baseline MG94xREV":0.0007998020547842058,
       "Baseline MG94xREV omega ratio":10000000000,
       "Corrected P-value":null,
       "Full adaptive model":0.0007999065235220431,
       "Full adaptive model (non-synonymous subs/site)":0.0007999065235220431,
       "Full adaptive model (synonymous subs/site)":1e-10,
       "LRT":null,
       "Nucleotide GTR":0.0008071402139225629,
       "Rate Distributions":        [
[10000000000, 1] 
        ],
       "Rate classes":1,
       "Uncorrected P-value":null,
       "original name":"ku851859_MERS_n_saudi_arabia_12_jul_2015_1"
      },
     "kx154686_MERS_n_saudi_arabia_feb_2016_6":{
       "Baseline MG94xREV":0,
       "Baseline MG94xREV omega ratio":1,
       "Corrected P-value":null,
       "Full adaptive model":0,
       "Full adaptive model (non-synonymous subs/site)":1e-10,
       "Full adaptive model (synonymous subs/site)":1e-10,
       "LRT":null,
       "Nucleotide GTR":0,
       "Rate Distributions":        [
[1, 1] 
        ],
       "Rate classes":1,
       "Uncorrected P-value":null,
       "original name":"kx154686_MERS_n_saudi_arabia_feb_2016_6"
      },
     "kx154688_MERS_n_saudi_arabia_feb_2016_2":{
       "Baseline MG94xREV":0.001631161389365476,
       "Baseline MG94xREV omega ratio":0.5029091345478991,
       "Corrected P-value":null,
       "Full adaptive model":0.001632268232854423,
       "Full adaptive model (non-synonymous subs/site)":0.0007992019810847947,
       "Full adaptive model (synonymous subs/site)":0.0008330662517696294,
       "LRT":null,
       "Nucleotide GTR":0.001616318321299627,
       "Rate Distributions":        [
[0.4906830860572289, 1] 
        ],
       "Rate classes":1,
       "Uncorrected P-value":null,
       "original name":"kx154688_MERS_n_saudi_arabia_feb_2016_2"
      },
     "kx154690_MERS_n_saudi_arabia_jan_2016_2":{
       "Baseline MG94xREV":0.0008333566532311207,
       "Baseline MG94xREV omega ratio":0,
       "Corrected P-value":null,
       "Full adaptive model":0.0008347111023183284,
       "Full adaptive model (non-synonymous subs/site)":1e-10,
       "Full adaptive model (synonymous subs/site)":0.0008347111023183284,
       "LRT":null,
       "Nucleotide GTR":0.0008071534016700796,
       "Rate Distributions":        [
[0, 1] 
        ],
       "Rate classes":1,
       "Uncorrected P-value":null,
       "original name":"kx154690_MERS_n_saudi_arabia_jan_2016_2"
      },
     "ky581684_MERS_n_united_arab_emirates_10_jul_2013_5":{
       "Baseline MG94xREV":0.0008012900324025387,
       "Baseline MG94xREV omega ratio":10000000000,
       "Corrected P-value":null,
       "Full adaptive model":0.0008012072057360017,
       "Full adaptive model (non-synonymous subs/site)":0.0008012072057360017,
       "Full adaptive model (synonymous subs/site)":1e-10,
       "LRT":null,
       "Nucleotide GTR":0.0008076578540465419,
       "Rate Distributions":        [
[10000000000, 1] 
        ],
       "Rate classes":1,
       "Uncorrected P-value":null,
       "original name":"ky581684_MERS_n_united_arab_emirates_10_jul_2013_5"
      },
     "ky581686_MERS_n_united_arab_emirates_10_apr_2014_25":{
       "Baseline MG94xREV":0,
       "Baseline MG94xREV omega ratio":1,
       "Corrected P-value":null,
       "Full adaptive model":0,
       "Full adaptive model (non-synonymous subs/site)":1e-10,
       "Full adaptive model (synonymous subs/site)":1e-10,
       "LRT":null,
       "Nucleotide GTR":0,
       "Rate Distributions":        [
[1, 1] 
        ],
       "Rate classes":1,
       "Uncorrected P-value":null,
       "original name":"ky581686_MERS_n_united_arab_emirates_10_apr_2014_25"
      },
     "ky673144_MERS_n_united_arab_emirates_24_nov_2013_1":{
       "Baseline MG94xREV":0.0008010171458233028,
       "Baseline MG94xREV omega ratio":10000000000,
       "Corrected P-value":null,
       "Full adaptive model":0.0008003225796751951,
       "Full adaptive model (non-synonymous subs/site)":0.0008003225796751951,
       "Full adaptive model (synonymous subs/site)":1e-10,
       "LRT":null,
       "Nucleotide GTR":0.0008076013129491562,
       "Rate Distributions":        [
[10000000000, 1] 
        ],
       "Rate classes":1,
       "Uncorrected P-value":null,
       "original name":"ky673144_MERS_n_united_arab_emirates_24_nov_2013_1"
      },
     "ky673148_MERS_n_oman_06_jan_2015_5":{
       "Baseline MG94xREV":0.0008024164361831276,
       "Baseline MG94xREV omega ratio":10000000000,
       "Corrected P-value":null,
       "Full adaptive model":0.0008019556607339069,
       "Full adaptive model (non-synonymous subs/site)":0.0008019556607339069,
       "Full adaptive model (synonymous subs/site)":1e-10,
       "LRT":null,
       "Nucleotide GTR":0.0008077286090021374,
       "Rate Distributions":        [
[10000000000, 1] 
        ],
       "Rate classes":1,
       "Uncorrected P-value":null,
       "original name":"ky673148_MERS_n_oman_06_jan_2015_5"
      },
     "ky688118_MERS_n_saudi_arabia_07_feb_2015_44":{
       "Baseline MG94xREV":0,
       "Baseline MG94xREV omega ratio":1,
       "Corrected P-value":null,
       "Full adaptive model":0,
       "Full adaptive model (non-synonymous subs/site)":1e-10,
       "Full adaptive model (synonymous subs/site)":1e-10,
       "LRT":null,
       "Nucleotide GTR":0,
       "Rate Distributions":        [
[1, 1] 
        ],
       "Rate classes":1,
       "Uncorrected P-value":null,
       "original name":"ky688118_MERS_n_saudi_arabia_07_feb_2015_44"
      },
     "ky688119_MERS_n_saudi_arabia_01_may_2015_2":{
       "Baseline MG94xREV":0,
       "Baseline MG94xREV omega ratio":1,
       "Corrected P-value":null,
       "Full adaptive model":0,
       "Full adaptive model (non-synonymous subs/site)":1e-10,
       "Full adaptive model (synonymous subs/site)":1e-10,
       "LRT":null,
       "Nucleotide GTR":0,
       "Rate Distributions":        [
[1, 1] 
        ],
       "Rate classes":1,
       "Uncorrected P-value":null,
       "original name":"ky688119_MERS_n_saudi_arabia_01_may_2015_2"
      },
     "ky688121_MERS_n_saudi_arabia_22_may_2015_2":{
       "Baseline MG94xREV":0.0007998661292411179,
       "Baseline MG94xREV omega ratio":10000000000,
       "Corrected P-value":null,
       "Full adaptive model":0.0008000176856847407,
       "Full adaptive model (non-synonymous subs/site)":0.0008000176856847407,
       "Full adaptive model (synonymous subs/site)":1e-10,
       "LRT":null,
       "Nucleotide GTR":0.0008071402245987775,
       "Rate Distributions":        [
[10000000000, 1] 
        ],
       "Rate classes":1,
       "Uncorrected P-value":null,
       "original name":"ky688121_MERS_n_saudi_arabia_22_may_2015_2"
      },
     "mf000457_MERS_n_jordan_25_aug_2015_2":{
       "Baseline MG94xREV":0.000799321359169635,
       "Baseline MG94xREV omega ratio":10000000000,
       "Corrected P-value":null,
       "Full adaptive model":0.0007992385744423441,
       "Full adaptive model (non-synonymous subs/site)":0.0007992385744423441,
       "Full adaptive model (synonymous subs/site)":1e-10,
       "LRT":null,
       "Nucleotide GTR":0.0008067237024921362,
       "Rate Distributions":        [
[10000000000, 1] 
        ],
       "Rate classes":1,
       "Uncorrected P-value":null,
       "original name":"mf000457_MERS_n_jordan_25_aug_2015_2"
      },
     "mf741826_MERS_n_jordan_25_aug_2015_3":{
       "Baseline MG94xREV":0.0007989487778345236,
       "Baseline MG94xREV omega ratio":10000000000,
       "Corrected P-value":null,
       "Full adaptive model":0.0007990530522740343,
       "Full adaptive model (non-synonymous subs/site)":0.0007990530522740343,
       "Full adaptive model (synonymous subs/site)":1e-10,
       "LRT":null,
       "Nucleotide GTR":0.000806618303955365,
       "Rate Distributions":        [
[10000000000, 1] 
        ],
       "Rate classes":1,
       "Uncorrected P-value":null,
       "original name":"mf741826_MERS_n_jordan_25_aug_2015_3"
      },
     "mg011340_MERS_n_saudi_arabia_05_mar_2016_2":{
       "Baseline MG94xREV":0.0008255353642770263,
       "Baseline MG94xREV omega ratio":0,
       "Corrected P-value":null,
       "Full adaptive model":0.0008269059473854215,
       "Full adaptive model (non-synonymous subs/site)":1e-10,
       "Full adaptive model (synonymous subs/site)":0.0008269059473854215,
       "LRT":null,
       "Nucleotide GTR":0.0008071404969645538,
       "Rate Distributions":        [
[0, 1] 
        ],
       "Rate classes":1,
       "Uncorrected P-value":null,
       "original name":"mg011340_MERS_n_saudi_arabia_05_mar_2016_2"
      },
     "mg011342_MERS_n_saudi_arabia_07_mar_2016_2":{
       "Baseline MG94xREV":0.001630017480334872,
       "Baseline MG94xREV omega ratio":0.5038603189852905,
       "Corrected P-value":null,
       "Full adaptive model":0.001630255935139963,
       "Full adaptive model (non-synonymous subs/site)":0.0007986113746624009,
       "Full adaptive model (synonymous subs/site)":0.0008316445604775613,
       "LRT":null,
       "Nucleotide GTR":0.001615038345683466,
       "Rate Distributions":        [
[0.4911586734674467, 1] 
        ],
       "Rate classes":1,
       "Uncorrected P-value":null,
       "original name":"mg011342_MERS_n_saudi_arabia_07_mar_2016_2"
      },
     "mg011345_MERS_n_saudi_arabia_18_mar_2016_2":{
       "Baseline MG94xREV":0.0008333566532311207,
       "Baseline MG94xREV omega ratio":0,
       "Corrected P-value":null,
       "Full adaptive model":0.0008345921040817188,
       "Full adaptive model (non-synonymous subs/site)":1e-10,
       "Full adaptive model (synonymous subs/site)":0.0008345921040817188,
       "LRT":null,
       "Nucleotide GTR":0.0008071534016700796,
       "Rate Distributions":        [
[0, 1] 
        ],
       "Rate classes":1,
       "Uncorrected P-value":null,
       "original name":"mg011345_MERS_n_saudi_arabia_18_mar_2016_2"
      },
     "mg011348_MERS_n_saudi_arabia_18_apr_2016_6":{
       "Baseline MG94xREV":0.0007992149046526951,
       "Baseline MG94xREV omega ratio":10000000000,
       "Corrected P-value":null,
       "Full adaptive model":0.0007991321447862152,
       "Full adaptive model (non-synonymous subs/site)":0.0007991321447862152,
       "Full adaptive model (synonymous subs/site)":1e-10,
       "LRT":null,
       "Nucleotide GTR":0.0008072080615870989,
       "Rate Distributions":        [
[10000000000, 1] 
        ],
       "Rate classes":1,
       "Uncorrected P-value":null,
       "original name":"mg011348_MERS_n_saudi_arabia_18_apr_2016_6"
      },
     "mg011351_MERS_n_saudi_arabia_10_apr_2016_2":{
       "Baseline MG94xREV":0.0007992271603462536,
       "Baseline MG94xREV omega ratio":10000000000,
       "Corrected P-value":null,
       "Full adaptive model":0.00079933150205891,
       "Full adaptive model (non-synonymous subs/site)":0.00079933150205891,
       "Full adaptive model (synonymous subs/site)":1e-10,
       "LRT":null,
       "Nucleotide GTR":0.0008076705702174836,
       "Rate Distributions":        [
[10000000000, 1] 
        ],
       "Rate classes":1,
       "Uncorrected P-value":null,
       "original name":"mg011351_MERS_n_saudi_arabia_10_apr_2016_2"
      },
     "mg011354_MERS_n_saudi_arabia_16_jun_2016_4":{
       "Baseline MG94xREV":0,
       "Baseline MG94xREV omega ratio":1,
       "Corrected P-value":null,
       "Full adaptive model":0,
       "Full adaptive model (non-synonymous subs/site)":1e-10,
       "Full adaptive model (synonymous subs/site)":1e-10,
       "LRT":null,
       "Nucleotide GTR":0,
       "Rate Distributions":        [
[1, 1] 
        ],
       "Rate classes":1,
       "Uncorrected P-value":null,
       "original name":"mg011354_MERS_n_saudi_arabia_16_jun_2016_4"
      },
     "mg011357_MERS_n_saudi_arabia_21_sep_2016_2":{
       "Baseline MG94xREV":0.001627286504435725,
       "Baseline MG94xREV omega ratio":0.5059285801277286,
       "Corrected P-value":null,
       "Full adaptive model":0.001628376009493288,
       "Full adaptive model (non-synonymous subs/site)":0.0007997376773081554,
       "Full adaptive model (synonymous subs/site)":0.0008286383321851337,
       "LRT":null,
       "Nucleotide GTR":0.001613139529145031,
       "Rate Distributions":        [
[0.4936357617504669, 1] 
        ],
       "Rate classes":1,
       "Uncorrected P-value":null,
       "original name":"mg011357_MERS_n_saudi_arabia_21_sep_2016_2"
      },
     "mg757593_MERS_n_saudi_arabia_22_aug_2015_35":{
       "Baseline MG94xREV":0,
       "Baseline MG94xREV omega ratio":1,
       "Corrected P-value":null,
       "Full adaptive model":0,
       "Full adaptive model (non-synonymous subs/site)":1e-10,
       "Full adaptive model (synonymous subs/site)":1e-10,
       "LRT":null,
       "Nucleotide GTR":0,
       "Rate Distributions":        [
[1, 1] 
        ],
       "Rate classes":1,
       "Uncorrected P-value":null,
       "original name":"mg757593_MERS_n_saudi_arabia_22_aug_2015_35"
      },
     "mg757597_MERS_n_saudi_arabia_24_aug_2015_2":{
       "Baseline MG94xREV":0.0008008850698225351,
       "Baseline MG94xREV omega ratio":10000000000,
       "Corrected P-value":null,
       "Full adaptive model":0.0008004250672734993,
       "Full adaptive model (non-synonymous subs/site)":0.0008004250672734993,
       "Full adaptive model (synonymous subs/site)":1e-10,
       "LRT":null,
       "Nucleotide GTR":0.000807195587193674,
       "Rate Distributions":        [
[10000000000, 1] 
        ],
       "Rate classes":1,
       "Uncorrected P-value":null,
       "original name":"mg757597_MERS_n_saudi_arabia_24_aug_2015_2"
      },
     "mg757601_MERS_n_saudi_arabia_01_sep_2015_2":{
       "Baseline MG94xREV":0.0008266430050185621,
       "Baseline MG94xREV omega ratio":0,
       "Corrected P-value":null,
       "Full adaptive model":0.0008271923353329042,
       "Full adaptive model (non-synonymous subs/site)":1e-10,
       "Full adaptive model (synonymous subs/site)":0.0008271923353329042,
       "LRT":null,
       "Nucleotide GTR":0.0008071402257492052,
       "Rate Distributions":        [
[0, 1] 
        ],
       "Rate classes":1,
       "Uncorrected P-value":null,
       "original name":"mg757601_MERS_n_saudi_arabia_01_sep_2015_2"
      },
     "mg757604_MERS_n_saudi_arabia_31_jan_2016_16":{
       "Baseline MG94xREV":0,
       "Baseline MG94xREV omega ratio":1,
       "Corrected P-value":null,
       "Full adaptive model":0,
       "Full adaptive model (non-synonymous subs/site)":1e-10,
       "Full adaptive model (synonymous subs/site)":1e-10,
       "LRT":null,
       "Nucleotide GTR":0,
       "Rate Distributions":        [
[1, 1] 
        ],
       "Rate classes":1,
       "Uncorrected P-value":null,
       "original name":"mg757604_MERS_n_saudi_arabia_31_jan_2016_16"
      },
     "mg912595_MERS_n_saudi_arabia_31_may_2017_31":{
       "Baseline MG94xREV":0,
       "Baseline MG94xREV omega ratio":1,
       "Corrected P-value":null,
       "Full adaptive model":0,
       "Full adaptive model (non-synonymous subs/site)":1e-10,
       "Full adaptive model (synonymous subs/site)":1e-10,
       "LRT":null,
       "Nucleotide GTR":0,
       "Rate Distributions":        [
[1, 1] 
        ],
       "Rate classes":1,
       "Uncorrected P-value":null,
       "original name":"mg912595_MERS_n_saudi_arabia_31_may_2017_31"
      },
     "mg912600_MERS_n_saudi_arabia_08_jun_2017_2":{
       "Baseline MG94xREV":0,
       "Baseline MG94xREV omega ratio":1,
       "Corrected P-value":null,
       "Full adaptive model":0,
       "Full adaptive model (non-synonymous subs/site)":1e-10,
       "Full adaptive model (synonymous subs/site)":1e-10,
       "LRT":null,
       "Nucleotide GTR":0,
       "Rate Distributions":        [
[1, 1] 
        ],
       "Rate classes":1,
       "Uncorrected P-value":null,
       "original name":"mg912600_MERS_n_saudi_arabia_08_jun_2017_2"
      },
     "mg912601_MERS_n_saudi_arabia_10_jun_2017_2":{
       "Baseline MG94xREV":0,
       "Baseline MG94xREV omega ratio":1,
       "Corrected P-value":null,
       "Full adaptive model":0,
       "Full adaptive model (non-synonymous subs/site)":1e-10,
       "Full adaptive model (synonymous subs/site)":1e-10,
       "LRT":null,
       "Nucleotide GTR":0,
       "Rate Distributions":        [
[1, 1] 
        ],
       "Rate classes":1,
       "Uncorrected P-value":null,
       "original name":"mg912601_MERS_n_saudi_arabia_10_jun_2017_2"
      },
     "mg912605_MERS_n_saudi_arabia_17_jun_2017_2":{
       "Baseline MG94xREV":0,
       "Baseline MG94xREV omega ratio":1,
       "Corrected P-value":null,
       "Full adaptive model":0,
       "Full adaptive model (non-synonymous subs/site)":1e-10,
       "Full adaptive model (synonymous subs/site)":1e-10,
       "LRT":null,
       "Nucleotide GTR":0,
       "Rate Distributions":        [
[1, 1] 
        ],
       "Rate classes":1,
       "Uncorrected P-value":null,
       "original name":"mg912605_MERS_n_saudi_arabia_17_jun_2017_2"
      },
     "mh013216_MERS_n_saudi_arabia_15_oct_2015_2":{
       "Baseline MG94xREV":0.003256820151199459,
       "Baseline MG94xREV omega ratio":0.506183137030671,
       "Corrected P-value":null,
       "Full adaptive model":0.003258575603096205,
       "Full adaptive model (non-synonymous subs/site)":0.001601080419989791,
       "Full adaptive model (synonymous subs/site)":0.001657495183106412,
       "LRT":null,
       "Nucleotide GTR":0.003233134221255137,
       "Rate Distributions":        [
[0.4940659780948927, 1] 
        ],
       "Rate classes":1,
       "Uncorrected P-value":null,
       "original name":"mh013216_MERS_n_saudi_arabia_15_oct_2015_2"
      },
     "mh029552_MERS_n_saudi_arabia_26_aug_2015_16":{
       "Baseline MG94xREV":0.0008271827651827878,
       "Baseline MG94xREV omega ratio":0,
       "Corrected P-value":null,
       "Full adaptive model":0.0008276473994331823,
       "Full adaptive model (non-synonymous subs/site)":1e-10,
       "Full adaptive model (synonymous subs/site)":0.0008276473994331823,
       "LRT":null,
       "Nucleotide GTR":0.0008067249775675952,
       "Rate Distributions":        [
[0, 1] 
        ],
       "Rate classes":1,
       "Uncorrected P-value":null,
       "original name":"mh029552_MERS_n_saudi_arabia_26_aug_2015_16"
      },
     "mh306207_MERS_n_saudi_arabia_01_aug_2016_2":{
       "Baseline MG94xREV":0.001598743038689845,
       "Baseline MG94xREV omega ratio":10000000000,
       "Corrected P-value":null,
       "Full adaptive model":0.001599137632234783,
       "Full adaptive model (non-synonymous subs/site)":0.001599137632234783,
       "Full adaptive model (synonymous subs/site)":1e-10,
       "LRT":null,
       "Nucleotide GTR":0.001615807652906731,
       "Rate Distributions":        [
[10000000000, 1] 
        ],
       "Rate classes":1,
       "Uncorrected P-value":null,
       "original name":"mh306207_MERS_n_saudi_arabia_01_aug_2016_2"
      },
     "mh310909_MERS_n_saudi_arabia_05_may_2017_2":{
       "Baseline MG94xREV":0.0008305087488298936,
       "Baseline MG94xREV omega ratio":0,
       "Corrected P-value":null,
       "Full adaptive model":0.0008312009801580302,
       "Full adaptive model (non-synonymous subs/site)":1e-10,
       "Full adaptive model (synonymous subs/site)":0.0008312009801580302,
       "LRT":null,
       "Nucleotide GTR":0.0008071526745985824,
       "Rate Distributions":        [
[0, 1] 
        ],
       "Rate classes":1,
       "Uncorrected P-value":null,
       "original name":"mh310909_MERS_n_saudi_arabia_05_may_2017_2"
      },
     "mh310912_MERS_n_saudi_arabia_15_may_2017_2":{
       "Baseline MG94xREV":0.001606472825730874,
       "Baseline MG94xREV omega ratio":10000000000,
       "Corrected P-value":null,
       "Full adaptive model":0.001607628362086695,
       "Full adaptive model (non-synonymous subs/site)":0.001607628362086695,
       "Full adaptive model (synonymous subs/site)":1e-10,
       "LRT":null,
       "Nucleotide GTR":0.001619745105148139,
       "Rate Distributions":        [
[10000000000, 1] 
        ],
       "Rate classes":1,
       "Uncorrected P-value":null,
       "original name":"mh310912_MERS_n_saudi_arabia_15_may_2017_2"
      },
     "mh395139_MERS_n_saudi_arabia_04_dec_2016_2":{
       "Baseline MG94xREV":0,
       "Baseline MG94xREV omega ratio":1,
       "Corrected P-value":null,
       "Full adaptive model":0,
       "Full adaptive model (non-synonymous subs/site)":1e-10,
       "Full adaptive model (synonymous subs/site)":1e-10,
       "LRT":null,
       "Nucleotide GTR":0,
       "Rate Distributions":        [
[1, 1] 
        ],
       "Rate classes":1,
       "Uncorrected P-value":null,
       "original name":"mh395139_MERS_n_saudi_arabia_04_dec_2016_2"
      },
     "mh432120_MERS_n_saudi_arabia_28_feb_2017_2":{
       "Baseline MG94xREV":0.002409545225807062,
       "Baseline MG94xREV omega ratio":10000000000,
       "Corrected P-value":null,
       "Full adaptive model":0.002408434073204061,
       "Full adaptive model (non-synonymous subs/site)":0.002408434073204061,
       "Full adaptive model (synonymous subs/site)":1e-10,
       "LRT":null,
       "Nucleotide GTR":0.002428480219098474,
       "Rate Distributions":        [
[10000000000, 1] 
        ],
       "Rate classes":1,
       "Uncorrected P-value":null,
       "original name":"mh432120_MERS_n_saudi_arabia_28_feb_2017_2"
      },
     "mh454272_MERS_n_saudi_arabia_06_dec_2016_2":{
       "Baseline MG94xREV":0.000825324879089409,
       "Baseline MG94xREV omega ratio":0,
       "Corrected P-value":null,
       "Full adaptive model":0.0008267061135720397,
       "Full adaptive model (non-synonymous subs/site)":1e-10,
       "Full adaptive model (synonymous subs/site)":0.0008267061135720397,
       "LRT":null,
       "Nucleotide GTR":0.0008083636556232513,
       "Rate Distributions":        [
[0, 1] 
        ],
       "Rate classes":1,
       "Uncorrected P-value":null,
       "original name":"mh454272_MERS_n_saudi_arabia_06_dec_2016_2"
      },
     "mk039552_MERS_n_jordan_21_apr_2014_8":{
       "Baseline MG94xREV":0,
       "Baseline MG94xREV omega ratio":1,
       "Corrected P-value":null,
       "Full adaptive model":0,
       "Full adaptive model (non-synonymous subs/site)":1e-10,
       "Full adaptive model (synonymous subs/site)":1e-10,
       "LRT":null,
       "Nucleotide GTR":0,
       "Rate Distributions":        [
[1, 1] 
        ],
       "Rate classes":1,
       "Uncorrected P-value":null,
       "original name":"mk039552_MERS_n_jordan_21_apr_2014_8"
      },
     "mk039553_MERS_n_jordan_23_may_2014_4":{
       "Baseline MG94xREV":0.0008253774709367006,
       "Baseline MG94xREV omega ratio":0,
       "Corrected P-value":null,
       "Full adaptive model":0.0008265418651420734,
       "Full adaptive model (non-synonymous subs/site)":1e-10,
       "Full adaptive model (synonymous subs/site)":0.0008265418651420734,
       "LRT":null,
       "Nucleotide GTR":0.0008078272966080477,
       "Rate Distributions":        [
[0, 1] 
        ],
       "Rate classes":1,
       "Uncorrected P-value":null,
       "original name":"mk039553_MERS_n_jordan_23_may_2014_4"
      },
     "mk129253_MERS_n_south_korea_20_oct_2018_2":{
       "Baseline MG94xREV":0.002432159713674177,
       "Baseline MG94xREV omega ratio":1.008260546417463,
       "Corrected P-value":null,
       "Full adaptive model":0.002432225705049523,
       "Full adaptive model (non-synonymous subs/site)":0.001600194549302301,
       "Full adaptive model (synonymous subs/site)":0.0008320311557472206,
       "LRT":null,
       "Nucleotide GTR":0.002427917777674301,
       "Rate Distributions":        [
[0.9836877775714297, 1] 
        ],
       "Rate classes":1,
       "Uncorrected P-value":null,
       "original name":"mk129253_MERS_n_south_korea_20_oct_2018_2"
      },
     "mk280984_MERS_n_qatar_21_may_2015_2":{
       "Baseline MG94xREV":0.0008266192317064993,
       "Baseline MG94xREV omega ratio":0,
       "Corrected P-value":null,
       "Full adaptive model":0.0008272096116886581,
       "Full adaptive model (non-synonymous subs/site)":1e-10,
       "Full adaptive model (synonymous subs/site)":0.0008272096116886581,
       "LRT":null,
       "Nucleotide GTR":0.000807195587193674,
       "Rate Distributions":        [
[0, 1] 
        ],
       "Rate classes":1,
       "Uncorrected P-value":null,
       "original name":"mk280984_MERS_n_qatar_21_may_2015_2"
      },
     "mk462244_MERS_n_saudi_arabia_07_aug_2017_2":{
       "Baseline MG94xREV":0.0008268851797990332,
       "Baseline MG94xREV omega ratio":0,
       "Corrected P-value":null,
       "Full adaptive model":0.0008274429581896678,
       "Full adaptive model (non-synonymous subs/site)":1e-10,
       "Full adaptive model (synonymous subs/site)":0.0008274429581896678,
       "LRT":null,
       "Nucleotide GTR":0.0008080285481227027,
       "Rate Distributions":        [
[0, 1] 
        ],
       "Rate classes":1,
       "Uncorrected P-value":null,
       "original name":"mk462244_MERS_n_saudi_arabia_07_aug_2017_2"
      },
     "mk462247_MERS_n_saudi_arabia_08_jun_2018_14":{
       "Baseline MG94xREV":0,
       "Baseline MG94xREV omega ratio":1,
       "Corrected P-value":null,
       "Full adaptive model":0,
       "Full adaptive model (non-synonymous subs/site)":1e-10,
       "Full adaptive model (synonymous subs/site)":1e-10,
       "LRT":null,
       "Nucleotide GTR":0,
       "Rate Distributions":        [
[1, 1] 
        ],
       "Rate classes":1,
       "Uncorrected P-value":null,
       "original name":"mk462247_MERS_n_saudi_arabia_08_jun_2018_14"
      },
     "mk462248_MERS_n_saudi_arabia_13_jun_2018_4":{
       "Baseline MG94xREV":0.0008279380695795513,
       "Baseline MG94xREV omega ratio":0,
       "Corrected P-value":null,
       "Full adaptive model":0.0008288477797794482,
       "Full adaptive model (non-synonymous subs/site)":1e-10,
       "Full adaptive model (synonymous subs/site)":0.0008288477797794482,
       "LRT":null,
       "Nucleotide GTR":0.0008083235698291531,
       "Rate Distributions":        [
[0, 1] 
        ],
       "Rate classes":1,
       "Uncorrected P-value":null,
       "original name":"mk462248_MERS_n_saudi_arabia_13_jun_2018_4"
      },
     "mk462250_MERS_n_saudi_arabia_12_jul_2018_2":{
       "Baseline MG94xREV":0.001658220649955126,
       "Baseline MG94xREV omega ratio":0,
       "Corrected P-value":null,
       "Full adaptive model":0.001658732108030749,
       "Full adaptive model (non-synonymous subs/site)":1e-10,
       "Full adaptive model (synonymous subs/site)":0.001658732108030749,
       "LRT":null,
       "Nucleotide GTR":0.001615859699245532,
       "Rate Distributions":        [
[0, 1] 
        ],
       "Rate classes":1,
       "Uncorrected P-value":null,
       "original name":"mk462250_MERS_n_saudi_arabia_12_jul_2018_2"
      },
     "mk462251_MERS_n_saudi_arabia_18_jul_2018_2":{
       "Baseline MG94xREV":0.0008265142411734115,
       "Baseline MG94xREV omega ratio":0,
       "Corrected P-value":null,
       "Full adaptive model":0.0008272269608762104,
       "Full adaptive model (non-synonymous subs/site)":1e-10,
       "Full adaptive model (synonymous subs/site)":0.0008272269608762104,
       "LRT":null,
       "Nucleotide GTR":0.0008078263619817002,
       "Rate Distributions":        [
[0, 1] 
        ],
       "Rate classes":1,
       "Uncorrected P-value":null,
       "original name":"mk462251_MERS_n_saudi_arabia_18_jul_2018_2"
      },
     "mn120513_MERS_n_saudi_arabia_27_mar_2019_2":{
       "Baseline MG94xREV":0.0008006525020991432,
       "Baseline MG94xREV omega ratio":10000000000,
       "Corrected P-value":null,
       "Full adaptive model":0.0008005696552424212,
       "Full adaptive model (non-synonymous subs/site)":0.0008005696552424212,
       "Full adaptive model (synonymous subs/site)":1e-10,
       "LRT":null,
       "Nucleotide GTR":0.0008076340569108312,
       "Rate Distributions":        [
[10000000000, 1] 
        ],
       "Rate classes":1,
       "Uncorrected P-value":null,
       "original name":"mn120513_MERS_n_saudi_arabia_27_mar_2019_2"
      },
     "mn120514_MERS_n_saudi_arabia_28_mar_2019_2":{
       "Baseline MG94xREV":0.001610610683935786,
       "Baseline MG94xREV omega ratio":10000000000,
       "Corrected P-value":null,
       "Full adaptive model":0.00160930511276726,
       "Full adaptive model (non-synonymous subs/site)":0.00160930511276726,
       "Full adaptive model (synonymous subs/site)":1e-10,
       "LRT":null,
       "Nucleotide GTR":0.001620741523374234,
       "Rate Distributions":        [
[10000000000, 1] 
        ],
       "Rate classes":1,
       "Uncorrected P-value":null,
       "original name":"mn120514_MERS_n_saudi_arabia_28_mar_2019_2"
      },
     "mn365232_MERS_n_saudi_arabia_28_jan_2019_4":{
       "Baseline MG94xREV":0.0008023948759324299,
       "Baseline MG94xREV omega ratio":10000000000,
       "Corrected P-value":null,
       "Full adaptive model":0.0008023119573373738,
       "Full adaptive model (non-synonymous subs/site)":0.0008023119573373738,
       "Full adaptive model (synonymous subs/site)":1e-10,
       "LRT":null,
       "Nucleotide GTR":0.0008078959230297555,
       "Rate Distributions":        [
[10000000000, 1] 
        ],
       "Rate classes":1,
       "Uncorrected P-value":null,
       "original name":"mn365232_MERS_n_saudi_arabia_28_jan_2019_4"
      },
     "mn723542_MERS_n_saudi_arabia_01_aug_2017_40":{
       "Baseline MG94xREV":0,
       "Baseline MG94xREV omega ratio":1,
       "Corrected P-value":null,
       "Full adaptive model":0,
       "Full adaptive model (non-synonymous subs/site)":1e-10,
       "Full adaptive model (synonymous subs/site)":1e-10,
       "LRT":null,
       "Nucleotide GTR":0,
       "Rate Distributions":        [
[1, 1] 
        ],
       "Rate classes":1,
       "Uncorrected P-value":null,
       "original name":"mn723542_MERS_n_saudi_arabia_01_aug_2017_40"
      },
     "mn723544_MERS_n_saudi_arabia_30_aug_2018_4":{
       "Baseline MG94xREV":0.0008014111160292259,
       "Baseline MG94xREV omega ratio":10000000000,
       "Corrected P-value":null,
       "Full adaptive model":0.0008013282208965284,
       "Full adaptive model (non-synonymous subs/site)":0.0008013282208965284,
       "Full adaptive model (synonymous subs/site)":1e-10,
       "LRT":null,
       "Nucleotide GTR":0.0008078514566767928,
       "Rate Distributions":        [
[10000000000, 1] 
        ],
       "Rate classes":1,
       "Uncorrected P-value":null,
       "original name":"mn723544_MERS_n_saudi_arabia_30_aug_2018_4"
      },
     "nc_038294_MERS_n_united_kingdom_11_sep_2012_3":{
       "Baseline MG94xREV":0.0008042672100694394,
       "Baseline MG94xREV omega ratio":10000000000,
       "Corrected P-value":null,
       "Full adaptive model":0.0008041843494370304,
       "Full adaptive model (non-synonymous subs/site)":0.0008041843494370304,
       "Full adaptive model (synonymous subs/site)":1e-10,
       "LRT":null,
       "Nucleotide GTR":0.0008097912730135316,
       "Rate Distributions":        [
[10000000000, 1] 
        ],
       "Rate classes":1,
       "Uncorrected P-value":null,
       "original name":"nc_038294_MERS_n_united_kingdom_11_sep_2012_3"
      }
    },
   "attributes":{
     "Baseline MG94xREV":{
       "attribute type":"branch length",
       "display order":1
      },
     "Baseline MG94xREV omega ratio":{
       "attribute type":"branch label",
       "display order":1
      },
     "Corrected P-value":{
       "attribute type":"branch label",
       "display order":6
      },
     "Full adaptive model":{
       "attribute type":"branch length",
       "display order":2
      },
     "Full adaptive model (non-synonymous subs/site)":{
       "attribute type":"branch label",
       "display order":10
      },
     "Full adaptive model (synonymous subs/site)":{
       "attribute type":"branch label",
       "display order":9
      },
     "LRT":{
       "attribute type":"branch label",
       "display order":4
      },
     "Nucleotide GTR":{
       "attribute type":"branch length",
       "display order":0
      },
     "Rate Distributions":{
       "attribute type":"branch label",
       "display order":3
      },
     "Rate classes":{
       "attribute type":"branch label",
       "display order":2
      },
     "Uncorrected P-value":{
       "attribute type":"branch label",
       "display order":5
      },
     "original name":{
       "attribute type":"node label",
       "display order":-1
      }
    }
  },
 "data partitions":{
   "0":{
     "coverage":      [
[0, 1, 2, 3, 4, 5, 6, 7, 8, 9, 10, 11, 12, 13, 14, 15, 16, 17, 18, 19, 20, 21, 22, 23, 24, 25, 26, 27, 28, 29, 30, 31, 32, 33, 34, 35, 36, 37, 38, 39, 40, 41, 42, 43, 44, 45, 46, 47, 48, 49, 50, 51, 52, 53, 54, 55, 56, 57, 58, 59, 60, 61, 62, 63, 64, 65, 66, 67, 68, 69, 70, 71, 72, 73, 74, 75, 76, 77, 78, 79, 80, 81, 82, 83, 84, 85, 86, 87, 88, 89, 90, 91, 92, 93, 94, 95, 96, 97, 98, 99, 100, 101, 102, 103, 104, 105, 106, 107, 108, 109, 110, 111, 112, 113, 114, 115, 116, 117, 118, 119, 120, 121, 122, 123, 124, 125, 126, 127, 128, 129, 130, 131, 132, 133, 134, 135, 136, 137, 138, 139, 140, 141, 142, 143, 144, 145, 146, 147, 148, 149, 150, 151, 152, 153, 154, 155, 156, 157, 158, 159, 160, 161, 162, 163, 164, 165, 166, 167, 168, 169, 170, 171, 172, 173, 174, 175, 176, 177, 178, 179, 180, 181, 182, 183, 184, 185, 186, 187, 188, 189, 190, 191, 192, 193, 194, 195, 196, 197, 198, 199, 200, 201, 202, 203, 204, 205, 206, 207, 208, 209, 210, 211, 212, 213, 214, 215, 216, 217, 218, 219, 220, 221, 222, 223, 224, 225, 226, 227, 228, 229, 230, 231, 232, 233, 234, 235, 236, 237, 238, 239, 240, 241, 242, 243, 244, 245, 246, 247, 248, 249, 250, 251, 252, 253, 254, 255, 256, 257, 258, 259, 260, 261, 262, 263, 264, 265, 266, 267, 268, 269, 270, 271, 272, 273, 274, 275, 276, 277, 278, 279, 280, 281, 282, 283, 284, 285, 286, 287, 288, 289, 290, 291, 292, 293, 294, 295, 296, 297, 298, 299, 300, 301, 302, 303, 304, 305, 306, 307, 308, 309, 310, 311, 312, 313, 314, 315, 316, 317, 318, 319, 320, 321, 322, 323, 324, 325, 326, 327, 328, 329, 330, 331, 332, 333, 334, 335, 336, 337, 338, 339, 340, 341, 342, 343, 344, 345, 346, 347, 348, 349, 350, 351, 352, 353, 354, 355, 356, 357, 358, 359, 360, 361, 362, 363, 364, 365, 366, 367, 368, 369, 370, 371, 372, 373, 374, 375, 376, 377, 378, 379, 380, 381, 382, 383, 384, 385, 386, 387, 388, 389, 390, 391, 392, 393, 394, 395, 396, 397, 398, 399, 400, 401, 402, 403, 404, 405, 406, 407, 408, 409, 410, 411, 412, 413] 
      ],
     "name":"absrel.filter.default"
    }
  },
 "fits":{
   "Baseline MG94xREV":{
     "AIC-c":5180.619728957563,
     "Equilibrium frequencies":      [
[0.02812243541288577],
      [0.02281437840676571],
      [0.01748358262292427],
      [0.03751987149111463],
      [0.02392748146429105],
      [0.01941121415811235],
      [0.01487559996129417],
      [0.03192312530780579],
      [0.01606973407242218],
      [0.01303660186757329],
      [0.0099904762606328],
      [0.02143962101580294],
      [0.01497823741804432],
      [0.01215112316215202],
      [0.009311898048636382],
      [0.01998338816811457],
      [0.02277580264317542],
      [0.01847691255719372],
      [0.01415960678615042],
      [0.03038659972839251],
      [0.01937839264551126],
      [0.01572075733266705],
      [0.01204745335683208],
      [0.02585390600384474],
      [0.01301455888824254],
      [0.01055808527654942],
      [0.008091088566221469],
      [0.01736352381403857],
      [0.01213057739727943],
      [0.009840953636159253],
      [0.007541521531664154],
      [0.01618414971451579],
      [0.02629064381524894],
      [0.02132833404192838],
      [0.0163447666109018],
      [0.03507596560839916],
      [0.0223689336765409],
      [0.01814683934587731],
      [0.01390665830959],
      [0.02984377080487564],
      [0.01502301093418952],
      [0.01218744576099315],
      [0.009339733527937889],
      [0.02004312327097138],
      [0.01400261034140744],
      [0.01135964386871637],
      [0.008705355394946894],
      [0.01868174405368289],
      [0.01277836386422482],
      [0.02101493021217872],
      [0.01340181437573304],
      [0.01087224701617089],
      [0.008331843437281414],
      [0.01788018518818879],
      [0.007301818144976607],
      [0.005595679117753539],
      [0.01200836041054558],
      [0.008389330814104404],
      [0.006805860337573001],
      [0.005215606553486179],
      [0.01119272244456533] 
      ],
     "Log Likelihood":-2406.337802460551,
     "Rate Distributions":{
       "Per-branch omega":{
         "2.5%":0,
         "97.5%":10000000000,
         "Mean":714285714.7721446,
         "Median":0.5060558585791998
        }
      },
     "display order":1,
     "estimated parameters":192
    },
   "Full adaptive model":{
     "AIC-c":5180.619728957563,
     "Log Likelihood":-2394.995638319323,
     "Rate Distributions":{
      },
     "display order":2,
     "estimated parameters":194
    },
   "Nucleotide GTR":{
     "AIC-c":5180.619728957563,
     "Equilibrium frequencies":      [
[0.295787640825175],
      [0.2580574485995318],
      [0.2149652333344865],
      [0.2311896772408067] 
      ],
     "Log Likelihood":-2511.220039484479,
     "Rate Distributions":{
       "Substitution rate from nucleotide A to nucleotide C":0.1901372231706675,
       "Substitution rate from nucleotide A to nucleotide G":1,
       "Substitution rate from nucleotide A to nucleotide T":0.4963332558156174,
       "Substitution rate from nucleotide C to nucleotide G":0.5232189058295974,
       "Substitution rate from nucleotide C to nucleotide T":3.746682266449159,
       "Substitution rate from nucleotide G to nucleotide T":2.050370564097034
      },
     "display order":0,
     "estimated parameters":145
    }
  },
 "input":{
   "file name":"/data/shares/veg/SARS-CoV-2/coronavirus-comparative-data/data/catted/MERS_N.catted.qa.fasta_protein.aligned.compressed.codon.fas",
   "number of sequences":70,
   "number of sites":414,
   "partition count":1,
   "trees":{
     "0":"((((mn120514_MERS_n_saudi_arabia_28_mar_2019_2,mn120513_MERS_n_saudi_arabia_27_mar_2019_2)Node125,mk462247_MERS_n_saudi_arabia_08_jun_2018_14,mn723544_MERS_n_saudi_arabia_30_aug_2018_4,mk462248_MERS_n_saudi_arabia_13_jun_2018_4,mk462250_MERS_n_saudi_arabia_12_jul_2018_2,mn365232_MERS_n_saudi_arabia_28_jan_2019_4)Node124,mn723542_MERS_n_saudi_arabia_01_aug_2017_40,mk462244_MERS_n_saudi_arabia_07_aug_2017_2,((mg912601_MERS_n_saudi_arabia_10_jun_2017_2,mk462251_MERS_n_saudi_arabia_18_jul_2018_2,mg912605_MERS_n_saudi_arabia_17_jun_2017_2,mg912600_MERS_n_saudi_arabia_08_jun_2017_2,mg912595_MERS_n_saudi_arabia_31_may_2017_31)Node14,(mh013216_MERS_n_saudi_arabia_15_oct_2015_2,(ku710264_MERS_n_saudi_arabia_04_nov_2014_2,kt806055_MERS_n_saudi_arabia_10_feb_2015_1)Node26,kt026454_MERS_n_saudi_arabia_01_mar_2015_2,kt868877_MERS_n_south_korea_22_jun_2015_1,kt806044_MERS_n_saudi_arabia_09_feb_2015_3,kt806052_MERS_n_saudi_arabia_02_feb_2015_1,kt003529_MERS_n_china_27_may_2015_1,(Middle_East_lcl_NC_019843_3_cds_YP_009047211_1_10_gene_N_locus_tag_G128_gp09_db_xref_GeneID_14254601_protein_nucleocapsid_protein_protein_id_YP_009047211_1_location_28566_29807_gbkey_CDS__4,mg011340_MERS_n_saudi_arabia_05_mar_2016_2,kc776174_MERS_n_jordan_apr_2012_1)Node41,((kj782550_MERS_n_greece_18_apr_2014_1,mk039553_MERS_n_jordan_23_may_2014_4,mk039552_MERS_n_jordan_21_apr_2014_8)Node47,ky688119_MERS_n_saudi_arabia_01_may_2015_2,nc_038294_MERS_n_united_kingdom_11_sep_2012_3,kj813439_MERS_n_usa_30_apr_2014_1)Node46,mg757601_MERS_n_saudi_arabia_01_sep_2015_2,kt806047_MERS_n_saudi_arabia_27_mar_2015_1,(mh306207_MERS_n_saudi_arabia_01_aug_2016_2,mf741826_MERS_n_jordan_25_aug_2015_3,mg757593_MERS_n_saudi_arabia_22_aug_2015_35,mf000457_MERS_n_jordan_25_aug_2015_2,mh029552_MERS_n_saudi_arabia_26_aug_2015_16)Node63,ku851859_MERS_n_saudi_arabia_12_jul_2015_1,mk280984_MERS_n_qatar_21_may_2015_2,mg757597_MERS_n_saudi_arabia_24_aug_2015_2,(mg011354_MERS_n_saudi_arabia_16_jun_2016_4,mg011357_MERS_n_saudi_arabia_21_sep_2016_2)Node77,ky688121_MERS_n_saudi_arabia_22_may_2015_2,ky688118_MERS_n_saudi_arabia_07_feb_2015_44,(kf961221_MERS_n_qatar_13_oct_2013_1,kf961222_MERS_n_qatar_17_oct_2013_1)Node84,(ky673144_MERS_n_united_arab_emirates_24_nov_2013_1,kp209310_MERS_n_united_arab_emirates_07_mar_2014_1,ky581684_MERS_n_united_arab_emirates_10_jul_2013_5,kt861627_MERS_n_jordan_22_jan_2014_1,ky581686_MERS_n_united_arab_emirates_10_apr_2014_25,ky673148_MERS_n_oman_06_jan_2015_5,((mg011351_MERS_n_saudi_arabia_10_apr_2016_2,(mg011342_MERS_n_saudi_arabia_07_mar_2016_2,mh310909_MERS_n_saudi_arabia_05_may_2017_2,kx154688_MERS_n_saudi_arabia_feb_2016_2,mg757604_MERS_n_saudi_arabia_31_jan_2016_16,mg011348_MERS_n_saudi_arabia_18_apr_2016_6,mk129253_MERS_n_south_korea_20_oct_2018_2,(kx154690_MERS_n_saudi_arabia_jan_2016_2,mg011345_MERS_n_saudi_arabia_18_mar_2016_2)Node111)Node100,kx154686_MERS_n_saudi_arabia_feb_2016_6)Node97,kt156561_MERS_n_oman_28_dec_2013_1,kp236093_MERS_n_united_arab_emirates_29_oct_2013_1)Node96)Node87)Node23)Node13)Node8,mh432120_MERS_n_saudi_arabia_28_feb_2017_2,gb_MG470650_Organism_Middle_East_respiratory_syndrome_related_coronavirus_Strain_Name_2362_Segment_null_Host_Human_1,(mh310912_MERS_n_saudi_arabia_15_may_2017_2,mh454272_MERS_n_saudi_arabia_06_dec_2016_2,mh395139_MERS_n_saudi_arabia_04_dec_2016_2)Node3)"
    }
  },
 "test results":{
   "P-value threshold":0.05,
   "positive test results":0,
   "tested":19
  },
 "tested":{
   "0":{
     "Middle_East_lcl_NC_019843_3_cds_YP_009047211_1_10_gene_N_locus_tag_G128_gp09_db_xref_GeneID_14254601_protein_nucleocapsid_protein_protein_id_YP_009047211_1_location_28566_29807_gbkey_CDS__4":"background",
     "Node100":"test",
     "Node111":"test",
     "Node124":"test",
     "Node125":"test",
     "Node13":"test",
     "Node14":"test",
     "Node23":"test",
     "Node26":"test",
     "Node3":"test",
     "Node41":"test",
     "Node46":"test",
     "Node47":"test",
     "Node63":"test",
     "Node77":"test",
     "Node8":"test",
     "Node84":"test",
     "Node87":"test",
     "Node96":"test",
     "Node97":"test",
     "gb_MG470650_Organism_Middle_East_respiratory_syndrome_related_coronavirus_Strain_Name_2362_Segment_null_Host_Human_1":"background",
     "kc776174_MERS_n_jordan_apr_2012_1":"background",
     "kf961221_MERS_n_qatar_13_oct_2013_1":"background",
     "kf961222_MERS_n_qatar_17_oct_2013_1":"background",
     "kj782550_MERS_n_greece_18_apr_2014_1":"background",
     "kj813439_MERS_n_usa_30_apr_2014_1":"background",
     "kp209310_MERS_n_united_arab_emirates_07_mar_2014_1":"background",
     "kp236093_MERS_n_united_arab_emirates_29_oct_2013_1":"background",
     "kt003529_MERS_n_china_27_may_2015_1":"background",
     "kt026454_MERS_n_saudi_arabia_01_mar_2015_2":"background",
     "kt156561_MERS_n_oman_28_dec_2013_1":"background",
     "kt806044_MERS_n_saudi_arabia_09_feb_2015_3":"background",
     "kt806047_MERS_n_saudi_arabia_27_mar_2015_1":"background",
     "kt806052_MERS_n_saudi_arabia_02_feb_2015_1":"background",
     "kt806055_MERS_n_saudi_arabia_10_feb_2015_1":"background",
     "kt861627_MERS_n_jordan_22_jan_2014_1":"background",
     "kt868877_MERS_n_south_korea_22_jun_2015_1":"background",
     "ku710264_MERS_n_saudi_arabia_04_nov_2014_2":"background",
     "ku851859_MERS_n_saudi_arabia_12_jul_2015_1":"background",
     "kx154686_MERS_n_saudi_arabia_feb_2016_6":"background",
     "kx154688_MERS_n_saudi_arabia_feb_2016_2":"background",
     "kx154690_MERS_n_saudi_arabia_jan_2016_2":"background",
     "ky581684_MERS_n_united_arab_emirates_10_jul_2013_5":"background",
     "ky581686_MERS_n_united_arab_emirates_10_apr_2014_25":"background",
     "ky673144_MERS_n_united_arab_emirates_24_nov_2013_1":"background",
     "ky673148_MERS_n_oman_06_jan_2015_5":"background",
     "ky688118_MERS_n_saudi_arabia_07_feb_2015_44":"background",
     "ky688119_MERS_n_saudi_arabia_01_may_2015_2":"background",
     "ky688121_MERS_n_saudi_arabia_22_may_2015_2":"background",
     "mf000457_MERS_n_jordan_25_aug_2015_2":"background",
     "mf741826_MERS_n_jordan_25_aug_2015_3":"background",
     "mg011340_MERS_n_saudi_arabia_05_mar_2016_2":"background",
     "mg011342_MERS_n_saudi_arabia_07_mar_2016_2":"background",
     "mg011345_MERS_n_saudi_arabia_18_mar_2016_2":"background",
     "mg011348_MERS_n_saudi_arabia_18_apr_2016_6":"background",
     "mg011351_MERS_n_saudi_arabia_10_apr_2016_2":"background",
     "mg011354_MERS_n_saudi_arabia_16_jun_2016_4":"background",
     "mg011357_MERS_n_saudi_arabia_21_sep_2016_2":"background",
     "mg757593_MERS_n_saudi_arabia_22_aug_2015_35":"background",
     "mg757597_MERS_n_saudi_arabia_24_aug_2015_2":"background",
     "mg757601_MERS_n_saudi_arabia_01_sep_2015_2":"background",
     "mg757604_MERS_n_saudi_arabia_31_jan_2016_16":"background",
     "mg912595_MERS_n_saudi_arabia_31_may_2017_31":"background",
     "mg912600_MERS_n_saudi_arabia_08_jun_2017_2":"background",
     "mg912601_MERS_n_saudi_arabia_10_jun_2017_2":"background",
     "mg912605_MERS_n_saudi_arabia_17_jun_2017_2":"background",
     "mh013216_MERS_n_saudi_arabia_15_oct_2015_2":"background",
     "mh029552_MERS_n_saudi_arabia_26_aug_2015_16":"background",
     "mh306207_MERS_n_saudi_arabia_01_aug_2016_2":"background",
     "mh310909_MERS_n_saudi_arabia_05_may_2017_2":"background",
     "mh310912_MERS_n_saudi_arabia_15_may_2017_2":"background",
     "mh395139_MERS_n_saudi_arabia_04_dec_2016_2":"background",
     "mh432120_MERS_n_saudi_arabia_28_feb_2017_2":"background",
     "mh454272_MERS_n_saudi_arabia_06_dec_2016_2":"background",
     "mk039552_MERS_n_jordan_21_apr_2014_8":"background",
     "mk039553_MERS_n_jordan_23_may_2014_4":"background",
     "mk129253_MERS_n_south_korea_20_oct_2018_2":"background",
     "mk280984_MERS_n_qatar_21_may_2015_2":"background",
     "mk462244_MERS_n_saudi_arabia_07_aug_2017_2":"background",
     "mk462247_MERS_n_saudi_arabia_08_jun_2018_14":"background",
     "mk462248_MERS_n_saudi_arabia_13_jun_2018_4":"background",
     "mk462250_MERS_n_saudi_arabia_12_jul_2018_2":"background",
     "mk462251_MERS_n_saudi_arabia_18_jul_2018_2":"background",
     "mn120513_MERS_n_saudi_arabia_27_mar_2019_2":"background",
     "mn120514_MERS_n_saudi_arabia_28_mar_2019_2":"background",
     "mn365232_MERS_n_saudi_arabia_28_jan_2019_4":"background",
     "mn723542_MERS_n_saudi_arabia_01_aug_2017_40":"background",
     "mn723544_MERS_n_saudi_arabia_30_aug_2018_4":"background",
     "nc_038294_MERS_n_united_kingdom_11_sep_2012_3":"background"
    }
  },
 "timers":{
   "Baseline model fitting":{
     "order":2,
     "timer":7
    },
   "Complexity analysis":{
     "order":3,
     "timer":170
    },
   "Full adaptive model fitting":{
     "order":4,
     "timer":18
    },
   "Overall":{
     "order":0,
     "timer":306
    },
   "Preliminary model fitting":{
     "order":1,
     "timer":1
    },
   "Testing for selection":{
     "order":5,
     "timer":109
    }
  }
}