{
 "analysis":{
   "authors":"Sergei L Kosakovsky Pond, Ben Murrell, Steven Weaver and Temple iGEM / UCSD viral evolution group",
   "citation":"Less Is More: An Adaptive Branch-Site Random Effects Model for Efficient Detection of Episodic Diversifying Selection (2015). Mol Biol Evol 32 (5): 1342-1353. v2.2 adds support for multiple-hit models",
   "contact":"spond@temple.edu",
   "info":"aBSREL (Adaptive branch-site random effects likelihood)\n                            uses an adaptive random effects branch-site model framework\n                            to test whether each branch has evolved under positive selection,\n                            using a procedure which infers an optimal number of rate categories per branch.",
   "requirements":"in-frame codon alignment and a phylogenetic tree",
   "version":"2.2"
  },
 "branch attributes":{
   "0":{
     "Middle_East_lcl_NC_019843_3_cds_YP_009047210_1_9_gene_M_locus_tag_G128_gp08_db_xref_GeneID_14254600_protein_membrane_protein_protein_id_YP_009047210_1_location_27853_28512_gbkey_CDS__35":{
       "Baseline MG94xREV":0,
       "Baseline MG94xREV omega ratio":1,
       "Corrected P-value":null,
       "Full adaptive model":0,
       "Full adaptive model (non-synonymous subs/site)":1e-10,
       "Full adaptive model (synonymous subs/site)":1e-10,
       "LRT":null,
       "Nucleotide GTR":0,
       "Rate Distributions":        [
[1, 1] 
        ],
       "Rate classes":1,
       "Uncorrected P-value":null,
       "original name":"Middle_East_lcl_NC_019843_3_cds_YP_009047210_1_9_gene_M_locus_tag_G128_gp08_db_xref_GeneID_14254600_protein_membrane_protein_protein_id_YP_009047210_1_location_27853_28512_gbkey_CDS__35"
      },
     "Node12":{
       "Baseline MG94xREV":0.003099132284902563,
       "Baseline MG94xREV omega ratio":0.4173606006393051,
       "Corrected P-value":1,
       "Full adaptive model":0.003102139111394029,
       "Full adaptive model (non-synonymous subs/site)":0.001525181463805898,
       "Full adaptive model (synonymous subs/site)":0.001576957647588129,
       "LRT":0,
       "Nucleotide GTR":0.003049349318600272,
       "Rate Distributions":        [
[0.396612713983017, 1] 
        ],
       "Rate classes":1,
       "Uncorrected P-value":1
      },
     "Node2":{
       "Baseline MG94xREV":0.001524350177472398,
       "Baseline MG94xREV omega ratio":10000000000,
       "Corrected P-value":0.8920945305484357,
       "Full adaptive model":0.0015244623955447,
       "Full adaptive model (non-synonymous subs/site)":0.0015244623955447,
       "Full adaptive model (synonymous subs/site)":1e-10,
       "LRT":0.669135492164969,
       "Nucleotide GTR":0.001522273699084566,
       "Rate Distributions":        [
[10000000000, 1] 
        ],
       "Rate classes":1,
       "Uncorrected P-value":0.2973648435161452
      },
     "Node31":{
       "Baseline MG94xREV":0.001528909003776179,
       "Baseline MG94xREV omega ratio":10000000000,
       "Corrected P-value":1,
       "Full adaptive model":0.001527469514990197,
       "Full adaptive model (non-synonymous subs/site)":0.001527469514990197,
       "Full adaptive model (synonymous subs/site)":1e-10,
       "LRT":0.6699188239322211,
       "Nucleotide GTR":0.001526156075624306,
       "Rate Distributions":        [
[10000000000, 1] 
        ],
       "Rate classes":1,
       "Uncorrected P-value":0.2972261183642372
      },
     "Node43":{
       "Baseline MG94xREV":0.001527506307437585,
       "Baseline MG94xREV omega ratio":10000000000,
       "Corrected P-value":1,
       "Full adaptive model":0.001526633377863882,
       "Full adaptive model (non-synonymous subs/site)":0.001526633377863882,
       "Full adaptive model (synonymous subs/site)":1e-10,
       "LRT":0.6695619653073663,
       "Nucleotide GTR":0.001525347670963406,
       "Rate Distributions":        [
[10000000000, 1] 
        ],
       "Rate classes":1,
       "Uncorrected P-value":0.2972893060009174
      },
     "Node48":{
       "Baseline MG94xREV":0.001525043199361499,
       "Baseline MG94xREV omega ratio":10000000000,
       "Corrected P-value":0.5950093707588229,
       "Full adaptive model":0.001523666496918716,
       "Full adaptive model (non-synonymous subs/site)":0.001523666496918716,
       "Full adaptive model (synonymous subs/site)":1e-10,
       "LRT":0.6683463477925216,
       "Nucleotide GTR":0.001524132704224224,
       "Rate Distributions":        [
[10000000000, 1] 
        ],
       "Rate classes":1,
       "Uncorrected P-value":0.2975046853794114
      },
     "kc776174_MERS_m_jordan_apr_2012_1":{
       "Baseline MG94xREV":0.00462616245150421,
       "Baseline MG94xREV omega ratio":0.8357319634900113,
       "Corrected P-value":null,
       "Full adaptive model":0.004626561628648188,
       "Full adaptive model (non-synonymous subs/site)":0.003051059100576382,
       "Full adaptive model (synonymous subs/site)":0.001575502528071807,
       "LRT":null,
       "Nucleotide GTR":0.004578777421252859,
       "Rate Distributions":        [
[0.7941392456970228, 1] 
        ],
       "Rate classes":1,
       "Uncorrected P-value":null,
       "original name":"kc776174_MERS_m_jordan_apr_2012_1"
      },
     "kp209310_MERS_m_united_arab_emirates_07_mar_2014_1":{
       "Baseline MG94xREV":0.00157831301315584,
       "Baseline MG94xREV omega ratio":0,
       "Corrected P-value":null,
       "Full adaptive model":0.00158166592726081,
       "Full adaptive model (non-synonymous subs/site)":1e-10,
       "Full adaptive model (synonymous subs/site)":0.00158166592726081,
       "LRT":null,
       "Nucleotide GTR":0.001524475521773443,
       "Rate Distributions":        [
[0, 1] 
        ],
       "Rate classes":1,
       "Uncorrected P-value":null,
       "original name":"kp209310_MERS_m_united_arab_emirates_07_mar_2014_1"
      },
     "kt156561_MERS_m_oman_28_dec_2013_1":{
       "Baseline MG94xREV":0.00152431277847626,
       "Baseline MG94xREV omega ratio":10000000000,
       "Corrected P-value":null,
       "Full adaptive model":0.001523831903291144,
       "Full adaptive model (non-synonymous subs/site)":0.001523831903291144,
       "Full adaptive model (synonymous subs/site)":1e-10,
       "LRT":null,
       "Nucleotide GTR":0.001522414434986342,
       "Rate Distributions":        [
[10000000000, 1] 
        ],
       "Rate classes":1,
       "Uncorrected P-value":null,
       "original name":"kt156561_MERS_m_oman_28_dec_2013_1"
      },
     "kt806044_MERS_m_saudi_arabia_09_feb_2015_1":{
       "Baseline MG94xREV":0.001573840503716856,
       "Baseline MG94xREV omega ratio":0,
       "Corrected P-value":null,
       "Full adaptive model":0.00157742179924151,
       "Full adaptive model (non-synonymous subs/site)":1e-10,
       "Full adaptive model (synonymous subs/site)":0.00157742179924151,
       "LRT":null,
       "Nucleotide GTR":0.001523955849665024,
       "Rate Distributions":        [
[0, 1] 
        ],
       "Rate classes":1,
       "Uncorrected P-value":null,
       "original name":"kt806044_MERS_m_saudi_arabia_09_feb_2015_1"
      },
     "kt806052_MERS_m_saudi_arabia_02_feb_2015_1":{
       "Baseline MG94xREV":0,
       "Baseline MG94xREV omega ratio":1,
       "Corrected P-value":null,
       "Full adaptive model":0,
       "Full adaptive model (non-synonymous subs/site)":1e-10,
       "Full adaptive model (synonymous subs/site)":1e-10,
       "LRT":null,
       "Nucleotide GTR":0,
       "Rate Distributions":        [
[1, 1] 
        ],
       "Rate classes":1,
       "Uncorrected P-value":null,
       "original name":"kt806052_MERS_m_saudi_arabia_02_feb_2015_1"
      },
     "kt861627_MERS_m_jordan_22_jan_2014_1":{
       "Baseline MG94xREV":0.001524392027100196,
       "Baseline MG94xREV omega ratio":10000000000,
       "Corrected P-value":null,
       "Full adaptive model":0.001523839047970139,
       "Full adaptive model (non-synonymous subs/site)":0.001523839047970139,
       "Full adaptive model (synonymous subs/site)":1e-10,
       "LRT":null,
       "Nucleotide GTR":0.001522328674250925,
       "Rate Distributions":        [
[10000000000, 1] 
        ],
       "Rate classes":1,
       "Uncorrected P-value":null,
       "original name":"kt861627_MERS_m_jordan_22_jan_2014_1"
      },
     "ku851859_MERS_m_saudi_arabia_12_jul_2015_1":{
       "Baseline MG94xREV":0.001524549859151881,
       "Baseline MG94xREV omega ratio":10000000000,
       "Corrected P-value":null,
       "Full adaptive model":0.001524773479196801,
       "Full adaptive model (non-synonymous subs/site)":0.001524773479196801,
       "Full adaptive model (synonymous subs/site)":1e-10,
       "LRT":null,
       "Nucleotide GTR":0.001523446355144111,
       "Rate Distributions":        [
[10000000000, 1] 
        ],
       "Rate classes":1,
       "Uncorrected P-value":null,
       "original name":"ku851859_MERS_m_saudi_arabia_12_jul_2015_1"
      },
     "kx154694_MERS_m_saudi_arabia_29_feb_2016_2":{
       "Baseline MG94xREV":0.001584212681187193,
       "Baseline MG94xREV omega ratio":0,
       "Corrected P-value":null,
       "Full adaptive model":0.001585984097600993,
       "Full adaptive model (non-synonymous subs/site)":1e-10,
       "Full adaptive model (synonymous subs/site)":0.001585984097600993,
       "LRT":null,
       "Nucleotide GTR":0.001525711310821982,
       "Rate Distributions":        [
[0, 1] 
        ],
       "Rate classes":1,
       "Uncorrected P-value":null,
       "original name":"kx154694_MERS_m_saudi_arabia_29_feb_2016_2"
      },
     "ky581687_MERS_m_united_arab_emirates_23_dec_2013_2":{
       "Baseline MG94xREV":0.001525111053380681,
       "Baseline MG94xREV omega ratio":10000000000,
       "Corrected P-value":null,
       "Full adaptive model":0.001524821459588086,
       "Full adaptive model (non-synonymous subs/site)":0.001524821459588086,
       "Full adaptive model (synonymous subs/site)":1e-10,
       "LRT":null,
       "Nucleotide GTR":0.00152275512510689,
       "Rate Distributions":        [
[10000000000, 1] 
        ],
       "Rate classes":1,
       "Uncorrected P-value":null,
       "original name":"ky581687_MERS_m_united_arab_emirates_23_dec_2013_2"
      },
     "ky581693_MERS_m_united_arab_emirates_20_apr_2014_2":{
       "Baseline MG94xREV":0,
       "Baseline MG94xREV omega ratio":1,
       "Corrected P-value":null,
       "Full adaptive model":0,
       "Full adaptive model (non-synonymous subs/site)":1e-10,
       "Full adaptive model (synonymous subs/site)":1e-10,
       "LRT":null,
       "Nucleotide GTR":0,
       "Rate Distributions":        [
[1, 1] 
        ],
       "Rate classes":1,
       "Uncorrected P-value":null,
       "original name":"ky581693_MERS_m_united_arab_emirates_20_apr_2014_2"
      },
     "ky688120_MERS_m_saudi_arabia_10_may_2015_38":{
       "Baseline MG94xREV":0.001576052082929589,
       "Baseline MG94xREV omega ratio":0,
       "Corrected P-value":null,
       "Full adaptive model":0.001579379341615457,
       "Full adaptive model (non-synonymous subs/site)":1e-10,
       "Full adaptive model (synonymous subs/site)":0.001579379341615457,
       "LRT":null,
       "Nucleotide GTR":0.001524132700966786,
       "Rate Distributions":        [
[0, 1] 
        ],
       "Rate classes":1,
       "Uncorrected P-value":null,
       "original name":"ky688120_MERS_m_saudi_arabia_10_may_2015_38"
      },
     "mf000457_MERS_m_jordan_25_aug_2015_19":{
       "Baseline MG94xREV":0.00152591699610684,
       "Baseline MG94xREV omega ratio":10000000000,
       "Corrected P-value":null,
       "Full adaptive model":0.001525066856432006,
       "Full adaptive model (non-synonymous subs/site)":0.001525066856432006,
       "Full adaptive model (synonymous subs/site)":1e-10,
       "LRT":null,
       "Nucleotide GTR":0.001522575253138107,
       "Rate Distributions":        [
[10000000000, 1] 
        ],
       "Rate classes":1,
       "Uncorrected P-value":null,
       "original name":"mf000457_MERS_m_jordan_25_aug_2015_19"
      },
     "mf741827_MERS_m_jordan_26_aug_2015_1":{
       "Baseline MG94xREV":0.001527254844158915,
       "Baseline MG94xREV omega ratio":10000000000,
       "Corrected P-value":null,
       "Full adaptive model":0.001526042626534254,
       "Full adaptive model (non-synonymous subs/site)":0.001526042626534254,
       "Full adaptive model (synonymous subs/site)":1e-10,
       "LRT":null,
       "Nucleotide GTR":0.001524937693394783,
       "Rate Distributions":        [
[10000000000, 1] 
        ],
       "Rate classes":1,
       "Uncorrected P-value":null,
       "original name":"mf741827_MERS_m_jordan_26_aug_2015_1"
      },
     "mg011344_MERS_m_saudi_arabia_13_mar_2016_8":{
       "Baseline MG94xREV":0.001525704004746204,
       "Baseline MG94xREV omega ratio":10000000000,
       "Corrected P-value":null,
       "Full adaptive model":0.001525836584484769,
       "Full adaptive model (non-synonymous subs/site)":0.001525836584484769,
       "Full adaptive model (synonymous subs/site)":1e-10,
       "LRT":null,
       "Nucleotide GTR":0.00152305358047589,
       "Rate Distributions":        [
[10000000000, 1] 
        ],
       "Rate classes":1,
       "Uncorrected P-value":null,
       "original name":"mg011344_MERS_m_saudi_arabia_13_mar_2016_8"
      },
     "mg757594_MERS_m_saudi_arabia_24_aug_2015_13":{
       "Baseline MG94xREV":0.001576246032785699,
       "Baseline MG94xREV omega ratio":0,
       "Corrected P-value":null,
       "Full adaptive model":0.001579573087173953,
       "Full adaptive model (non-synonymous subs/site)":1e-10,
       "Full adaptive model (synonymous subs/site)":0.001579573087173953,
       "LRT":null,
       "Nucleotide GTR":0.001524132702007824,
       "Rate Distributions":        [
[0, 1] 
        ],
       "Rate classes":1,
       "Uncorrected P-value":null,
       "original name":"mg757594_MERS_m_saudi_arabia_24_aug_2015_13"
      },
     "mg757601_MERS_m_saudi_arabia_01_sep_2015_2":{
       "Baseline MG94xREV":0.001576710717852888,
       "Baseline MG94xREV omega ratio":0,
       "Corrected P-value":null,
       "Full adaptive model":0.001580059369275246,
       "Full adaptive model (non-synonymous subs/site)":1e-10,
       "Full adaptive model (synonymous subs/site)":0.001580059369275246,
       "LRT":null,
       "Nucleotide GTR":0.001524132701917542,
       "Rate Distributions":        [
[0, 1] 
        ],
       "Rate classes":1,
       "Uncorrected P-value":null,
       "original name":"mg757601_MERS_m_saudi_arabia_01_sep_2015_2"
      },
     "mg912607_MERS_m_saudi_arabia_11_jun_2017_6":{
       "Baseline MG94xREV":0,
       "Baseline MG94xREV omega ratio":1,
       "Corrected P-value":null,
       "Full adaptive model":0,
       "Full adaptive model (non-synonymous subs/site)":1e-10,
       "Full adaptive model (synonymous subs/site)":1e-10,
       "LRT":null,
       "Nucleotide GTR":0,
       "Rate Distributions":        [
[1, 1] 
        ],
       "Rate classes":1,
       "Uncorrected P-value":null,
       "original name":"mg912607_MERS_m_saudi_arabia_11_jun_2017_6"
      },
     "mh310909_MERS_m_saudi_arabia_05_may_2017_34":{
       "Baseline MG94xREV":0,
       "Baseline MG94xREV omega ratio":1,
       "Corrected P-value":null,
       "Full adaptive model":0,
       "Full adaptive model (non-synonymous subs/site)":1e-10,
       "Full adaptive model (synonymous subs/site)":1e-10,
       "LRT":null,
       "Nucleotide GTR":0,
       "Rate Distributions":        [
[1, 1] 
        ],
       "Rate classes":1,
       "Uncorrected P-value":null,
       "original name":"mh310909_MERS_m_saudi_arabia_05_may_2017_34"
      },
     "mh432120_MERS_m_saudi_arabia_28_feb_2017_2":{
       "Baseline MG94xREV":0.001578308807263018,
       "Baseline MG94xREV omega ratio":0,
       "Corrected P-value":null,
       "Full adaptive model":0.001581661708616268,
       "Full adaptive model (non-synonymous subs/site)":1e-10,
       "Full adaptive model (synonymous subs/site)":0.001581661708616268,
       "LRT":null,
       "Nucleotide GTR":0.001524887700966137,
       "Rate Distributions":        [
[0, 1] 
        ],
       "Rate classes":1,
       "Uncorrected P-value":null,
       "original name":"mh432120_MERS_m_saudi_arabia_28_feb_2017_2"
      },
     "mk039552_MERS_m_jordan_21_apr_2014_20":{
       "Baseline MG94xREV":0,
       "Baseline MG94xREV omega ratio":1,
       "Corrected P-value":null,
       "Full adaptive model":0,
       "Full adaptive model (non-synonymous subs/site)":1e-10,
       "Full adaptive model (synonymous subs/site)":1e-10,
       "LRT":null,
       "Nucleotide GTR":0,
       "Rate Distributions":        [
[1, 1] 
        ],
       "Rate classes":1,
       "Uncorrected P-value":null,
       "original name":"mk039552_MERS_m_jordan_21_apr_2014_20"
      },
     "mk129253_MERS_m_south_korea_20_oct_2018_2":{
       "Baseline MG94xREV":0.004632911536862521,
       "Baseline MG94xREV omega ratio":0.832331459328468,
       "Corrected P-value":null,
       "Full adaptive model":0.004635458529202735,
       "Full adaptive model (non-synonymous subs/site)":0.003052226873900404,
       "Full adaptive model (synonymous subs/site)":0.001583231655302335,
       "LRT":null,
       "Nucleotide GTR":0.004581463455465317,
       "Rate Distributions":        [
[0.7905648309457337, 1] 
        ],
       "Rate classes":1,
       "Uncorrected P-value":null,
       "original name":"mk129253_MERS_m_south_korea_20_oct_2018_2"
      },
     "mk462249_MERS_m_saudi_arabia_09_jul_2018_2":{
       "Baseline MG94xREV":0.001576052082960174,
       "Baseline MG94xREV omega ratio":0,
       "Corrected P-value":null,
       "Full adaptive model":0.001579379341646136,
       "Full adaptive model (non-synonymous subs/site)":1e-10,
       "Full adaptive model (synonymous subs/site)":0.001579379341646136,
       "LRT":null,
       "Nucleotide GTR":0.001524132700748087,
       "Rate Distributions":        [
[0, 1] 
        ],
       "Rate classes":1,
       "Uncorrected P-value":null,
       "original name":"mk462249_MERS_m_saudi_arabia_09_jul_2018_2"
      },
     "mk462250_MERS_m_saudi_arabia_12_jul_2018_2":{
       "Baseline MG94xREV":0.001573840490601654,
       "Baseline MG94xREV omega ratio":0,
       "Corrected P-value":null,
       "Full adaptive model":0.001577421786099318,
       "Full adaptive model (non-synonymous subs/site)":1e-10,
       "Full adaptive model (synonymous subs/site)":0.001577421786099318,
       "LRT":null,
       "Nucleotide GTR":0.001523955850981248,
       "Rate Distributions":        [
[0, 1] 
        ],
       "Rate classes":1,
       "Uncorrected P-value":null,
       "original name":"mk462250_MERS_m_saudi_arabia_12_jul_2018_2"
      },
     "mk462251_MERS_m_saudi_arabia_18_jul_2018_2":{
       "Baseline MG94xREV":0.003165700587286535,
       "Baseline MG94xREV omega ratio":0,
       "Corrected P-value":null,
       "Full adaptive model":0.003171949087660787,
       "Full adaptive model (non-synonymous subs/site)":1e-10,
       "Full adaptive model (synonymous subs/site)":0.003171949087660787,
       "LRT":null,
       "Nucleotide GTR":0.003052106153990863,
       "Rate Distributions":        [
[0, 1] 
        ],
       "Rate classes":1,
       "Uncorrected P-value":null,
       "original name":"mk462251_MERS_m_saudi_arabia_18_jul_2018_2"
      },
     "mk462256_MERS_m_saudi_arabia_15_sep_2018_2":{
       "Baseline MG94xREV":0.00157605208292769,
       "Baseline MG94xREV omega ratio":0,
       "Corrected P-value":null,
       "Full adaptive model":0.001579379341613554,
       "Full adaptive model (non-synonymous subs/site)":1e-10,
       "Full adaptive model (synonymous subs/site)":0.001579379341613554,
       "LRT":null,
       "Nucleotide GTR":0.00152413270075239,
       "Rate Distributions":        [
[0, 1] 
        ],
       "Rate classes":1,
       "Uncorrected P-value":null,
       "original name":"mk462256_MERS_m_saudi_arabia_15_sep_2018_2"
      },
     "mn365233_MERS_m_saudi_arabia_15_feb_2019_2":{
       "Baseline MG94xREV":0.001526083934580365,
       "Baseline MG94xREV omega ratio":10000000000,
       "Corrected P-value":null,
       "Full adaptive model":0.001525602709279339,
       "Full adaptive model (non-synonymous subs/site)":0.001525602709279339,
       "Full adaptive model (synonymous subs/site)":1e-10,
       "LRT":null,
       "Nucleotide GTR":0.001524901476544275,
       "Rate Distributions":        [
[10000000000, 1] 
        ],
       "Rate classes":1,
       "Uncorrected P-value":null,
       "original name":"mn365233_MERS_m_saudi_arabia_15_feb_2019_2"
      },
     "mn723542_MERS_m_saudi_arabia_01_aug_2017_153":{
       "Baseline MG94xREV":0,
       "Baseline MG94xREV omega ratio":1,
       "Corrected P-value":null,
       "Full adaptive model":0,
       "Full adaptive model (non-synonymous subs/site)":1e-10,
       "Full adaptive model (synonymous subs/site)":1e-10,
       "LRT":null,
       "Nucleotide GTR":0,
       "Rate Distributions":        [
[1, 1] 
        ],
       "Rate classes":1,
       "Uncorrected P-value":null,
       "original name":"mn723542_MERS_m_saudi_arabia_01_aug_2017_153"
      }
    },
   "attributes":{
     "Baseline MG94xREV":{
       "attribute type":"branch length",
       "display order":1
      },
     "Baseline MG94xREV omega ratio":{
       "attribute type":"branch label",
       "display order":1
      },
     "Corrected P-value":{
       "attribute type":"branch label",
       "display order":6
      },
     "Full adaptive model":{
       "attribute type":"branch length",
       "display order":2
      },
     "Full adaptive model (non-synonymous subs/site)":{
       "attribute type":"branch label",
       "display order":10
      },
     "Full adaptive model (synonymous subs/site)":{
       "attribute type":"branch label",
       "display order":9
      },
     "LRT":{
       "attribute type":"branch label",
       "display order":4
      },
     "Nucleotide GTR":{
       "attribute type":"branch length",
       "display order":0
      },
     "Rate Distributions":{
       "attribute type":"branch label",
       "display order":3
      },
     "Rate classes":{
       "attribute type":"branch label",
       "display order":2
      },
     "Uncorrected P-value":{
       "attribute type":"branch label",
       "display order":5
      },
     "original name":{
       "attribute type":"node label",
       "display order":-1
      }
    }
  },
 "data partitions":{
   "0":{
     "coverage":      [
[0, 1, 2, 3, 4, 5, 6, 7, 8, 9, 10, 11, 12, 13, 14, 15, 16, 17, 18, 19, 20, 21, 22, 23, 24, 25, 26, 27, 28, 29, 30, 31, 32, 33, 34, 35, 36, 37, 38, 39, 40, 41, 42, 43, 44, 45, 46, 47, 48, 49, 50, 51, 52, 53, 54, 55, 56, 57, 58, 59, 60, 61, 62, 63, 64, 65, 66, 67, 68, 69, 70, 71, 72, 73, 74, 75, 76, 77, 78, 79, 80, 81, 82, 83, 84, 85, 86, 87, 88, 89, 90, 91, 92, 93, 94, 95, 96, 97, 98, 99, 100, 101, 102, 103, 104, 105, 106, 107, 108, 109, 110, 111, 112, 113, 114, 115, 116, 117, 118, 119, 120, 121, 122, 123, 124, 125, 126, 127, 128, 129, 130, 131, 132, 133, 134, 135, 136, 137, 138, 139, 140, 141, 142, 143, 144, 145, 146, 147, 148, 149, 150, 151, 152, 153, 154, 155, 156, 157, 158, 159, 160, 161, 162, 163, 164, 165, 166, 167, 168, 169, 170, 171, 172, 173, 174, 175, 176, 177, 178, 179, 180, 181, 182, 183, 184, 185, 186, 187, 188, 189, 190, 191, 192, 193, 194, 195, 196, 197, 198, 199, 200, 201, 202, 203, 204, 205, 206, 207, 208, 209, 210, 211, 212, 213, 214, 215, 216, 217, 218, 219] 
      ],
     "name":"absrel.filter.default"
    }
  },
 "fits":{
   "Baseline MG94xREV":{
     "AIC-c":2394.036811281244,
     "Equilibrium frequencies":      [
[0.01663173712287617],
      [0.01599532346183215],
      [0.01583860313202463],
      [0.02700426489434629],
      [0.01805739976127571],
      [0.01736643309879748],
      [0.01719627879530258],
      [0.02931905445919337],
      [0.01175515135257433],
      [0.01130534031641211],
      [0.01119457189918053],
      [0.01908635391798175],
      [0.02538493259423349],
      [0.02441357778214769],
      [0.02417437636987681],
      [0.04121646698930392],
      [0.009309689860818211],
      [0.008953454443932115],
      [0.00886572953254049],
      [0.01511575905922383],
      [0.01010771095215688],
      [0.00972093924669329],
      [0.009625694607945228],
      [0.0164114729574518],
      [0.006579998983324447],
      [0.006328215227261852],
      [0.006266212106169868],
      [0.01068367268178025],
      [0.01420933050132413],
      [0.01366561026461513],
      [0.01353171619533907],
      [0.02307110327647571],
      [0.01400059464428867],
      [0.0134648616881617],
      [0.01333293453022603],
      [0.02273218748345365],
      [0.01520071731050643],
      [0.01461906164323589],
      [0.01447582576759566],
      [0.02468077710730462],
      [0.009895485231262104],
      [0.009516834346071493],
      [0.00942358950353994],
      [0.01606689081656686],
      [0.02136903371540263],
      [0.02055134733187465],
      [0.0203499876069822],
      [0.03469601778356857],
      [0.01233443245549652],
      [0.02082372901957545],
      [0.01392455602469213],
      [0.01339173268744145],
      [0.01326052203899923],
      [0.02260872671620997],
      [0.008717857869641009],
      [0.008632441306243254],
      [0.01471801078513992],
      [0.01957501748670737],
      [0.01882597916006252],
      [0.01864152439302047],
      [0.03178314770231846] 
      ],
     "Log Likelihood":-1116.130405245063,
     "Rate Distributions":{
       "Per-branch omega":{
         "2.5%":0,
         "97.5%":10000000000,
         "Mean":1666666667.180904,
         "Median":0.8340317114092397
        }
      },
     "display order":1,
     "estimated parameters":80
    },
   "Full adaptive model":{
     "AIC-c":2394.036811281244,
     "Log Likelihood":-1115.95244084378,
     "Rate Distributions":{
      },
     "display order":2,
     "estimated parameters":80
    },
   "Nucleotide GTR":{
     "AIC-c":2394.036811281244,
     "Equilibrium frequencies":      [
[0.2488312676668841],
      [0.2205370732767993],
      [0.213089802130898],
      [0.3175418569254186] 
      ],
     "Log Likelihood":-1155.819301141678,
     "Rate Distributions":{
       "Substitution rate from nucleotide A to nucleotide C":0.2401260600863238,
       "Substitution rate from nucleotide A to nucleotide G":1,
       "Substitution rate from nucleotide A to nucleotide T":0.3334343912354467,
       "Substitution rate from nucleotide C to nucleotide G":0.2802238394185204,
       "Substitution rate from nucleotide C to nucleotide T":1.319129472500993,
       "Substitution rate from nucleotide G to nucleotide T":0.1946568413187104
      },
     "display order":0,
     "estimated parameters":61
    }
  },
 "input":{
   "file name":"/data/shares/veg/SARS-CoV-2/coronavirus-comparative-data/data/catted/MERS_M.catted.qa.fasta_protein.aligned.compressed.codon.fas",
   "number of sequences":28,
   "number of sites":220,
   "partition count":1,
   "trees":{
     "0":"(((mh432120_MERS_m_saudi_arabia_28_feb_2017_2,mg912607_MERS_m_saudi_arabia_11_jun_2017_6)Node48,ky688120_MERS_m_saudi_arabia_10_may_2015_38,kt806044_MERS_m_saudi_arabia_09_feb_2015_1,mn365233_MERS_m_saudi_arabia_15_feb_2019_2,mk462251_MERS_m_saudi_arabia_18_jul_2018_2,mf000457_MERS_m_jordan_25_aug_2015_19,mn723542_MERS_m_saudi_arabia_01_aug_2017_153,mk462256_MERS_m_saudi_arabia_15_sep_2018_2,mk462249_MERS_m_saudi_arabia_09_jul_2018_2,kx154694_MERS_m_saudi_arabia_29_feb_2016_2,(mh310909_MERS_m_saudi_arabia_05_may_2017_34,mg011344_MERS_m_saudi_arabia_13_mar_2016_8,mk129253_MERS_m_south_korea_20_oct_2018_2)Node31,mk462250_MERS_m_saudi_arabia_12_jul_2018_2,mf741827_MERS_m_jordan_26_aug_2015_1,mg757601_MERS_m_saudi_arabia_01_sep_2015_2,(kt806052_MERS_m_saudi_arabia_02_feb_2015_1,ku851859_MERS_m_saudi_arabia_12_jul_2015_1)Node43,mg757594_MERS_m_saudi_arabia_24_aug_2015_13)Node12,(kt156561_MERS_m_oman_28_dec_2013_1,Middle_East_lcl_NC_019843_3_cds_YP_009047210_1_9_gene_M_locus_tag_G128_gp08_db_xref_GeneID_14254600_protein_membrane_protein_protein_id_YP_009047210_1_location_27853_28512_gbkey_CDS__35,kp209310_MERS_m_united_arab_emirates_07_mar_2014_1,kt861627_MERS_m_jordan_22_jan_2014_1,kc776174_MERS_m_jordan_apr_2012_1)Node2,ky581687_MERS_m_united_arab_emirates_23_dec_2013_2,ky581693_MERS_m_united_arab_emirates_20_apr_2014_2,mk039552_MERS_m_jordan_21_apr_2014_20)"
    }
  },
 "test results":{
   "P-value threshold":0.05,
   "positive test results":0,
   "tested":5
  },
 "tested":{
   "0":{
     "Middle_East_lcl_NC_019843_3_cds_YP_009047210_1_9_gene_M_locus_tag_G128_gp08_db_xref_GeneID_14254600_protein_membrane_protein_protein_id_YP_009047210_1_location_27853_28512_gbkey_CDS__35":"background",
     "Node12":"test",
     "Node2":"test",
     "Node31":"test",
     "Node43":"test",
     "Node48":"test",
     "kc776174_MERS_m_jordan_apr_2012_1":"background",
     "kp209310_MERS_m_united_arab_emirates_07_mar_2014_1":"background",
     "kt156561_MERS_m_oman_28_dec_2013_1":"background",
     "kt806044_MERS_m_saudi_arabia_09_feb_2015_1":"background",
     "kt806052_MERS_m_saudi_arabia_02_feb_2015_1":"background",
     "kt861627_MERS_m_jordan_22_jan_2014_1":"background",
     "ku851859_MERS_m_saudi_arabia_12_jul_2015_1":"background",
     "kx154694_MERS_m_saudi_arabia_29_feb_2016_2":"background",
     "ky581687_MERS_m_united_arab_emirates_23_dec_2013_2":"background",
     "ky581693_MERS_m_united_arab_emirates_20_apr_2014_2":"background",
     "ky688120_MERS_m_saudi_arabia_10_may_2015_38":"background",
     "mf000457_MERS_m_jordan_25_aug_2015_19":"background",
     "mf741827_MERS_m_jordan_26_aug_2015_1":"background",
     "mg011344_MERS_m_saudi_arabia_13_mar_2016_8":"background",
     "mg757594_MERS_m_saudi_arabia_24_aug_2015_13":"background",
     "mg757601_MERS_m_saudi_arabia_01_sep_2015_2":"background",
     "mg912607_MERS_m_saudi_arabia_11_jun_2017_6":"background",
     "mh310909_MERS_m_saudi_arabia_05_may_2017_34":"background",
     "mh432120_MERS_m_saudi_arabia_28_feb_2017_2":"background",
     "mk039552_MERS_m_jordan_21_apr_2014_20":"background",
     "mk129253_MERS_m_south_korea_20_oct_2018_2":"background",
     "mk462249_MERS_m_saudi_arabia_09_jul_2018_2":"background",
     "mk462250_MERS_m_saudi_arabia_12_jul_2018_2":"background",
     "mk462251_MERS_m_saudi_arabia_18_jul_2018_2":"background",
     "mk462256_MERS_m_saudi_arabia_15_sep_2018_2":"background",
     "mn365233_MERS_m_saudi_arabia_15_feb_2019_2":"background",
     "mn723542_MERS_m_saudi_arabia_01_aug_2017_153":"background"
    }
  },
 "timers":{
   "Baseline model fitting":{
     "order":2,
     "timer":2
    },
   "Complexity analysis":{
     "order":3,
     "timer":41
    },
   "Full adaptive model fitting":{
     "order":4,
     "timer":2
    },
   "Overall":{
     "order":0,
     "timer":55
    },
   "Preliminary model fitting":{
     "order":1,
     "timer":0
    },
   "Testing for selection":{
     "order":5,
     "timer":10
    }
  }
}