{
 "analysis":{
   "authors":"Sergei L Kosakovsky Pond, Ben Murrell, Steven Weaver and Temple iGEM / UCSD viral evolution group",
   "citation":"Less Is More: An Adaptive Branch-Site Random Effects Model for Efficient Detection of Episodic Diversifying Selection (2015). Mol Biol Evol 32 (5): 1342-1353. v2.2 adds support for multiple-hit models",
   "contact":"spond@temple.edu",
   "info":"aBSREL (Adaptive branch-site random effects likelihood)\n                            uses an adaptive random effects branch-site model framework\n                            to test whether each branch has evolved under positive selection,\n                            using a procedure which infers an optimal number of rate categories per branch.",
   "requirements":"in-frame codon alignment and a phylogenetic tree",
   "version":"2.2"
  },
 "branch attributes":{
   "0":{
     "gb_KY581690_Organism_Middle_East_respiratory_syndrome_related_coronavirus_Strain_Name_Hu_UAE_017_2014_Segment_null_Host_Human_2":{
       "Baseline MG94xREV":0.004304957629635927,
       "Baseline MG94xREV omega ratio":0,
       "Corrected P-value":null,
       "Full adaptive model":0.004328714964853139,
       "Full adaptive model (non-synonymous subs/site)":1e-10,
       "Full adaptive model (synonymous subs/site)":0.004328714964853139,
       "LRT":null,
       "Nucleotide GTR":0.004086185770725138,
       "Rate Distributions":        [
[0, 1] 
        ],
       "Rate classes":1,
       "Uncorrected P-value":null,
       "original name":"gb_KY581690_Organism_Middle_East_respiratory_syndrome_related_coronavirus_Strain_Name_Hu_UAE_017_2014_Segment_null_Host_Human_2"
      },
     "gb_MK462252_Organism_Middle_East_respiratory_syndrome_related_coronavirus_Strain_Name_Hu_Tabuk_KSA_153_2018_Segment_null_Host_Human_4":{
       "Baseline MG94xREV":0.004304957629666613,
       "Baseline MG94xREV omega ratio":0,
       "Corrected P-value":null,
       "Full adaptive model":0.004328714964869313,
       "Full adaptive model (non-synonymous subs/site)":1e-10,
       "Full adaptive model (synonymous subs/site)":0.004328714964869313,
       "LRT":null,
       "Nucleotide GTR":0.004086185770821092,
       "Rate Distributions":        [
[0, 1] 
        ],
       "Rate classes":1,
       "Uncorrected P-value":null,
       "original name":"gb_MK462252_Organism_Middle_East_respiratory_syndrome_related_coronavirus_Strain_Name_Hu_Tabuk_KSA_153_2018_Segment_null_Host_Human_4"
      },
     "kt861627_MERS_e_jordan_22_jan_2014_1":{
       "Baseline MG94xREV":0.004154073598580822,
       "Baseline MG94xREV omega ratio":10000000000,
       "Corrected P-value":null,
       "Full adaptive model":0.004126672013759878,
       "Full adaptive model (non-synonymous subs/site)":0.004126672013759878,
       "Full adaptive model (synonymous subs/site)":1e-10,
       "LRT":null,
       "Nucleotide GTR":0.004086185770479847,
       "Rate Distributions":        [
[10000000000, 1] 
        ],
       "Rate classes":1,
       "Uncorrected P-value":null,
       "original name":"kt861627_MERS_e_jordan_22_jan_2014_1"
      },
     "kx154693_MERS_e_saudi_arabia_29_feb_2016_2":{
       "Baseline MG94xREV":0.004130596406309758,
       "Baseline MG94xREV omega ratio":10000000000,
       "Corrected P-value":null,
       "Full adaptive model":0.004108218025830451,
       "Full adaptive model (non-synonymous subs/site)":0.004108218025830451,
       "Full adaptive model (synonymous subs/site)":1e-10,
       "LRT":null,
       "Nucleotide GTR":0.004074182899091495,
       "Rate Distributions":        [
[10000000000, 1] 
        ],
       "Rate classes":1,
       "Uncorrected P-value":null,
       "original name":"kx154693_MERS_e_saudi_arabia_29_feb_2016_2"
      },
     "mg011340_MERS_e_saudi_arabia_05_mar_2016_2":{
       "Baseline MG94xREV":0.004304953537563371,
       "Baseline MG94xREV omega ratio":0,
       "Corrected P-value":null,
       "Full adaptive model":0.004328714260948584,
       "Full adaptive model (non-synonymous subs/site)":1e-10,
       "Full adaptive model (synonymous subs/site)":0.004328714260948584,
       "LRT":null,
       "Nucleotide GTR":0.004086755275751356,
       "Rate Distributions":        [
[0, 1] 
        ],
       "Rate classes":1,
       "Uncorrected P-value":null,
       "original name":"mg011340_MERS_e_saudi_arabia_05_mar_2016_2"
      },
     "mg912607_MERS_e_saudi_arabia_11_jun_2017_6":{
       "Baseline MG94xREV":0.004298593084586005,
       "Baseline MG94xREV omega ratio":0,
       "Corrected P-value":null,
       "Full adaptive model":0.004317193840914775,
       "Full adaptive model (non-synonymous subs/site)":1e-10,
       "Full adaptive model (synonymous subs/site)":0.004317193840914775,
       "LRT":null,
       "Nucleotide GTR":0.004086185770736112,
       "Rate Distributions":        [
[0, 1] 
        ],
       "Rate classes":1,
       "Uncorrected P-value":null,
       "original name":"mg912607_MERS_e_saudi_arabia_11_jun_2017_6"
      },
     "nc_038294_MERS_e_united_kingdom_11_sep_2012_338":{
       "Baseline MG94xREV":0,
       "Baseline MG94xREV omega ratio":1,
       "Corrected P-value":null,
       "Full adaptive model":0,
       "Full adaptive model (non-synonymous subs/site)":1e-10,
       "Full adaptive model (synonymous subs/site)":1e-10,
       "LRT":null,
       "Nucleotide GTR":0,
       "Rate Distributions":        [
[1, 1] 
        ],
       "Rate classes":1,
       "Uncorrected P-value":null,
       "original name":"nc_038294_MERS_e_united_kingdom_11_sep_2012_338"
      }
    },
   "attributes":{
     "Baseline MG94xREV":{
       "attribute type":"branch length",
       "display order":1
      },
     "Baseline MG94xREV omega ratio":{
       "attribute type":"branch label",
       "display order":1
      },
     "Corrected P-value":{
       "attribute type":"branch label",
       "display order":6
      },
     "Full adaptive model":{
       "attribute type":"branch length",
       "display order":2
      },
     "Full adaptive model (non-synonymous subs/site)":{
       "attribute type":"branch label",
       "display order":10
      },
     "Full adaptive model (synonymous subs/site)":{
       "attribute type":"branch label",
       "display order":9
      },
     "LRT":{
       "attribute type":"branch label",
       "display order":4
      },
     "Nucleotide GTR":{
       "attribute type":"branch length",
       "display order":0
      },
     "Rate Distributions":{
       "attribute type":"branch label",
       "display order":3
      },
     "Rate classes":{
       "attribute type":"branch label",
       "display order":2
      },
     "Uncorrected P-value":{
       "attribute type":"branch label",
       "display order":5
      },
     "original name":{
       "attribute type":"node label",
       "display order":-1
      }
    }
  },
 "data partitions":{
   "0":{
     "coverage":      [
[0, 1, 2, 3, 4, 5, 6, 7, 8, 9, 10, 11, 12, 13, 14, 15, 16, 17, 18, 19, 20, 21, 22, 23, 24, 25, 26, 27, 28, 29, 30, 31, 32, 33, 34, 35, 36, 37, 38, 39, 40, 41, 42, 43, 44, 45, 46, 47, 48, 49, 50, 51, 52, 53, 54, 55, 56, 57, 58, 59, 60, 61, 62, 63, 64, 65, 66, 67, 68, 69, 70, 71, 72, 73, 74, 75, 76, 77, 78, 79, 80, 81, 82] 
      ],
     "name":"absrel.filter.default"
    }
  },
 "fits":{
   "Baseline MG94xREV":{
     "AIC-c":774.734183845876,
     "Equilibrium frequencies":      [
[0.0188604660630723],
      [0.01083021207379449],
      [0.01068285733342411],
      [0.01685650041243776],
      [0.01753886963191189],
      [0.0100713140922933],
      [0.009934284839020478],
      [0.01567532648426269],
      [0.01315172576792304],
      [0.007552092229675892],
      [0.007449339247354363],
      [0.01175432622342898],
      [0.03509825805214638],
      [0.02015441065211884],
      [0.01988019183454399],
      [0.03136899159084075],
      [0.01420161973635694],
      [0.008154970986495149],
      [0.008044015298438904],
      [0.01269266666807858],
      [0.01320647943083634],
      [0.007583533328702026],
      [0.007480352562053433],
      [0.01180326219024942],
      [0.009903032491789062],
      [0.005686600834840773],
      [0.005609229534639232],
      [0.008850813692725603],
      [0.02642840917070714],
      [0.01517593866103797],
      [0.01496945641618101],
      [0.02362033306050391],
      [0.0186142394261558],
      [0.01068882178751497],
      [0.01054339078869126],
      [0.01663643589267158],
      [0.01730989666431178],
      [0.009939831350033259],
      [0.009804591037292433],
      [0.01547068239382076],
      [0.01298002772002462],
      [0.007453498363268887],
      [0.007352086838851186],
      [0.01160087146756368],
      [0.03464004424062619],
      [0.01989129134545326],
      [0.01962065250183052],
      [0.03095946399608011],
      [0.01497996938292892],
      [0.02331531999199132],
      [0.02425914915673216],
      [0.01393028831941939],
      [0.01374075426370507],
      [0.02168156165379682],
      [0.01044578902118985],
      [0.01030366470093711],
      [0.0162581716539031],
      [0.04854667918160918],
      [0.02787687373456375],
      [0.02749758388654371],
      [0.04338848864660434] 
      ],
     "Log Likelihood":-357.9768975227105,
     "Rate Distributions":{
       "Per-branch omega":{
         "2.5%":0,
         "97.5%":10000000000,
         "Mean":3333333333.666667,
         "Median":1
        }
      },
     "display order":1,
     "estimated parameters":28
    },
   "Full adaptive model":{
     "AIC-c":774.734183845876,
     "Log Likelihood":-357.8960774301844,
     "Rate Distributions":{
      },
     "display order":2,
     "estimated parameters":28
    },
   "Nucleotide GTR":{
     "AIC-c":774.734183845876,
     "Equilibrium frequencies":      [
[0.2523228803716608],
      [0.2044134727061556],
      [0.1942508710801394],
      [0.3490127758420442] 
      ],
     "Log Likelihood":-370.8619530056764,
     "Rate Distributions":{
       "Substitution rate from nucleotide A to nucleotide C":0,
       "Substitution rate from nucleotide A to nucleotide G":1,
       "Substitution rate from nucleotide A to nucleotide T":0,
       "Substitution rate from nucleotide C to nucleotide G":0,
       "Substitution rate from nucleotide C to nucleotide T":40.34524167251558,
       "Substitution rate from nucleotide G to nucleotide T":8.608585604991193
      },
     "display order":0,
     "estimated parameters":19
    }
  },
 "input":{
   "file name":"/data/shares/veg/SARS-CoV-2/coronavirus-comparative-data/data/catted/MERS_E.catted.qa.fasta_protein.aligned.compressed.codon.fas",
   "number of sequences":7,
   "number of sites":83,
   "partition count":1,
   "trees":{
     "0":"(kx154693_MERS_e_saudi_arabia_29_feb_2016_2,kt861627_MERS_e_jordan_22_jan_2014_1,nc_038294_MERS_e_united_kingdom_11_sep_2012_338,gb_KY581690_Organism_Middle_East_respiratory_syndrome_related_coronavirus_Strain_Name_Hu_UAE_017_2014_Segment_null_Host_Human_2,mg011340_MERS_e_saudi_arabia_05_mar_2016_2,mg912607_MERS_e_saudi_arabia_11_jun_2017_6,gb_MK462252_Organism_Middle_East_respiratory_syndrome_related_coronavirus_Strain_Name_Hu_Tabuk_KSA_153_2018_Segment_null_Host_Human_4)"
    }
  },
 "test results":{
   "P-value threshold":0.05,
   "positive test results":0,
   "tested":0
  },
 "tested":{
   "0":{
     "gb_KY581690_Organism_Middle_East_respiratory_syndrome_related_coronavirus_Strain_Name_Hu_UAE_017_2014_Segment_null_Host_Human_2":"background",
     "gb_MK462252_Organism_Middle_East_respiratory_syndrome_related_coronavirus_Strain_Name_Hu_Tabuk_KSA_153_2018_Segment_null_Host_Human_4":"background",
     "kt861627_MERS_e_jordan_22_jan_2014_1":"background",
     "kx154693_MERS_e_saudi_arabia_29_feb_2016_2":"background",
     "mg011340_MERS_e_saudi_arabia_05_mar_2016_2":"background",
     "mg912607_MERS_e_saudi_arabia_11_jun_2017_6":"background",
     "nc_038294_MERS_e_united_kingdom_11_sep_2012_338":"background"
    }
  },
 "timers":{
   "Baseline model fitting":{
     "order":2,
     "timer":1
    },
   "Complexity analysis":{
     "order":3,
     "timer":14
    },
   "Full adaptive model fitting":{
     "order":4,
     "timer":1
    },
   "Overall":{
     "order":0,
     "timer":16
    },
   "Preliminary model fitting":{
     "order":1,
     "timer":0
    },
   "Testing for selection":{
     "order":5,
     "timer":0
    }
  }
}