{
 "analysis":{
   "authors":"Sergei L Kosakovsky Pond, Ben Murrell, Steven Weaver and Temple iGEM / UCSD viral evolution group",
   "citation":"Less Is More: An Adaptive Branch-Site Random Effects Model for Efficient Detection of Episodic Diversifying Selection (2015). Mol Biol Evol 32 (5): 1342-1353. v2.2 adds support for multiple-hit models",
   "contact":"spond@temple.edu",
   "info":"aBSREL (Adaptive branch-site random effects likelihood)\n                            uses an adaptive random effects branch-site model framework\n                            to test whether each branch has evolved under positive selection,\n                            using a procedure which infers an optimal number of rate categories per branch.",
   "requirements":"in-frame codon alignment and a phylogenetic tree",
   "version":"2.2"
  },
 "branch attributes":{
   "0":{
     "NL63_lcl_NC_005831_2_cds_YP_003771_1_6_locus_tag_HCNV63gp6_db_xref_GeneID_2943504_protein_nucleocapsid_protein_protein_id_YP_003771_1_location_26133_27266_gbkey_CDS__15":{
       "Baseline MG94xREV":0,
       "Baseline MG94xREV omega ratio":1,
       "Corrected P-value":null,
       "Full adaptive model":0,
       "Full adaptive model (non-synonymous subs/site)":1e-10,
       "Full adaptive model (synonymous subs/site)":1e-10,
       "LRT":null,
       "Nucleotide GTR":0,
       "Rate Distributions":        [
[1, 1] 
        ],
       "Rate classes":1,
       "Uncorrected P-value":null,
       "original name":"NL63_lcl_NC_005831_2_cds_YP_003771_1_6_locus_tag_HCNV63gp6_db_xref_GeneID_2943504_protein_nucleocapsid_protein_protein_id_YP_003771_1_location_26133_27266_gbkey_CDS__15"
      },
     "Node1":{
       "Baseline MG94xREV":0.0009218057954452429,
       "Baseline MG94xREV omega ratio":0,
       "Corrected P-value":1,
       "Full adaptive model":0.0009241543890323396,
       "Full adaptive model (non-synonymous subs/site)":1e-10,
       "Full adaptive model (synonymous subs/site)":0.0009241543890323396,
       "LRT":0,
       "Nucleotide GTR":0.0008870442900306701,
       "Rate Distributions":        [
[0, 1] 
        ],
       "Rate classes":1,
       "Uncorrected P-value":1
      },
     "Node103":{
       "Baseline MG94xREV":0.001792251794040274,
       "Baseline MG94xREV omega ratio":0,
       "Corrected P-value":1,
       "Full adaptive model":0.00179981125500004,
       "Full adaptive model (non-synonymous subs/site)":1e-10,
       "Full adaptive model (synonymous subs/site)":0.00179981125500004,
       "LRT":0,
       "Nucleotide GTR":0.001774082296476447,
       "Rate Distributions":        [
[0, 1] 
        ],
       "Rate classes":1,
       "Uncorrected P-value":1
      },
     "Node112":{
       "Baseline MG94xREV":0.001814803183681732,
       "Baseline MG94xREV omega ratio":0,
       "Corrected P-value":1,
       "Full adaptive model":0.001821384173803446,
       "Full adaptive model (non-synonymous subs/site)":1e-10,
       "Full adaptive model (synonymous subs/site)":0.001821384173803446,
       "LRT":0,
       "Nucleotide GTR":0.001774173023999308,
       "Rate Distributions":        [
[0, 1] 
        ],
       "Rate classes":1,
       "Uncorrected P-value":1
      },
     "Node122":{
       "Baseline MG94xREV":0.0018271544236375,
       "Baseline MG94xREV omega ratio":0,
       "Corrected P-value":1,
       "Full adaptive model":0.001831502966500288,
       "Full adaptive model (non-synonymous subs/site)":1e-10,
       "Full adaptive model (synonymous subs/site)":0.001831502966500288,
       "LRT":0,
       "Nucleotide GTR":0.001772024618160778,
       "Rate Distributions":        [
[0, 1] 
        ],
       "Rate classes":1,
       "Uncorrected P-value":1
      },
     "Node123":{
       "Baseline MG94xREV":0.001819351838173756,
       "Baseline MG94xREV omega ratio":0,
       "Corrected P-value":1,
       "Full adaptive model":0.001825947530942856,
       "Full adaptive model (non-synonymous subs/site)":1e-10,
       "Full adaptive model (synonymous subs/site)":0.001825947530942856,
       "LRT":0,
       "Nucleotide GTR":0.001771319975037163,
       "Rate Distributions":        [
[0, 1] 
        ],
       "Rate classes":1,
       "Uncorrected P-value":1
      },
     "Node125":{
       "Baseline MG94xREV":0.0009088516012255997,
       "Baseline MG94xREV omega ratio":0,
       "Corrected P-value":1,
       "Full adaptive model":0.0009116527324568731,
       "Full adaptive model (non-synonymous subs/site)":1e-10,
       "Full adaptive model (synonymous subs/site)":0.0009116527324568731,
       "LRT":0,
       "Nucleotide GTR":0.0008857839951623461,
       "Rate Distributions":        [
[0, 1] 
        ],
       "Rate classes":1,
       "Uncorrected P-value":1
      },
     "Node127":{
       "Baseline MG94xREV":0.001853783181563891,
       "Baseline MG94xREV omega ratio":0,
       "Corrected P-value":1,
       "Full adaptive model":0.001857953269542737,
       "Full adaptive model (non-synonymous subs/site)":1e-10,
       "Full adaptive model (synonymous subs/site)":0.001857953269542737,
       "LRT":0,
       "Nucleotide GTR":0.001775520313587515,
       "Rate Distributions":        [
[0, 1] 
        ],
       "Rate classes":1,
       "Uncorrected P-value":1
      },
     "Node130":{
       "Baseline MG94xREV":0.0009031433853934307,
       "Baseline MG94xREV omega ratio":0,
       "Corrected P-value":1,
       "Full adaptive model":0.0009064583178855751,
       "Full adaptive model (non-synonymous subs/site)":1e-10,
       "Full adaptive model (synonymous subs/site)":0.0009064583178855751,
       "LRT":0,
       "Nucleotide GTR":0.0008847651680872282,
       "Rate Distributions":        [
[0, 1] 
        ],
       "Rate classes":1,
       "Uncorrected P-value":1
      },
     "Node139":{
       "Baseline MG94xREV":0.0008897374811831834,
       "Baseline MG94xREV omega ratio":10000000000,
       "Corrected P-value":1,
       "Full adaptive model":0.0008882622334367283,
       "Full adaptive model (non-synonymous subs/site)":0.0008882622334367283,
       "Full adaptive model (synonymous subs/site)":1e-10,
       "LRT":0.762242673313267,
       "Nucleotide GTR":0.0008855653833714426,
       "Rate Distributions":        [
[10000000000, 1] 
        ],
       "Rate classes":1,
       "Uncorrected P-value":0.2814540188034198
      },
     "Node14":{
       "Baseline MG94xREV":0.0008905801824647813,
       "Baseline MG94xREV omega ratio":10000000000,
       "Corrected P-value":1,
       "Full adaptive model":0.0008883742635035632,
       "Full adaptive model (non-synonymous subs/site)":0.0008883742635035632,
       "Full adaptive model (synonymous subs/site)":1e-10,
       "LRT":0.7622022442146772,
       "Nucleotide GTR":0.0008853071940161486,
       "Rate Distributions":        [
[10000000000, 1] 
        ],
       "Rate classes":1,
       "Uncorrected P-value":0.2814606853209228
      },
     "Node16":{
       "Baseline MG94xREV":0.001384233087663678,
       "Baseline MG94xREV omega ratio":0,
       "Corrected P-value":1,
       "Full adaptive model":0.00138791413169435,
       "Full adaptive model (non-synonymous subs/site)":1e-10,
       "Full adaptive model (synonymous subs/site)":0.00138791413169435,
       "LRT":0,
       "Nucleotide GTR":0.001331713823129984,
       "Rate Distributions":        [
[0, 1] 
        ],
       "Rate classes":1,
       "Uncorrected P-value":1
      },
     "Node22":{
       "Baseline MG94xREV":6.435269851947951e-06,
       "Baseline MG94xREV omega ratio":10000000000,
       "Corrected P-value":1,
       "Full adaptive model":0,
       "Full adaptive model (non-synonymous subs/site)":1e-10,
       "Full adaptive model (synonymous subs/site)":1e-10,
       "LRT":0,
       "Nucleotide GTR":2.842118686485978e-06,
       "Rate Distributions":        [
[1, 1] 
        ],
       "Rate classes":1,
       "Uncorrected P-value":1
      },
     "Node24":{
       "Baseline MG94xREV":0.0008822990263180545,
       "Baseline MG94xREV omega ratio":10000000000,
       "Corrected P-value":1,
       "Full adaptive model":0.0008878197648104032,
       "Full adaptive model (non-synonymous subs/site)":0.0008878197648104032,
       "Full adaptive model (synonymous subs/site)":1e-10,
       "LRT":0.0006732292058586609,
       "Nucleotide GTR":0.0008809435799711433,
       "Rate Distributions":        [
[10000000000, 1] 
        ],
       "Rate classes":1,
       "Uncorrected P-value":0.495759009141106
      },
     "Node26":{
       "Baseline MG94xREV":0.001802159064405452,
       "Baseline MG94xREV omega ratio":0.4887163905589957,
       "Corrected P-value":1,
       "Full adaptive model":0.00180281586809025,
       "Full adaptive model (non-synonymous subs/site)":0.0008878846340077434,
       "Full adaptive model (synonymous subs/site)":0.0009149312340825049,
       "LRT":0,
       "Nucleotide GTR":0.001775011541780148,
       "Rate Distributions":        [
[0.4619485031870349, 1] 
        ],
       "Rate classes":1,
       "Uncorrected P-value":1
      },
     "Node27":{
       "Baseline MG94xREV":0.0009127105351169249,
       "Baseline MG94xREV omega ratio":0,
       "Corrected P-value":1,
       "Full adaptive model":0.0009149434806268679,
       "Full adaptive model (non-synonymous subs/site)":1e-10,
       "Full adaptive model (synonymous subs/site)":0.0009149434806268679,
       "LRT":0,
       "Nucleotide GTR":0.0008854365018440381,
       "Rate Distributions":        [
[0, 1] 
        ],
       "Rate classes":1,
       "Uncorrected P-value":1
      },
     "Node52":{
       "Baseline MG94xREV":0.0009062576427026646,
       "Baseline MG94xREV omega ratio":0,
       "Corrected P-value":1,
       "Full adaptive model":0.0009091283279074306,
       "Full adaptive model (non-synonymous subs/site)":1e-10,
       "Full adaptive model (synonymous subs/site)":0.0009091283279074306,
       "LRT":0,
       "Nucleotide GTR":0.000885015704746209,
       "Rate Distributions":        [
[0, 1] 
        ],
       "Rate classes":1,
       "Uncorrected P-value":1
      },
     "Node61":{
       "Baseline MG94xREV":0.00089014711588296,
       "Baseline MG94xREV omega ratio":10000000000,
       "Corrected P-value":1,
       "Full adaptive model":0.0008880427120049361,
       "Full adaptive model (non-synonymous subs/site)":0.0008880427120049361,
       "Full adaptive model (synonymous subs/site)":1e-10,
       "LRT":0.7642403481122528,
       "Nucleotide GTR":0.0008851779086254277,
       "Rate Distributions":        [
[10000000000, 1] 
        ],
       "Rate classes":1,
       "Uncorrected P-value":0.2811248651147653
      },
     "Node7":{
       "Baseline MG94xREV":0.001852636277692447,
       "Baseline MG94xREV omega ratio":0,
       "Corrected P-value":1,
       "Full adaptive model":0.001856190480565871,
       "Full adaptive model (non-synonymous subs/site)":1e-10,
       "Full adaptive model (synonymous subs/site)":0.001856190480565871,
       "LRT":0,
       "Nucleotide GTR":0.001780180153388395,
       "Rate Distributions":        [
[0, 1] 
        ],
       "Rate classes":1,
       "Uncorrected P-value":1
      },
     "Node79":{
       "Baseline MG94xREV":0.001802463553904832,
       "Baseline MG94xREV omega ratio":0.4888134626085187,
       "Corrected P-value":1,
       "Full adaptive model":0.001802994417655401,
       "Full adaptive model (non-synonymous subs/site)":0.0008877810689274778,
       "Full adaptive model (synonymous subs/site)":0.0009152133487279251,
       "LRT":0,
       "Nucleotide GTR":0.001772655827739908,
       "Rate Distributions":        [
[0.4617522412777187, 1] 
        ],
       "Rate classes":1,
       "Uncorrected P-value":1
      },
     "Node80":{
       "Baseline MG94xREV":0.002705225806721924,
       "Baseline MG94xREV omega ratio":0.9655754457155379,
       "Corrected P-value":1,
       "Full adaptive model":0.002702000678295024,
       "Full adaptive model (non-synonymous subs/site)":0.001775986087614212,
       "Full adaptive model (synonymous subs/site)":0.0009260145906808143,
       "LRT":0,
       "Nucleotide GTR":0.002225999826000323,
       "Rate Distributions":        [
[0.9129504515872489, 1] 
        ],
       "Rate classes":1,
       "Uncorrected P-value":1
      },
     "Node81":{
       "Baseline MG94xREV":0.001823303397917991,
       "Baseline MG94xREV omega ratio":0,
       "Corrected P-value":1,
       "Full adaptive model":0.001829132512167403,
       "Full adaptive model (non-synonymous subs/site)":1e-10,
       "Full adaptive model (synonymous subs/site)":0.001829132512167403,
       "LRT":0,
       "Nucleotide GTR":0.002218843274005963,
       "Rate Distributions":        [
[0, 1] 
        ],
       "Rate classes":1,
       "Uncorrected P-value":1
      },
     "Node82":{
       "Baseline MG94xREV":0.0009014943843552895,
       "Baseline MG94xREV omega ratio":0,
       "Corrected P-value":1,
       "Full adaptive model":0.0009051913002356093,
       "Full adaptive model (non-synonymous subs/site)":1e-10,
       "Full adaptive model (synonymous subs/site)":0.0009051913002356093,
       "LRT":0,
       "Nucleotide GTR":0.0008861851558973388,
       "Rate Distributions":        [
[0, 1] 
        ],
       "Rate classes":1,
       "Uncorrected P-value":1
      },
     "Node9":{
       "Baseline MG94xREV":0.0008927368121336208,
       "Baseline MG94xREV omega ratio":10000000000,
       "Corrected P-value":1,
       "Full adaptive model":0.0008907545975937094,
       "Full adaptive model (non-synonymous subs/site)":0.0008907545975937094,
       "Full adaptive model (synonymous subs/site)":1e-10,
       "LRT":0.7553830899096283,
       "Nucleotide GTR":0.0008905334137209616,
       "Rate Distributions":        [
[10000000000, 1] 
        ],
       "Rate classes":1,
       "Uncorrected P-value":0.2825880180457253
      },
     "Node92":{
       "Baseline MG94xREV":0.0008952076897641943,
       "Baseline MG94xREV omega ratio":0,
       "Corrected P-value":1,
       "Full adaptive model":0.0008990616641888792,
       "Full adaptive model (non-synonymous subs/site)":1e-10,
       "Full adaptive model (synonymous subs/site)":0.0008990616641888792,
       "LRT":0,
       "Nucleotide GTR":0.0008848810729571734,
       "Rate Distributions":        [
[0, 1] 
        ],
       "Rate classes":1,
       "Uncorrected P-value":1
      },
     "Node97":{
       "Baseline MG94xREV":0.0008996411792232271,
       "Baseline MG94xREV omega ratio":0,
       "Corrected P-value":1,
       "Full adaptive model":0.0009031397685682893,
       "Full adaptive model (non-synonymous subs/site)":1e-10,
       "Full adaptive model (synonymous subs/site)":0.0009031397685682893,
       "LRT":0,
       "Nucleotide GTR":0.0008844066024375723,
       "Rate Distributions":        [
[0, 1] 
        ],
       "Rate classes":1,
       "Uncorrected P-value":1
      },
     "dq462763_NL63_n_netherlands_no_value_1":{
       "Baseline MG94xREV":0.001009720407402844,
       "Baseline MG94xREV omega ratio":0,
       "Corrected P-value":null,
       "Full adaptive model":0.001011987905359937,
       "Full adaptive model (non-synonymous subs/site)":1e-10,
       "Full adaptive model (synonymous subs/site)":0.001011987905359937,
       "LRT":null,
       "Nucleotide GTR":0.0009728930367743371,
       "Rate Distributions":        [
[0, 1] 
        ],
       "Rate classes":1,
       "Uncorrected P-value":null,
       "original name":"dq462763_NL63_n_netherlands_no_value_1"
      },
     "dq462764_NL63_n_netherlands_no_value_1":{
       "Baseline MG94xREV":0.001005955344337771,
       "Baseline MG94xREV omega ratio":0,
       "Corrected P-value":null,
       "Full adaptive model":0.00100905201380754,
       "Full adaptive model (non-synonymous subs/site)":1e-10,
       "Full adaptive model (synonymous subs/site)":0.00100905201380754,
       "LRT":null,
       "Nucleotide GTR":0.0009720945090643219,
       "Rate Distributions":        [
[0, 1] 
        ],
       "Rate classes":1,
       "Uncorrected P-value":null,
       "original name":"dq462764_NL63_n_netherlands_no_value_1"
      },
     "dq462765_NL63_n_netherlands_no_value_2":{
       "Baseline MG94xREV":0.001006112648044154,
       "Baseline MG94xREV omega ratio":0,
       "Corrected P-value":null,
       "Full adaptive model":0.001009490186539233,
       "Full adaptive model (non-synonymous subs/site)":1e-10,
       "Full adaptive model (synonymous subs/site)":0.001009490186539233,
       "LRT":null,
       "Nucleotide GTR":0.0009731516476519485,
       "Rate Distributions":        [
[0, 1] 
        ],
       "Rate classes":1,
       "Uncorrected P-value":null,
       "original name":"dq462765_NL63_n_netherlands_no_value_2"
      },
     "dq462766_NL63_n_netherlands_no_value_1":{
       "Baseline MG94xREV":0.001022541121024958,
       "Baseline MG94xREV omega ratio":0,
       "Corrected P-value":null,
       "Full adaptive model":0.001026557945742896,
       "Full adaptive model (non-synonymous subs/site)":1e-10,
       "Full adaptive model (synonymous subs/site)":0.001026557945742896,
       "LRT":null,
       "Nucleotide GTR":0.000970766966513496,
       "Rate Distributions":        [
[0, 1] 
        ],
       "Rate classes":1,
       "Uncorrected P-value":null,
       "original name":"dq462766_NL63_n_netherlands_no_value_1"
      },
     "dq462768_NL63_n_netherlands_no_value_1":{
       "Baseline MG94xREV":0.0009801163074049937,
       "Baseline MG94xREV omega ratio":10000000000,
       "Corrected P-value":null,
       "Full adaptive model":0.0009779055017279687,
       "Full adaptive model (non-synonymous subs/site)":0.0009779055017279687,
       "Full adaptive model (synonymous subs/site)":1e-10,
       "LRT":null,
       "Nucleotide GTR":0.0009718629592930487,
       "Rate Distributions":        [
[10000000000, 1] 
        ],
       "Rate classes":1,
       "Uncorrected P-value":null,
       "original name":"dq462768_NL63_n_netherlands_no_value_1"
      },
     "dq462769_NL63_n_netherlands_no_value_1":{
       "Baseline MG94xREV":0.003000014048517363,
       "Baseline MG94xREV omega ratio":0,
       "Corrected P-value":null,
       "Full adaptive model":0.003009954844986199,
       "Full adaptive model (non-synonymous subs/site)":1e-10,
       "Full adaptive model (synonymous subs/site)":0.003009954844986199,
       "LRT":null,
       "Nucleotide GTR":0.00291889446213917,
       "Rate Distributions":        [
[0, 1] 
        ],
       "Rate classes":1,
       "Uncorrected P-value":null,
       "original name":"dq462769_NL63_n_netherlands_no_value_1"
      },
     "dq846901_NL63_n_china_beijing_no_value_1":{
       "Baseline MG94xREV":0.0009061790012221844,
       "Baseline MG94xREV omega ratio":0,
       "Corrected P-value":null,
       "Full adaptive model":0.0009091090573794458,
       "Full adaptive model (non-synonymous subs/site)":1e-10,
       "Full adaptive model (synonymous subs/site)":0.0009091090573794458,
       "LRT":null,
       "Nucleotide GTR":0.0008855653821934986,
       "Rate Distributions":        [
[0, 1] 
        ],
       "Rate classes":1,
       "Uncorrected P-value":null,
       "original name":"dq846901_NL63_n_china_beijing_no_value_1"
      },
     "gb_JQ900255_Organism_Human_coronavirus_NL63_Strain_Name_NL63_DEN_2009_6_Segment_null_Host_Human_1":{
       "Baseline MG94xREV":0.0008890926187464305,
       "Baseline MG94xREV omega ratio":10000000000,
       "Corrected P-value":null,
       "Full adaptive model":0.000887546227705106,
       "Full adaptive model (non-synonymous subs/site)":0.000887546227705106,
       "Full adaptive model (synonymous subs/site)":1e-10,
       "LRT":null,
       "Nucleotide GTR":0.0008853068719990037,
       "Rate Distributions":        [
[10000000000, 1] 
        ],
       "Rate classes":1,
       "Uncorrected P-value":null,
       "original name":"gb_JQ900255_Organism_Human_coronavirus_NL63_Strain_Name_NL63_DEN_2009_6_Segment_null_Host_Human_1"
      },
     "gb_JQ900256_Organism_Human_coronavirus_NL63_Strain_Name_NL63_DEN_2009_22_Segment_null_Host_Human_1":{
       "Baseline MG94xREV":0.0008902600488630243,
       "Baseline MG94xREV omega ratio":10000000000,
       "Corrected P-value":null,
       "Full adaptive model":0.000888166310591952,
       "Full adaptive model (non-synonymous subs/site)":0.000888166310591952,
       "Full adaptive model (synonymous subs/site)":1e-10,
       "LRT":null,
       "Nucleotide GTR":0.0008850157923010913,
       "Rate Distributions":        [
[10000000000, 1] 
        ],
       "Rate classes":1,
       "Uncorrected P-value":null,
       "original name":"gb_JQ900256_Organism_Human_coronavirus_NL63_Strain_Name_NL63_DEN_2009_22_Segment_null_Host_Human_1"
      },
     "gb_JQ900257_Organism_Human_coronavirus_NL63_Strain_Name_NL63_DEN_2009_31_Segment_null_Host_Human_1":{
       "Baseline MG94xREV":0,
       "Baseline MG94xREV omega ratio":1,
       "Corrected P-value":null,
       "Full adaptive model":0,
       "Full adaptive model (non-synonymous subs/site)":1e-10,
       "Full adaptive model (synonymous subs/site)":1e-10,
       "LRT":null,
       "Nucleotide GTR":0,
       "Rate Distributions":        [
[1, 1] 
        ],
       "Rate classes":1,
       "Uncorrected P-value":null,
       "original name":"gb_JQ900257_Organism_Human_coronavirus_NL63_Strain_Name_NL63_DEN_2009_31_Segment_null_Host_Human_1"
      },
     "gb_JQ900260_Organism_Human_coronavirus_NL63_Strain_Name_NL63_DEN_2005_1120_Segment_null_Host_Human_1":{
       "Baseline MG94xREV":0.0009091811013615107,
       "Baseline MG94xREV omega ratio":0,
       "Corrected P-value":null,
       "Full adaptive model":0.0009120388616496457,
       "Full adaptive model (non-synonymous subs/site)":1e-10,
       "Full adaptive model (synonymous subs/site)":0.0009120388616496457,
       "LRT":null,
       "Nucleotide GTR":0.0008890887675078819,
       "Rate Distributions":        [
[0, 1] 
        ],
       "Rate classes":1,
       "Uncorrected P-value":null,
       "original name":"gb_JQ900260_Organism_Human_coronavirus_NL63_Strain_Name_NL63_DEN_2005_1120_Segment_null_Host_Human_1"
      },
     "gb_KY554971_Organism_Human_coronavirus_NL63_Strain_Name_N07_468B_176X_Segment_null_Host_Human_3":{
       "Baseline MG94xREV":0.0009063491373724791,
       "Baseline MG94xREV omega ratio":0,
       "Corrected P-value":null,
       "Full adaptive model":0.0009095075830798646,
       "Full adaptive model (non-synonymous subs/site)":1e-10,
       "Full adaptive model (synonymous subs/site)":0.0009095075830798646,
       "LRT":null,
       "Nucleotide GTR":0.0008850157019998674,
       "Rate Distributions":        [
[0, 1] 
        ],
       "Rate classes":1,
       "Uncorrected P-value":null,
       "original name":"gb_KY554971_Organism_Human_coronavirus_NL63_Strain_Name_N07_468B_176X_Segment_null_Host_Human_3"
      },
     "gb_KY983586_Organism_Human_coronavirus_NL63_Strain_Name_HCoV_NL63_Seattle_USA_SC2940_2015_Segment_null_Host_Human_1":{
       "Baseline MG94xREV":0.001793987687309312,
       "Baseline MG94xREV omega ratio":0.4932129366187888,
       "Corrected P-value":null,
       "Full adaptive model":0.001795003023509783,
       "Full adaptive model (non-synonymous subs/site)":0.0008879783089664347,
       "Full adaptive model (synonymous subs/site)":0.0009070247145433478,
       "LRT":null,
       "Nucleotide GTR":0.001772379867292071,
       "Rate Distributions":        [
[0.4660244627387899, 1] 
        ],
       "Rate classes":1,
       "Uncorrected P-value":null,
       "original name":"gb_KY983586_Organism_Human_coronavirus_NL63_Strain_Name_HCoV_NL63_Seattle_USA_SC2940_2015_Segment_null_Host_Human_1"
      },
     "gb_MG428705_Organism_Human_coronavirus_NL63_Strain_Name_Kilifi_HH_0522_21_May_2010_Segment_null_Host_Human_1":{
       "Baseline MG94xREV":0.0008885593347066277,
       "Baseline MG94xREV omega ratio":10000000000,
       "Corrected P-value":null,
       "Full adaptive model":0.0008869329582936214,
       "Full adaptive model (non-synonymous subs/site)":0.0008869329582936214,
       "Full adaptive model (synonymous subs/site)":1e-10,
       "LRT":null,
       "Nucleotide GTR":0.0008845081983575849,
       "Rate Distributions":        [
[10000000000, 1] 
        ],
       "Rate classes":1,
       "Uncorrected P-value":null,
       "original name":"gb_MG428705_Organism_Human_coronavirus_NL63_Strain_Name_Kilifi_HH_0522_21_May_2010_Segment_null_Host_Human_1"
      },
     "gb_MN306040_Organism_Human_coronavirus_NL63_Strain_Name_HCoV_NL63_Seattle_USA_SC0768_2019_Segment_null_Host_Human_1":{
       "Baseline MG94xREV":0.002709126808158351,
       "Baseline MG94xREV omega ratio":0.2451038080978729,
       "Corrected P-value":null,
       "Full adaptive model":0.002712132663389872,
       "Full adaptive model (non-synonymous subs/site)":0.0008876930644824846,
       "Full adaptive model (synonymous subs/site)":0.001824439598907388,
       "LRT":null,
       "Nucleotide GTR":0.002657064629899484,
       "Rate Distributions":        [
[0.2316108044205671, 1] 
        ],
       "Rate classes":1,
       "Uncorrected P-value":null,
       "original name":"gb_MN306040_Organism_Human_coronavirus_NL63_Strain_Name_HCoV_NL63_Seattle_USA_SC0768_2019_Segment_null_Host_Human_1"
      },
     "jq765563_NL63_n_usa_denver_co_16_mar_2009_2":{
       "Baseline MG94xREV":0.001790518566502457,
       "Baseline MG94xREV omega ratio":0.4954937936833079,
       "Corrected P-value":null,
       "Full adaptive model":0.001791682830339247,
       "Full adaptive model (non-synonymous subs/site)":0.0008880756587224654,
       "Full adaptive model (synonymous subs/site)":0.0009036071716167819,
       "LRT":null,
       "Nucleotide GTR":0.001770354004406911,
       "Rate Distributions":        [
[0.4678383029984292, 1] 
        ],
       "Rate classes":1,
       "Uncorrected P-value":null,
       "original name":"jq765563_NL63_n_usa_denver_co_16_mar_2009_2"
      },
     "jq765564_NL63_n_usa_denver_co_01_mar_2009_2":{
       "Baseline MG94xREV":0.001827172291472335,
       "Baseline MG94xREV omega ratio":0,
       "Corrected P-value":null,
       "Full adaptive model":0.001831554564943904,
       "Full adaptive model (non-synonymous subs/site)":1e-10,
       "Full adaptive model (synonymous subs/site)":0.001831554564943904,
       "LRT":null,
       "Nucleotide GTR":0.001772032992973192,
       "Rate Distributions":        [
[0, 1] 
        ],
       "Rate classes":1,
       "Uncorrected P-value":null,
       "original name":"jq765564_NL63_n_usa_denver_co_01_mar_2009_2"
      },
     "jq765565_NL63_n_usa_denver_co_13_feb_2009_2":{
       "Baseline MG94xREV":0.003700253479644862,
       "Baseline MG94xREV omega ratio":0,
       "Corrected P-value":null,
       "Full adaptive model":0.003708259053347251,
       "Full adaptive model (non-synonymous subs/site)":1e-10,
       "Full adaptive model (synonymous subs/site)":0.003708259053347251,
       "LRT":null,
       "Nucleotide GTR":0.003550276868794589,
       "Rate Distributions":        [
[0, 1] 
        ],
       "Rate classes":1,
       "Uncorrected P-value":null,
       "original name":"jq765565_NL63_n_usa_denver_co_13_feb_2009_2"
      },
     "jq765568_NL63_n_usa_denver_co_11_jan_2005_2":{
       "Baseline MG94xREV":0.0009061665430618745,
       "Baseline MG94xREV omega ratio":0,
       "Corrected P-value":null,
       "Full adaptive model":0.0009089684157262056,
       "Full adaptive model (non-synonymous subs/site)":1e-10,
       "Full adaptive model (synonymous subs/site)":0.0009089684157262056,
       "LRT":null,
       "Nucleotide GTR":0.0008850157899613617,
       "Rate Distributions":        [
[0, 1] 
        ],
       "Rate classes":1,
       "Uncorrected P-value":null,
       "original name":"jq765568_NL63_n_usa_denver_co_11_jan_2005_2"
      },
     "jq765570_NL63_n_usa_denver_co_19_jan_2005_2":{
       "Baseline MG94xREV":0.0009126520367444129,
       "Baseline MG94xREV omega ratio":0,
       "Corrected P-value":null,
       "Full adaptive model":0.0009149576378207227,
       "Full adaptive model (non-synonymous subs/site)":1e-10,
       "Full adaptive model (synonymous subs/site)":0.0009149576378207227,
       "LRT":null,
       "Nucleotide GTR":0.000885436503481243,
       "Rate Distributions":        [
[0, 1] 
        ],
       "Rate classes":1,
       "Uncorrected P-value":null,
       "original name":"jq765570_NL63_n_usa_denver_co_19_jan_2005_2"
      },
     "jq765571_NL63_n_usa_denver_co_23_jan_2005_2":{
       "Baseline MG94xREV":0.0008904006309303226,
       "Baseline MG94xREV omega ratio":10000000000,
       "Corrected P-value":null,
       "Full adaptive model":0.0008882656673215318,
       "Full adaptive model (non-synonymous subs/site)":0.0008882656673215318,
       "Full adaptive model (synonymous subs/site)":1e-10,
       "LRT":null,
       "Nucleotide GTR":0.0008848866577369381,
       "Rate Distributions":        [
[10000000000, 1] 
        ],
       "Rate classes":1,
       "Uncorrected P-value":null,
       "original name":"jq765571_NL63_n_usa_denver_co_23_jan_2005_2"
      },
     "jq765572_NL63_n_usa_denver_co_01_feb_2005_2":{
       "Baseline MG94xREV":0,
       "Baseline MG94xREV omega ratio":1,
       "Corrected P-value":null,
       "Full adaptive model":0,
       "Full adaptive model (non-synonymous subs/site)":1e-10,
       "Full adaptive model (synonymous subs/site)":1e-10,
       "LRT":null,
       "Nucleotide GTR":0,
       "Rate Distributions":        [
[1, 1] 
        ],
       "Rate classes":1,
       "Uncorrected P-value":null,
       "original name":"jq765572_NL63_n_usa_denver_co_01_feb_2005_2"
      },
     "jq765573_NL63_n_usa_denver_co_12_apr_2005_2":{
       "Baseline MG94xREV":0.001832772482200093,
       "Baseline MG94xREV omega ratio":0,
       "Corrected P-value":null,
       "Full adaptive model":0.001837659797997865,
       "Full adaptive model (non-synonymous subs/site)":1e-10,
       "Full adaptive model (synonymous subs/site)":0.001837659797997865,
       "LRT":null,
       "Nucleotide GTR":0.001772395222399236,
       "Rate Distributions":        [
[0, 1] 
        ],
       "Rate classes":1,
       "Uncorrected P-value":null,
       "original name":"jq765573_NL63_n_usa_denver_co_12_apr_2005_2"
      },
     "jq765574_NL63_n_usa_denver_co_nov_2005_2":{
       "Baseline MG94xREV":0.0009063491373724791,
       "Baseline MG94xREV omega ratio":0,
       "Corrected P-value":null,
       "Full adaptive model":0.0009095075766072559,
       "Full adaptive model (non-synonymous subs/site)":1e-10,
       "Full adaptive model (synonymous subs/site)":0.0009095075766072559,
       "LRT":null,
       "Nucleotide GTR":0.0008850157019998674,
       "Rate Distributions":        [
[0, 1] 
        ],
       "Rate classes":1,
       "Uncorrected P-value":null,
       "original name":"jq765574_NL63_n_usa_denver_co_nov_2005_2"
      },
     "jq765575_NL63_n_usa_denver_co_21_nov_2005_2":{
       "Baseline MG94xREV":0.001382945114347026,
       "Baseline MG94xREV omega ratio":0,
       "Corrected P-value":null,
       "Full adaptive model":0.001387766146579033,
       "Full adaptive model (non-synonymous subs/site)":1e-10,
       "Full adaptive model (synonymous subs/site)":0.001387766146579033,
       "LRT":null,
       "Nucleotide GTR":0.001330990463818022,
       "Rate Distributions":        [
[0, 1] 
        ],
       "Rate classes":1,
       "Uncorrected P-value":null,
       "original name":"jq765575_NL63_n_usa_denver_co_21_nov_2005_2"
      },
     "kf530105_NL63_n_usa_nashville_tn_23_feb_2001_2":{
       "Baseline MG94xREV":0.001781615860152559,
       "Baseline MG94xREV omega ratio":10000000000,
       "Corrected P-value":null,
       "Full adaptive model":0.001776739112162324,
       "Full adaptive model (non-synonymous subs/site)":0.001776739112162324,
       "Full adaptive model (synonymous subs/site)":1e-10,
       "LRT":null,
       "Nucleotide GTR":0.001770714899806809,
       "Rate Distributions":        [
[10000000000, 1] 
        ],
       "Rate classes":1,
       "Uncorrected P-value":null,
       "original name":"kf530105_NL63_n_usa_nashville_tn_23_feb_2001_2"
      },
     "kf530106_NL63_n_usa_nashville_tn_16_dec_1987_2":{
       "Baseline MG94xREV":0,
       "Baseline MG94xREV omega ratio":1,
       "Corrected P-value":null,
       "Full adaptive model":0,
       "Full adaptive model (non-synonymous subs/site)":1e-10,
       "Full adaptive model (synonymous subs/site)":1e-10,
       "LRT":null,
       "Nucleotide GTR":0,
       "Rate Distributions":        [
[1, 1] 
        ],
       "Rate classes":1,
       "Uncorrected P-value":null,
       "original name":"kf530106_NL63_n_usa_nashville_tn_16_dec_1987_2"
      },
     "kf530107_NL63_n_usa_nashville_tn_24_jan_1991_2":{
       "Baseline MG94xREV":0.0009126355460726183,
       "Baseline MG94xREV omega ratio":0,
       "Corrected P-value":null,
       "Full adaptive model":0.000914936268474817,
       "Full adaptive model (non-synonymous subs/site)":1e-10,
       "Full adaptive model (synonymous subs/site)":0.000914936268474817,
       "LRT":null,
       "Nucleotide GTR":0.0008854364925151153,
       "Rate Distributions":        [
[0, 1] 
        ],
       "Rate classes":1,
       "Uncorrected P-value":null,
       "original name":"kf530107_NL63_n_usa_nashville_tn_24_jan_1991_2"
      },
     "kf530110_NL63_n_usa_nashville_tn_16_aug_1983_2":{
       "Baseline MG94xREV":0.0009187095141926937,
       "Baseline MG94xREV omega ratio":0,
       "Corrected P-value":null,
       "Full adaptive model":0.0009213494797626929,
       "Full adaptive model (non-synonymous subs/site)":1e-10,
       "Full adaptive model (synonymous subs/site)":0.0009213494797626929,
       "LRT":null,
       "Nucleotide GTR":0.0008862816762924581,
       "Rate Distributions":        [
[0, 1] 
        ],
       "Rate classes":1,
       "Uncorrected P-value":null,
       "original name":"kf530110_NL63_n_usa_nashville_tn_16_aug_1983_2"
      },
     "kf530114_NL63_n_usa_nashville_tn_03_jan_1989_2":{
       "Baseline MG94xREV":0.0009090581166556461,
       "Baseline MG94xREV omega ratio":0,
       "Corrected P-value":null,
       "Full adaptive model":0.0009119264097449431,
       "Full adaptive model (non-synonymous subs/site)":1e-10,
       "Full adaptive model (synonymous subs/site)":0.0009119264097449431,
       "LRT":null,
       "Nucleotide GTR":0.000885307181930712,
       "Rate Distributions":        [
[0, 1] 
        ],
       "Rate classes":1,
       "Uncorrected P-value":null,
       "original name":"kf530114_NL63_n_usa_nashville_tn_03_jan_1989_2"
      },
     "km055591_NL63_n_china_2007_24":{
       "Baseline MG94xREV":0,
       "Baseline MG94xREV omega ratio":1,
       "Corrected P-value":null,
       "Full adaptive model":0,
       "Full adaptive model (non-synonymous subs/site)":1e-10,
       "Full adaptive model (synonymous subs/site)":1e-10,
       "LRT":null,
       "Nucleotide GTR":0,
       "Rate Distributions":        [
[1, 1] 
        ],
       "Rate classes":1,
       "Uncorrected P-value":null,
       "original name":"km055591_NL63_n_china_2007_24"
      },
     "km055594_NL63_n_china_2007_2":{
       "Baseline MG94xREV":0,
       "Baseline MG94xREV omega ratio":1,
       "Corrected P-value":null,
       "Full adaptive model":0,
       "Full adaptive model (non-synonymous subs/site)":1e-10,
       "Full adaptive model (synonymous subs/site)":1e-10,
       "LRT":null,
       "Nucleotide GTR":0,
       "Rate Distributions":        [
[1, 1] 
        ],
       "Rate classes":1,
       "Uncorrected P-value":null,
       "original name":"km055594_NL63_n_china_2007_2"
      },
     "km055595_NL63_n_china_2007_2":{
       "Baseline MG94xREV":0.00090625763404293,
       "Baseline MG94xREV omega ratio":0,
       "Corrected P-value":null,
       "Full adaptive model":0.0009091283302730986,
       "Full adaptive model (non-synonymous subs/site)":1e-10,
       "Full adaptive model (synonymous subs/site)":0.0009091283302730986,
       "LRT":null,
       "Nucleotide GTR":0.0008850156955913651,
       "Rate Distributions":        [
[0, 1] 
        ],
       "Rate classes":1,
       "Uncorrected P-value":null,
       "original name":"km055595_NL63_n_china_2007_2"
      },
     "km055598_NL63_n_china_2008_1":{
       "Baseline MG94xREV":0.000890602915354326,
       "Baseline MG94xREV omega ratio":10000000000,
       "Corrected P-value":null,
       "Full adaptive model":0.0008882523785647753,
       "Full adaptive model (non-synonymous subs/site)":0.0008882523785647753,
       "Full adaptive model (synonymous subs/site)":1e-10,
       "LRT":null,
       "Nucleotide GTR":0.0008853068719831521,
       "Rate Distributions":        [
[10000000000, 1] 
        ],
       "Rate classes":1,
       "Uncorrected P-value":null,
       "original name":"km055598_NL63_n_china_2008_1"
      },
     "km055602_NL63_n_china_2008_1":{
       "Baseline MG94xREV":0.0009126520245359755,
       "Baseline MG94xREV omega ratio":0,
       "Corrected P-value":null,
       "Full adaptive model":0.0009149576050155743,
       "Full adaptive model (non-synonymous subs/site)":1e-10,
       "Full adaptive model (synonymous subs/site)":0.0009149576050155743,
       "LRT":null,
       "Nucleotide GTR":0.0008854365297964704,
       "Rate Distributions":        [
[0, 1] 
        ],
       "Rate classes":1,
       "Uncorrected P-value":null,
       "original name":"km055602_NL63_n_china_2008_1"
      },
     "km055604_NL63_n_china_2008_2":{
       "Baseline MG94xREV":0.0008937617615418095,
       "Baseline MG94xREV omega ratio":0,
       "Corrected P-value":null,
       "Full adaptive model":0.0008973045019648085,
       "Full adaptive model (non-synonymous subs/site)":1e-10,
       "Full adaptive model (synonymous subs/site)":0.0008973045019648085,
       "LRT":null,
       "Nucleotide GTR":0.0008839872547506833,
       "Rate Distributions":        [
[0, 1] 
        ],
       "Rate classes":1,
       "Uncorrected P-value":null,
       "original name":"km055604_NL63_n_china_2008_2"
      },
     "km055607_NL63_n_china_2008_8":{
       "Baseline MG94xREV":0,
       "Baseline MG94xREV omega ratio":1,
       "Corrected P-value":null,
       "Full adaptive model":0,
       "Full adaptive model (non-synonymous subs/site)":1e-10,
       "Full adaptive model (synonymous subs/site)":1e-10,
       "LRT":null,
       "Nucleotide GTR":0,
       "Rate Distributions":        [
[1, 1] 
        ],
       "Rate classes":1,
       "Uncorrected P-value":null,
       "original name":"km055607_NL63_n_china_2008_8"
      },
     "km055608_NL63_n_china_2008_1":{
       "Baseline MG94xREV":0.0008895297529602639,
       "Baseline MG94xREV omega ratio":10000000000,
       "Corrected P-value":null,
       "Full adaptive model":0.0008878512996094999,
       "Full adaptive model (non-synonymous subs/site)":0.0008878512996094999,
       "Full adaptive model (synonymous subs/site)":1e-10,
       "LRT":null,
       "Nucleotide GTR":0.0008839872562398962,
       "Rate Distributions":        [
[10000000000, 1] 
        ],
       "Rate classes":1,
       "Uncorrected P-value":null,
       "original name":"km055608_NL63_n_china_2008_1"
      },
     "km055611_NL63_n_china_2009_1":{
       "Baseline MG94xREV":0,
       "Baseline MG94xREV omega ratio":1,
       "Corrected P-value":null,
       "Full adaptive model":0,
       "Full adaptive model (non-synonymous subs/site)":1e-10,
       "Full adaptive model (synonymous subs/site)":1e-10,
       "LRT":null,
       "Nucleotide GTR":0,
       "Rate Distributions":        [
[1, 1] 
        ],
       "Rate classes":1,
       "Uncorrected P-value":null,
       "original name":"km055611_NL63_n_china_2009_1"
      },
     "kt359829_NL63_n_malaysia_2012_1":{
       "Baseline MG94xREV":0.0008899477090436908,
       "Baseline MG94xREV omega ratio":0,
       "Corrected P-value":null,
       "Full adaptive model":0.0008934444531950463,
       "Full adaptive model (non-synonymous subs/site)":1e-10,
       "Full adaptive model (synonymous subs/site)":0.0008934444531950463,
       "LRT":null,
       "Nucleotide GTR":0.0008862462032096163,
       "Rate Distributions":        [
[0, 1] 
        ],
       "Rate classes":1,
       "Uncorrected P-value":null,
       "original name":"kt359829_NL63_n_malaysia_2012_1"
      },
     "kt359830_NL63_n_malaysia_2012_18":{
       "Baseline MG94xREV":0,
       "Baseline MG94xREV omega ratio":1,
       "Corrected P-value":null,
       "Full adaptive model":0,
       "Full adaptive model (non-synonymous subs/site)":1e-10,
       "Full adaptive model (synonymous subs/site)":1e-10,
       "LRT":null,
       "Nucleotide GTR":0,
       "Rate Distributions":        [
[1, 1] 
        ],
       "Rate classes":1,
       "Uncorrected P-value":null,
       "original name":"kt359830_NL63_n_malaysia_2012_18"
      },
     "kt359837_NL63_n_malaysia_2012_1":{
       "Baseline MG94xREV":0.0008927964239199152,
       "Baseline MG94xREV omega ratio":10000000000,
       "Corrected P-value":null,
       "Full adaptive model":0.0008909880878212431,
       "Full adaptive model (non-synonymous subs/site)":0.0008909880878212431,
       "Full adaptive model (synonymous subs/site)":1e-10,
       "LRT":null,
       "Nucleotide GTR":0.0008899302240483818,
       "Rate Distributions":        [
[10000000000, 1] 
        ],
       "Rate classes":1,
       "Uncorrected P-value":null,
       "original name":"kt359837_NL63_n_malaysia_2012_1"
      },
     "kt359838_NL63_n_malaysia_2012_4":{
       "Baseline MG94xREV":0,
       "Baseline MG94xREV omega ratio":1,
       "Corrected P-value":null,
       "Full adaptive model":0,
       "Full adaptive model (non-synonymous subs/site)":1e-10,
       "Full adaptive model (synonymous subs/site)":1e-10,
       "LRT":null,
       "Nucleotide GTR":0,
       "Rate Distributions":        [
[1, 1] 
        ],
       "Rate classes":1,
       "Uncorrected P-value":null,
       "original name":"kt359838_NL63_n_malaysia_2012_4"
      },
     "kt359839_NL63_n_malaysia_2012_1":{
       "Baseline MG94xREV":0.000895609043913472,
       "Baseline MG94xREV omega ratio":0,
       "Corrected P-value":null,
       "Full adaptive model":0.0008989741604162882,
       "Full adaptive model (non-synonymous subs/site)":1e-10,
       "Full adaptive model (synonymous subs/site)":0.0008989741604162882,
       "LRT":null,
       "Nucleotide GTR":0.0008866622265053013,
       "Rate Distributions":        [
[0, 1] 
        ],
       "Rate classes":1,
       "Uncorrected P-value":null,
       "original name":"kt359839_NL63_n_malaysia_2012_1"
      },
     "kt359842_NL63_n_malaysia_2012_3":{
       "Baseline MG94xREV":0.0009184515982908788,
       "Baseline MG94xREV omega ratio":0,
       "Corrected P-value":null,
       "Full adaptive model":0.0009206641679701168,
       "Full adaptive model (non-synonymous subs/site)":1e-10,
       "Full adaptive model (synonymous subs/site)":0.0009206641679701168,
       "LRT":null,
       "Nucleotide GTR":0.000889256282093532,
       "Rate Distributions":        [
[0, 1] 
        ],
       "Rate classes":1,
       "Uncorrected P-value":null,
       "original name":"kt359842_NL63_n_malaysia_2012_3"
      },
     "kt359844_NL63_n_malaysia_2012_1":{
       "Baseline MG94xREV":0.0008928187335728294,
       "Baseline MG94xREV omega ratio":10000000000,
       "Corrected P-value":null,
       "Full adaptive model":0.0008908994273798342,
       "Full adaptive model (non-synonymous subs/site)":0.0008908994273798342,
       "Full adaptive model (synonymous subs/site)":1e-10,
       "LRT":null,
       "Nucleotide GTR":0.000891905535687511,
       "Rate Distributions":        [
[10000000000, 1] 
        ],
       "Rate classes":1,
       "Uncorrected P-value":null,
       "original name":"kt359844_NL63_n_malaysia_2012_1"
      },
     "kt359846_NL63_n_malaysia_2012_1":{
       "Baseline MG94xREV":0.0008920586601446572,
       "Baseline MG94xREV omega ratio":10000000000,
       "Corrected P-value":null,
       "Full adaptive model":0.0008900992312666538,
       "Full adaptive model (non-synonymous subs/site)":0.0008900992312666538,
       "Full adaptive model (synonymous subs/site)":1e-10,
       "LRT":null,
       "Nucleotide GTR":0.0008861187539923384,
       "Rate Distributions":        [
[10000000000, 1] 
        ],
       "Rate classes":1,
       "Uncorrected P-value":null,
       "original name":"kt359846_NL63_n_malaysia_2012_1"
      },
     "kt359854_NL63_n_malaysia_2012_1":{
       "Baseline MG94xREV":0.0008924357398521696,
       "Baseline MG94xREV omega ratio":10000000000,
       "Corrected P-value":null,
       "Full adaptive model":0.0008902960976942127,
       "Full adaptive model (non-synonymous subs/site)":0.0008902960976942127,
       "Full adaptive model (synonymous subs/site)":1e-10,
       "LRT":null,
       "Nucleotide GTR":0.0008862462101335432,
       "Rate Distributions":        [
[10000000000, 1] 
        ],
       "Rate classes":1,
       "Uncorrected P-value":null,
       "original name":"kt359854_NL63_n_malaysia_2012_1"
      },
     "kt359855_NL63_n_malaysia_2012_1":{
       "Baseline MG94xREV":0.003613212523115245,
       "Baseline MG94xREV omega ratio":1.472048033182268,
       "Corrected P-value":null,
       "Full adaptive model":0.003607856886605023,
       "Full adaptive model (non-synonymous subs/site)":0.002687615441276077,
       "Full adaptive model (synonymous subs/site)":0.00092024144532894,
       "LRT":null,
       "Nucleotide GTR":0.003580637579350083,
       "Rate Distributions":        [
[1.390243319318921, 1] 
        ],
       "Rate classes":1,
       "Uncorrected P-value":null,
       "original name":"kt359855_NL63_n_malaysia_2012_1"
      },
     "kt359856_NL63_n_malaysia_2012_1":{
       "Baseline MG94xREV":0.0009216968720159508,
       "Baseline MG94xREV omega ratio":0,
       "Corrected P-value":null,
       "Full adaptive model":0.0009241580542833863,
       "Full adaptive model (non-synonymous subs/site)":1e-10,
       "Full adaptive model (synonymous subs/site)":0.0009241580542833863,
       "LRT":null,
       "Nucleotide GTR":0.0008895102934385232,
       "Rate Distributions":        [
[0, 1] 
        ],
       "Rate classes":1,
       "Uncorrected P-value":null,
       "original name":"kt359856_NL63_n_malaysia_2012_1"
      },
     "kt359860_NL63_n_malaysia_2012_1":{
       "Baseline MG94xREV":0.007301178208615418,
       "Baseline MG94xREV omega ratio":1.444908126704866,
       "Corrected P-value":null,
       "Full adaptive model":0.007274448850406903,
       "Full adaptive model (non-synonymous subs/site)":0.005396626687387054,
       "Full adaptive model (synonymous subs/site)":0.001877822163019842,
       "LRT":null,
       "Nucleotide GTR":0.007215692442148064,
       "Rate Distributions":        [
[1.36802298491649, 1] 
        ],
       "Rate classes":1,
       "Uncorrected P-value":null,
       "original name":"kt359860_NL63_n_malaysia_2012_1"
      },
     "kt359869_NL63_n_malaysia_2013_1":{
       "Baseline MG94xREV":0.0008925973139479159,
       "Baseline MG94xREV omega ratio":10000000000,
       "Corrected P-value":null,
       "Full adaptive model":0.0008908786055789735,
       "Full adaptive model (non-synonymous subs/site)":0.0008908786055789735,
       "Full adaptive model (synonymous subs/site)":1e-10,
       "LRT":null,
       "Nucleotide GTR":0.0008895102856363332,
       "Rate Distributions":        [
[10000000000, 1] 
        ],
       "Rate classes":1,
       "Uncorrected P-value":null,
       "original name":"kt359869_NL63_n_malaysia_2013_1"
      },
     "kt359870_NL63_n_malaysia_2013_1":{
       "Baseline MG94xREV":0.002702486246386668,
       "Baseline MG94xREV omega ratio":0.2468280415479445,
       "Corrected P-value":null,
       "Full adaptive model":0.002706378073896106,
       "Full adaptive model (non-synonymous subs/site)":0.0008894962606807239,
       "Full adaptive model (synonymous subs/site)":0.001816881813215384,
       "LRT":null,
       "Nucleotide GTR":0.002667191985677831,
       "Rate Distributions":        [
[0.2330466836333368, 1] 
        ],
       "Rate classes":1,
       "Uncorrected P-value":null,
       "original name":"kt359870_NL63_n_malaysia_2013_1"
      },
     "ky862055_NL63_n_france_15_feb_2015_1":{
       "Baseline MG94xREV":0.0009061829692153649,
       "Baseline MG94xREV omega ratio":0,
       "Corrected P-value":null,
       "Full adaptive model":0.0009089894596707755,
       "Full adaptive model (non-synonymous subs/site)":1e-10,
       "Full adaptive model (synonymous subs/site)":0.0009089894596707755,
       "LRT":null,
       "Nucleotide GTR":0.0008850157893380643,
       "Rate Distributions":        [
[0, 1] 
        ],
       "Rate classes":1,
       "Uncorrected P-value":null,
       "original name":"ky862055_NL63_n_france_15_feb_2015_1"
      },
     "ky862056_NL63_n_france_05_jan_2015_1":{
       "Baseline MG94xREV":0.0008902718182445959,
       "Baseline MG94xREV omega ratio":10000000000,
       "Corrected P-value":null,
       "Full adaptive model":0.0008881634922279828,
       "Full adaptive model (non-synonymous subs/site)":0.0008881634922279828,
       "Full adaptive model (synonymous subs/site)":1e-10,
       "LRT":null,
       "Nucleotide GTR":0.0008850157502059246,
       "Rate Distributions":        [
[10000000000, 1] 
        ],
       "Rate classes":1,
       "Uncorrected P-value":null,
       "original name":"ky862056_NL63_n_france_05_jan_2015_1"
      },
     "ky862057_NL63_n_france_03_jan_2014_1":{
       "Baseline MG94xREV":0.002691496775000317,
       "Baseline MG94xREV omega ratio":0.9824936276963416,
       "Corrected P-value":null,
       "Full adaptive model":0.002689517917963942,
       "Full adaptive model (non-synonymous subs/site)":0.001777361008263419,
       "Full adaptive model (synonymous subs/site)":0.0009121569097005254,
       "LRT":null,
       "Nucleotide GTR":0.002661511065384594,
       "Rate Distributions":        [
[0.9275377074791995, 1] 
        ],
       "Rate classes":1,
       "Uncorrected P-value":null,
       "original name":"ky862057_NL63_n_france_03_jan_2014_1"
      },
     "ky862061_NL63_n_france_17_feb_2012_1":{
       "Baseline MG94xREV":0.0009062576345905219,
       "Baseline MG94xREV omega ratio":0,
       "Corrected P-value":null,
       "Full adaptive model":0.000909128329491088,
       "Full adaptive model (non-synonymous subs/site)":1e-10,
       "Full adaptive model (synonymous subs/site)":0.000909128329491088,
       "LRT":null,
       "Nucleotide GTR":0.0008850157248993092,
       "Rate Distributions":        [
[0, 1] 
        ],
       "Rate classes":1,
       "Uncorrected P-value":null,
       "original name":"ky862061_NL63_n_france_17_feb_2012_1"
      },
     "ky862062_NL63_n_france_01_feb_2012_5":{
       "Baseline MG94xREV":0,
       "Baseline MG94xREV omega ratio":1,
       "Corrected P-value":null,
       "Full adaptive model":0,
       "Full adaptive model (non-synonymous subs/site)":1e-10,
       "Full adaptive model (synonymous subs/site)":1e-10,
       "LRT":null,
       "Nucleotide GTR":0,
       "Rate Distributions":        [
[1, 1] 
        ],
       "Rate classes":1,
       "Uncorrected P-value":null,
       "original name":"ky862062_NL63_n_france_01_feb_2012_5"
      },
     "ky862063_NL63_n_france_08_oct_2011_2":{
       "Baseline MG94xREV":0.0008995766525628827,
       "Baseline MG94xREV omega ratio":0,
       "Corrected P-value":null,
       "Full adaptive model":0.0009027472127174672,
       "Full adaptive model (non-synonymous subs/site)":1e-10,
       "Full adaptive model (synonymous subs/site)":0.0009027472127174672,
       "LRT":null,
       "Nucleotide GTR":0.0008844067104087581,
       "Rate Distributions":        [
[0, 1] 
        ],
       "Rate classes":1,
       "Uncorrected P-value":null,
       "original name":"ky862063_NL63_n_france_08_oct_2011_2"
      },
     "ky862064_NL63_n_france_21_feb_2011_1":{
       "Baseline MG94xREV":0.002722986604229569,
       "Baseline MG94xREV omega ratio":0.2434519913991635,
       "Corrected P-value":null,
       "Full adaptive model":0.002725884052007843,
       "Full adaptive model (non-synonymous subs/site)":0.000888227804561893,
       "Full adaptive model (synonymous subs/site)":0.001837656247445949,
       "LRT":null,
       "Nucleotide GTR":0.002660337525209726,
       "Rate Distributions":        [
[0.2300835484563057, 1] 
        ],
       "Rate classes":1,
       "Uncorrected P-value":null,
       "original name":"ky862064_NL63_n_france_21_feb_2011_1"
      },
     "ky862065_NL63_n_france_17_dec_2010_1":{
       "Baseline MG94xREV":0.0009063223839107568,
       "Baseline MG94xREV omega ratio":0,
       "Corrected P-value":null,
       "Full adaptive model":0.000909236907323817,
       "Full adaptive model (non-synonymous subs/site)":1e-10,
       "Full adaptive model (synonymous subs/site)":0.000909236907323817,
       "LRT":null,
       "Nucleotide GTR":0.0008850157068979927,
       "Rate Distributions":        [
[0, 1] 
        ],
       "Rate classes":1,
       "Uncorrected P-value":null,
       "original name":"ky862065_NL63_n_france_17_dec_2010_1"
      },
     "ky862066_NL63_n_france_05_oct_2010_1":{
       "Baseline MG94xREV":0.001802468777060208,
       "Baseline MG94xREV omega ratio":0.4890185498656778,
       "Corrected P-value":null,
       "Full adaptive model":0.001803253484890027,
       "Full adaptive model (non-synonymous subs/site)":0.0008883219398751608,
       "Full adaptive model (synonymous subs/site)":0.0009149315450148642,
       "LRT":null,
       "Nucleotide GTR":0.001772105728318144,
       "Rate Distributions":        [
[0.4621758675605693, 1] 
        ],
       "Rate classes":1,
       "Uncorrected P-value":null,
       "original name":"ky862066_NL63_n_france_05_oct_2010_1"
      },
     "ky862069_NL63_n_france_19_feb_2008_1":{
       "Baseline MG94xREV":0.0009061929131127254,
       "Baseline MG94xREV omega ratio":0,
       "Corrected P-value":null,
       "Full adaptive model":0.0009090048321865805,
       "Full adaptive model (non-synonymous subs/site)":1e-10,
       "Full adaptive model (synonymous subs/site)":0.0009090048321865805,
       "LRT":null,
       "Nucleotide GTR":0.000885015699290818,
       "Rate Distributions":        [
[0, 1] 
        ],
       "Rate classes":1,
       "Uncorrected P-value":null,
       "original name":"ky862069_NL63_n_france_19_feb_2008_1"
      },
     "ky862070_NL63_n_france_15_feb_2008_1":{
       "Baseline MG94xREV":0.0009090606823078276,
       "Baseline MG94xREV omega ratio":0,
       "Corrected P-value":null,
       "Full adaptive model":0.0009118796093093534,
       "Full adaptive model (non-synonymous subs/site)":1e-10,
       "Full adaptive model (synonymous subs/site)":0.0009118796093093534,
       "LRT":null,
       "Nucleotide GTR":0.0008851779085424972,
       "Rate Distributions":        [
[0, 1] 
        ],
       "Rate classes":1,
       "Uncorrected P-value":null,
       "original name":"ky862070_NL63_n_france_15_feb_2008_1"
      },
     "ky862071_NL63_n_france_23_feb_2005_1":{
       "Baseline MG94xREV":0.001795646179911518,
       "Baseline MG94xREV omega ratio":0.4922475254442765,
       "Corrected P-value":null,
       "Full adaptive model":0.001796979674478614,
       "Full adaptive model (non-synonymous subs/site)":0.0008879950592460672,
       "Full adaptive model (synonymous subs/site)":0.0009089846152325461,
       "LRT":null,
       "Nucleotide GTR":0.001771215320356555,
       "Rate Distributions":        [
[0.465028419266418, 1] 
        ],
       "Rate classes":1,
       "Uncorrected P-value":null,
       "original name":"ky862071_NL63_n_france_23_feb_2005_1"
      },
     "ky862072_NL63_n_france_24_jan_2005_1":{
       "Baseline MG94xREV":0.0009152986954300471,
       "Baseline MG94xREV omega ratio":0,
       "Corrected P-value":null,
       "Full adaptive model":0.0009180131021023593,
       "Full adaptive model (non-synonymous subs/site)":1e-10,
       "Full adaptive model (synonymous subs/site)":0.0009180131021023593,
       "LRT":null,
       "Nucleotide GTR":0.000885728747719029,
       "Rate Distributions":        [
[0, 1] 
        ],
       "Rate classes":1,
       "Uncorrected P-value":null,
       "original name":"ky862072_NL63_n_france_24_jan_2005_1"
      },
     "ky862073_NL63_n_france_18_dec_2004_1":{
       "Baseline MG94xREV":0,
       "Baseline MG94xREV omega ratio":1,
       "Corrected P-value":null,
       "Full adaptive model":0,
       "Full adaptive model (non-synonymous subs/site)":1e-10,
       "Full adaptive model (synonymous subs/site)":1e-10,
       "LRT":null,
       "Nucleotide GTR":0,
       "Rate Distributions":        [
[1, 1] 
        ],
       "Rate classes":1,
       "Uncorrected P-value":null,
       "original name":"ky862073_NL63_n_france_18_dec_2004_1"
      },
     "ky862074_NL63_n_france_11_oct_2004_1":{
       "Baseline MG94xREV":0,
       "Baseline MG94xREV omega ratio":1,
       "Corrected P-value":null,
       "Full adaptive model":0,
       "Full adaptive model (non-synonymous subs/site)":1e-10,
       "Full adaptive model (synonymous subs/site)":1e-10,
       "LRT":null,
       "Nucleotide GTR":0,
       "Rate Distributions":        [
[1, 1] 
        ],
       "Rate classes":1,
       "Uncorrected P-value":null,
       "original name":"ky862074_NL63_n_france_11_oct_2004_1"
      },
     "mg772808_NL63_n_south_korea_2014_11_25_2":{
       "Baseline MG94xREV":0.002689000578531365,
       "Baseline MG94xREV omega ratio":0.9863162881464751,
       "Corrected P-value":null,
       "Full adaptive model":0.002687255723705673,
       "Full adaptive model (non-synonymous subs/site)":0.001778017569395473,
       "Full adaptive model (synonymous subs/site)":0.0009092381543102003,
       "LRT":null,
       "Nucleotide GTR":0.002660187662775562,
       "Rate Distributions":        [
[0.9308589408648815, 1] 
        ],
       "Rate classes":1,
       "Uncorrected P-value":null,
       "original name":"mg772808_NL63_n_south_korea_2014_11_25_2"
      },
     "mk334043_NL63_n_china_15_aug_2018_2":{
       "Baseline MG94xREV":0.0008952070099470283,
       "Baseline MG94xREV omega ratio":0,
       "Corrected P-value":null,
       "Full adaptive model":0.000899081678031587,
       "Full adaptive model (non-synonymous subs/site)":1e-10,
       "Full adaptive model (synonymous subs/site)":0.000899081678031587,
       "LRT":null,
       "Nucleotide GTR":0.0008848873804462363,
       "Rate Distributions":        [
[0, 1] 
        ],
       "Rate classes":1,
       "Uncorrected P-value":null,
       "original name":"mk334043_NL63_n_china_15_aug_2018_2"
      },
     "mk334044_NL63_n_china_13_jul_2018_2":{
       "Baseline MG94xREV":0.0008952062616693768,
       "Baseline MG94xREV omega ratio":0,
       "Corrected P-value":null,
       "Full adaptive model":0.0008988153549492828,
       "Full adaptive model (non-synonymous subs/site)":1e-10,
       "Full adaptive model (synonymous subs/site)":0.0008988153549492828,
       "LRT":null,
       "Nucleotide GTR":0.000884894264532866,
       "Rate Distributions":        [
[0, 1] 
        ],
       "Rate classes":1,
       "Uncorrected P-value":null,
       "original name":"mk334044_NL63_n_china_13_jul_2018_2"
      },
     "mk334045_NL63_n_china_14_aug_2018_25":{
       "Baseline MG94xREV":0,
       "Baseline MG94xREV omega ratio":1,
       "Corrected P-value":null,
       "Full adaptive model":0,
       "Full adaptive model (non-synonymous subs/site)":1e-10,
       "Full adaptive model (synonymous subs/site)":1e-10,
       "LRT":null,
       "Nucleotide GTR":0,
       "Rate Distributions":        [
[1, 1] 
        ],
       "Rate classes":1,
       "Uncorrected P-value":null,
       "original name":"mk334045_NL63_n_china_14_aug_2018_25"
      },
     "mk334046_NL63_n_china_01_sep_2018_2":{
       "Baseline MG94xREV":0.00178116352259743,
       "Baseline MG94xREV omega ratio":10000000000,
       "Corrected P-value":null,
       "Full adaptive model":0.001776588893637896,
       "Full adaptive model (non-synonymous subs/site)":0.001776588893637896,
       "Full adaptive model (synonymous subs/site)":1e-10,
       "LRT":null,
       "Nucleotide GTR":0.001768535458099722,
       "Rate Distributions":        [
[10000000000, 1] 
        ],
       "Rate classes":1,
       "Uncorrected P-value":null,
       "original name":"mk334046_NL63_n_china_01_sep_2018_2"
      },
     "mk334047_NL63_n_china_25_jul_2018_2":{
       "Baseline MG94xREV":0.0008901484893121549,
       "Baseline MG94xREV omega ratio":10000000000,
       "Corrected P-value":null,
       "Full adaptive model":0.0008885372069662405,
       "Full adaptive model (non-synonymous subs/site)":0.0008885372069662405,
       "Full adaptive model (synonymous subs/site)":1e-10,
       "LRT":null,
       "Nucleotide GTR":0.0008897024619865953,
       "Rate Distributions":        [
[10000000000, 1] 
        ],
       "Rate classes":1,
       "Uncorrected P-value":null,
       "original name":"mk334047_NL63_n_china_25_jul_2018_2"
      }
    },
   "attributes":{
     "Baseline MG94xREV":{
       "attribute type":"branch length",
       "display order":1
      },
     "Baseline MG94xREV omega ratio":{
       "attribute type":"branch label",
       "display order":1
      },
     "Corrected P-value":{
       "attribute type":"branch label",
       "display order":6
      },
     "Full adaptive model":{
       "attribute type":"branch length",
       "display order":2
      },
     "Full adaptive model (non-synonymous subs/site)":{
       "attribute type":"branch label",
       "display order":10
      },
     "Full adaptive model (synonymous subs/site)":{
       "attribute type":"branch label",
       "display order":9
      },
     "LRT":{
       "attribute type":"branch label",
       "display order":4
      },
     "Nucleotide GTR":{
       "attribute type":"branch length",
       "display order":0
      },
     "Rate Distributions":{
       "attribute type":"branch label",
       "display order":3
      },
     "Rate classes":{
       "attribute type":"branch label",
       "display order":2
      },
     "Uncorrected P-value":{
       "attribute type":"branch label",
       "display order":5
      },
     "original name":{
       "attribute type":"node label",
       "display order":-1
      }
    }
  },
 "data partitions":{
   "0":{
     "coverage":      [
[0, 1, 2, 3, 4, 5, 6, 7, 8, 9, 10, 11, 12, 13, 14, 15, 16, 17, 18, 19, 20, 21, 22, 23, 24, 25, 26, 27, 28, 29, 30, 31, 32, 33, 34, 35, 36, 37, 38, 39, 40, 41, 42, 43, 44, 45, 46, 47, 48, 49, 50, 51, 52, 53, 54, 55, 56, 57, 58, 59, 60, 61, 62, 63, 64, 65, 66, 67, 68, 69, 70, 71, 72, 73, 74, 75, 76, 77, 78, 79, 80, 81, 82, 83, 84, 85, 86, 87, 88, 89, 90, 91, 92, 93, 94, 95, 96, 97, 98, 99, 100, 101, 102, 103, 104, 105, 106, 107, 108, 109, 110, 111, 112, 113, 114, 115, 116, 117, 118, 119, 120, 121, 122, 123, 124, 125, 126, 127, 128, 129, 130, 131, 132, 133, 134, 135, 136, 137, 138, 139, 140, 141, 142, 143, 144, 145, 146, 147, 148, 149, 150, 151, 152, 153, 154, 155, 156, 157, 158, 159, 160, 161, 162, 163, 164, 165, 166, 167, 168, 169, 170, 171, 172, 173, 174, 175, 176, 177, 178, 179, 180, 181, 182, 183, 184, 185, 186, 187, 188, 189, 190, 191, 192, 193, 194, 195, 196, 197, 198, 199, 200, 201, 202, 203, 204, 205, 206, 207, 208, 209, 210, 211, 212, 213, 214, 215, 216, 217, 218, 219, 220, 221, 222, 223, 224, 225, 226, 227, 228, 229, 230, 231, 232, 233, 234, 235, 236, 237, 238, 239, 240, 241, 242, 243, 244, 245, 246, 247, 248, 249, 250, 251, 252, 253, 254, 255, 256, 257, 258, 259, 260, 261, 262, 263, 264, 265, 266, 267, 268, 269, 270, 271, 272, 273, 274, 275, 276, 277, 278, 279, 280, 281, 282, 283, 284, 285, 286, 287, 288, 289, 290, 291, 292, 293, 294, 295, 296, 297, 298, 299, 300, 301, 302, 303, 304, 305, 306, 307, 308, 309, 310, 311, 312, 313, 314, 315, 316, 317, 318, 319, 320, 321, 322, 323, 324, 325, 326, 327, 328, 329, 330, 331, 332, 333, 334, 335, 336, 337, 338, 339, 340, 341, 342, 343, 344, 345, 346, 347, 348, 349, 350, 351, 352, 353, 354, 355, 356, 357, 358, 359, 360, 361, 362, 363, 364, 365, 366, 367, 368, 369, 370, 371, 372, 373, 374, 375, 376, 377] 
      ],
     "name":"absrel.filter.default"
    }
  },
 "fits":{
   "Baseline MG94xREV":{
     "AIC-c":5200.714363899355,
     "Equilibrium frequencies":      [
[0.018702285296388],
      [0.01230499020321036],
      [0.02027342232993059],
      [0.05456325105211333],
      [0.01348384930026931],
      [0.008871570020024387],
      [0.01461659723211975],
      [0.03933864994892085],
      [0.008356866040688913],
      [0.005498320292444601],
      [0.00905890761009095],
      [0.02438085894642262],
      [0.01148421414257231],
      [0.007555929143226905],
      [0.01244897721053886],
      [0.03350478561667663],
      [0.01436887309186274],
      [0.009453862981156174],
      [0.01557596988710087],
      [0.04192067533044639],
      [0.01035957458219241],
      [0.006815983272799498],
      [0.0112298592035575],
      [0.03022368976642787],
      [0.006420538756701967],
      [0.00422433222723901],
      [0.006959913814674063],
      [0.0187316930802789],
      [0.008823264802097018],
      [0.00580518290837446],
      [0.009564487485188308],
      [0.02574156071659719],
      [0.0179728304086906],
      [0.01182505231837155],
      [0.01948268757347933],
      [0.05243509240530288],
      [0.01295793176553059],
      [0.008525547594951751],
      [0.01404649854506073],
      [0.03780430427800974],
      [0.008030918880616975],
      [0.005283866467797617],
      [0.008705578360287656],
      [0.02342991971932381],
      [0.01103628941011832],
      [0.007261221338417269],
      [0.01196342332612588],
      [0.03219798116780758],
      [0.009778720309455811],
      [0.04336116993201929],
      [0.01071555432590139],
      [0.007050196749359307],
      [0.01161574400697811],
      [0.0312622479863269],
      [0.004369490379406676],
      [0.007199073088670041],
      [0.01937535882630435],
      [0.009126453269732175],
      [0.006004662868435677],
      [0.009893146135857013],
      [0.02662610226932806] 
      ],
     "Log Likelihood":-2385.374958839284,
     "Rate Distributions":{
       "Per-branch omega":{
         "2.5%":0,
         "97.5%":10000000000,
         "Mean":588235294.7373075,
         "Median":0.4932129366187888
        }
      },
     "display order":1,
     "estimated parameters":214
    },
   "Full adaptive model":{
     "AIC-c":5200.714363899355,
     "Log Likelihood":-2384.721852289112,
     "Rate Distributions":{
      },
     "display order":2,
     "estimated parameters":214
    },
   "Nucleotide GTR":{
     "AIC-c":5200.714363899355,
     "Equilibrium frequencies":      [
[0.2661367929571943],
      [0.2052666595383208],
      [0.2085456986372979],
      [0.320050848867187] 
      ],
     "Log Likelihood":-2555.464993403928,
     "Rate Distributions":{
       "Substitution rate from nucleotide A to nucleotide C":0.1773149497552412,
       "Substitution rate from nucleotide A to nucleotide G":1,
       "Substitution rate from nucleotide A to nucleotide T":0.2260931266515691,
       "Substitution rate from nucleotide C to nucleotide G":0.1475336032848314,
       "Substitution rate from nucleotide C to nucleotide T":4.514591088707097,
       "Substitution rate from nucleotide G to nucleotide T":0.4842656717491937
      },
     "display order":0,
     "estimated parameters":155
    }
  },
 "input":{
   "file name":"/data/shares/veg/SARS-CoV-2/coronavirus-comparative-data/data/catted/NL63_N.catted.qa.fasta_protein.aligned.compressed.codon.fas",
   "number of sequences":75,
   "number of sites":378,
   "partition count":1,
   "trees":{
     "0":"((kt359856_NL63_n_malaysia_2012_1,kt359830_NL63_n_malaysia_2012_18,kt359869_NL63_n_malaysia_2013_1,kt359860_NL63_n_malaysia_2012_1,(kt359842_NL63_n_malaysia_2012_3,(ky862066_NL63_n_france_05_oct_2010_1,mg772808_NL63_n_south_korea_2014_11_25_2,((dq462764_NL63_n_netherlands_no_value_1,jq765575_NL63_n_usa_denver_co_21_nov_2005_2)Node16,dq462763_NL63_n_netherlands_no_value_1,(dq462769_NL63_n_netherlands_no_value_1,(gb_JQ900260_Organism_Human_coronavirus_NL63_Strain_Name_NL63_DEN_2005_1120_Segment_null_Host_Human_1,(((km055594_NL63_n_china_2007_2,km055598_NL63_n_china_2008_1,gb_JQ900255_Organism_Human_coronavirus_NL63_Strain_Name_NL63_DEN_2009_6_Segment_null_Host_Human_1)Node61,km055595_NL63_n_china_2007_2,jq765565_NL63_n_usa_denver_co_13_feb_2009_2,jq765570_NL63_n_usa_denver_co_19_jan_2005_2,km055602_NL63_n_china_2008_1,ky862064_NL63_n_france_21_feb_2011_1,ky862055_NL63_n_france_15_feb_2015_1,ky862069_NL63_n_france_19_feb_2008_1,ky862057_NL63_n_france_03_jan_2014_1,ky862061_NL63_n_france_17_feb_2012_1,ky862056_NL63_n_france_05_jan_2015_1,km055591_NL63_n_china_2007_24,ky862070_NL63_n_france_15_feb_2008_1,jq765564_NL63_n_usa_denver_co_01_mar_2009_2,(jq765563_NL63_n_usa_denver_co_16_mar_2009_2,ky862065_NL63_n_france_17_dec_2010_1,gb_KY983586_Organism_Human_coronavirus_NL63_Strain_Name_HCoV_NL63_Seattle_USA_SC2940_2015_Segment_null_Host_Human_1,gb_JQ900256_Organism_Human_coronavirus_NL63_Strain_Name_NL63_DEN_2009_22_Segment_null_Host_Human_1)Node52)Node27,ky862072_NL63_n_france_24_jan_2005_1,ky862062_NL63_n_france_01_feb_2012_5)Node26)Node24)Node22,dq462768_NL63_n_netherlands_no_value_1,kf530114_NL63_n_usa_nashville_tn_03_jan_1989_2,kf530107_NL63_n_usa_nashville_tn_24_jan_1991_2,ky862071_NL63_n_france_23_feb_2005_1,NL63_lcl_NC_005831_2_cds_YP_003771_1_6_locus_tag_HCNV63gp6_db_xref_GeneID_2943504_protein_nucleocapsid_protein_protein_id_YP_003771_1_location_26133_27266_gbkey_CDS__15,((kf530105_NL63_n_usa_nashville_tn_23_feb_2001_2,(dq462765_NL63_n_netherlands_no_value_2,(jq765572_NL63_n_usa_denver_co_01_feb_2005_2,jq765571_NL63_n_usa_denver_co_23_jan_2005_2)Node127)Node125,(ky862074_NL63_n_france_11_oct_2004_1,gb_KY554971_Organism_Human_coronavirus_NL63_Strain_Name_N07_468B_176X_Segment_null_Host_Human_3,jq765574_NL63_n_usa_denver_co_nov_2005_2)Node130)Node123,ky862073_NL63_n_france_18_dec_2004_1)Node122,jq765573_NL63_n_usa_denver_co_12_apr_2005_2,(((((kt359854_NL63_n_malaysia_2012_1,kt359838_NL63_n_malaysia_2012_4,kt359829_NL63_n_malaysia_2012_1,kt359846_NL63_n_malaysia_2012_1)Node103,kt359839_NL63_n_malaysia_2012_1,kt359870_NL63_n_malaysia_2013_1,km055604_NL63_n_china_2008_2,mk334045_NL63_n_china_14_aug_2018_25,gb_JQ900257_Organism_Human_coronavirus_NL63_Strain_Name_NL63_DEN_2009_31_Segment_null_Host_Human_1,ky862063_NL63_n_france_08_oct_2011_2,(mk334044_NL63_n_china_13_jul_2018_2,mk334043_NL63_n_china_15_aug_2018_2)Node92,km055608_NL63_n_china_2008_1,(gb_MG428705_Organism_Human_coronavirus_NL63_Strain_Name_Kilifi_HH_0522_21_May_2010_Segment_null_Host_Human_1,km055607_NL63_n_china_2008_8)Node97)Node82,(mk334046_NL63_n_china_01_sep_2018_2,mk334047_NL63_n_china_25_jul_2018_2)Node112,gb_MN306040_Organism_Human_coronavirus_NL63_Strain_Name_HCoV_NL63_Seattle_USA_SC0768_2019_Segment_null_Host_Human_1)Node81,dq462766_NL63_n_netherlands_no_value_1)Node80,kf530110_NL63_n_usa_nashville_tn_16_aug_1983_2,kf530106_NL63_n_usa_nashville_tn_16_dec_1987_2)Node79,jq765568_NL63_n_usa_denver_co_11_jan_2005_2)Node14,(dq846901_NL63_n_china_beijing_no_value_1,km055611_NL63_n_china_2009_1)Node139)Node9)Node7,kt359837_NL63_n_malaysia_2012_1)Node1,kt359844_NL63_n_malaysia_2012_1,kt359855_NL63_n_malaysia_2012_1)"
    }
  },
 "test results":{
   "P-value threshold":0.05,
   "positive test results":0,
   "tested":25
  },
 "tested":{
   "0":{
     "NL63_lcl_NC_005831_2_cds_YP_003771_1_6_locus_tag_HCNV63gp6_db_xref_GeneID_2943504_protein_nucleocapsid_protein_protein_id_YP_003771_1_location_26133_27266_gbkey_CDS__15":"background",
     "Node1":"test",
     "Node103":"test",
     "Node112":"test",
     "Node122":"test",
     "Node123":"test",
     "Node125":"test",
     "Node127":"test",
     "Node130":"test",
     "Node139":"test",
     "Node14":"test",
     "Node16":"test",
     "Node22":"test",
     "Node24":"test",
     "Node26":"test",
     "Node27":"test",
     "Node52":"test",
     "Node61":"test",
     "Node7":"test",
     "Node79":"test",
     "Node80":"test",
     "Node81":"test",
     "Node82":"test",
     "Node9":"test",
     "Node92":"test",
     "Node97":"test",
     "dq462763_NL63_n_netherlands_no_value_1":"background",
     "dq462764_NL63_n_netherlands_no_value_1":"background",
     "dq462765_NL63_n_netherlands_no_value_2":"background",
     "dq462766_NL63_n_netherlands_no_value_1":"background",
     "dq462768_NL63_n_netherlands_no_value_1":"background",
     "dq462769_NL63_n_netherlands_no_value_1":"background",
     "dq846901_NL63_n_china_beijing_no_value_1":"background",
     "gb_JQ900255_Organism_Human_coronavirus_NL63_Strain_Name_NL63_DEN_2009_6_Segment_null_Host_Human_1":"background",
     "gb_JQ900256_Organism_Human_coronavirus_NL63_Strain_Name_NL63_DEN_2009_22_Segment_null_Host_Human_1":"background",
     "gb_JQ900257_Organism_Human_coronavirus_NL63_Strain_Name_NL63_DEN_2009_31_Segment_null_Host_Human_1":"background",
     "gb_JQ900260_Organism_Human_coronavirus_NL63_Strain_Name_NL63_DEN_2005_1120_Segment_null_Host_Human_1":"background",
     "gb_KY554971_Organism_Human_coronavirus_NL63_Strain_Name_N07_468B_176X_Segment_null_Host_Human_3":"background",
     "gb_KY983586_Organism_Human_coronavirus_NL63_Strain_Name_HCoV_NL63_Seattle_USA_SC2940_2015_Segment_null_Host_Human_1":"background",
     "gb_MG428705_Organism_Human_coronavirus_NL63_Strain_Name_Kilifi_HH_0522_21_May_2010_Segment_null_Host_Human_1":"background",
     "gb_MN306040_Organism_Human_coronavirus_NL63_Strain_Name_HCoV_NL63_Seattle_USA_SC0768_2019_Segment_null_Host_Human_1":"background",
     "jq765563_NL63_n_usa_denver_co_16_mar_2009_2":"background",
     "jq765564_NL63_n_usa_denver_co_01_mar_2009_2":"background",
     "jq765565_NL63_n_usa_denver_co_13_feb_2009_2":"background",
     "jq765568_NL63_n_usa_denver_co_11_jan_2005_2":"background",
     "jq765570_NL63_n_usa_denver_co_19_jan_2005_2":"background",
     "jq765571_NL63_n_usa_denver_co_23_jan_2005_2":"background",
     "jq765572_NL63_n_usa_denver_co_01_feb_2005_2":"background",
     "jq765573_NL63_n_usa_denver_co_12_apr_2005_2":"background",
     "jq765574_NL63_n_usa_denver_co_nov_2005_2":"background",
     "jq765575_NL63_n_usa_denver_co_21_nov_2005_2":"background",
     "kf530105_NL63_n_usa_nashville_tn_23_feb_2001_2":"background",
     "kf530106_NL63_n_usa_nashville_tn_16_dec_1987_2":"background",
     "kf530107_NL63_n_usa_nashville_tn_24_jan_1991_2":"background",
     "kf530110_NL63_n_usa_nashville_tn_16_aug_1983_2":"background",
     "kf530114_NL63_n_usa_nashville_tn_03_jan_1989_2":"background",
     "km055591_NL63_n_china_2007_24":"background",
     "km055594_NL63_n_china_2007_2":"background",
     "km055595_NL63_n_china_2007_2":"background",
     "km055598_NL63_n_china_2008_1":"background",
     "km055602_NL63_n_china_2008_1":"background",
     "km055604_NL63_n_china_2008_2":"background",
     "km055607_NL63_n_china_2008_8":"background",
     "km055608_NL63_n_china_2008_1":"background",
     "km055611_NL63_n_china_2009_1":"background",
     "kt359829_NL63_n_malaysia_2012_1":"background",
     "kt359830_NL63_n_malaysia_2012_18":"background",
     "kt359837_NL63_n_malaysia_2012_1":"background",
     "kt359838_NL63_n_malaysia_2012_4":"background",
     "kt359839_NL63_n_malaysia_2012_1":"background",
     "kt359842_NL63_n_malaysia_2012_3":"background",
     "kt359844_NL63_n_malaysia_2012_1":"background",
     "kt359846_NL63_n_malaysia_2012_1":"background",
     "kt359854_NL63_n_malaysia_2012_1":"background",
     "kt359855_NL63_n_malaysia_2012_1":"background",
     "kt359856_NL63_n_malaysia_2012_1":"background",
     "kt359860_NL63_n_malaysia_2012_1":"background",
     "kt359869_NL63_n_malaysia_2013_1":"background",
     "kt359870_NL63_n_malaysia_2013_1":"background",
     "ky862055_NL63_n_france_15_feb_2015_1":"background",
     "ky862056_NL63_n_france_05_jan_2015_1":"background",
     "ky862057_NL63_n_france_03_jan_2014_1":"background",
     "ky862061_NL63_n_france_17_feb_2012_1":"background",
     "ky862062_NL63_n_france_01_feb_2012_5":"background",
     "ky862063_NL63_n_france_08_oct_2011_2":"background",
     "ky862064_NL63_n_france_21_feb_2011_1":"background",
     "ky862065_NL63_n_france_17_dec_2010_1":"background",
     "ky862066_NL63_n_france_05_oct_2010_1":"background",
     "ky862069_NL63_n_france_19_feb_2008_1":"background",
     "ky862070_NL63_n_france_15_feb_2008_1":"background",
     "ky862071_NL63_n_france_23_feb_2005_1":"background",
     "ky862072_NL63_n_france_24_jan_2005_1":"background",
     "ky862073_NL63_n_france_18_dec_2004_1":"background",
     "ky862074_NL63_n_france_11_oct_2004_1":"background",
     "mg772808_NL63_n_south_korea_2014_11_25_2":"background",
     "mk334043_NL63_n_china_15_aug_2018_2":"background",
     "mk334044_NL63_n_china_13_jul_2018_2":"background",
     "mk334045_NL63_n_china_14_aug_2018_25":"background",
     "mk334046_NL63_n_china_01_sep_2018_2":"background",
     "mk334047_NL63_n_china_25_jul_2018_2":"background"
    }
  },
 "timers":{
   "Baseline model fitting":{
     "order":2,
     "timer":13
    },
   "Complexity analysis":{
     "order":3,
     "timer":233
    },
   "Full adaptive model fitting":{
     "order":4,
     "timer":26
    },
   "Overall":{
     "order":0,
     "timer":351
    },
   "Preliminary model fitting":{
     "order":1,
     "timer":1
    },
   "Testing for selection":{
     "order":5,
     "timer":78
    }
  }
}