{
 "analysis":{
   "authors":"Sergei L Kosakovsky Pond, Ben Murrell, Steven Weaver and Temple iGEM / UCSD viral evolution group",
   "citation":"Less Is More: An Adaptive Branch-Site Random Effects Model for Efficient Detection of Episodic Diversifying Selection (2015). Mol Biol Evol 32 (5): 1342-1353. v2.2 adds support for multiple-hit models",
   "contact":"spond@temple.edu",
   "info":"aBSREL (Adaptive branch-site random effects likelihood)\n                            uses an adaptive random effects branch-site model framework\n                            to test whether each branch has evolved under positive selection,\n                            using a procedure which infers an optimal number of rate categories per branch.",
   "requirements":"in-frame codon alignment and a phylogenetic tree",
   "version":"2.2"
  },
 "branch attributes":{
   "0":{
     "NL63_lcl_NC_005831_2_cds_YP_003769_1_4_locus_tag_HCNV63gp4_db_xref_GeneID_2943502_protein_envelope_protein_protein_id_YP_003769_1_location_25200_25433_gbkey_CDS__3":{
       "Baseline MG94xREV":0.004674238715796602,
       "Baseline MG94xREV omega ratio":0,
       "Corrected P-value":null,
       "Full adaptive model":0.004681623796087828,
       "Full adaptive model (non-synonymous subs/site)":1e-10,
       "Full adaptive model (synonymous subs/site)":0.004681623796087828,
       "LRT":null,
       "Nucleotide GTR":0.004350377392485752,
       "Rate Distributions":        [
[0, 1] 
        ],
       "Rate classes":1,
       "Uncorrected P-value":null,
       "original name":"NL63_lcl_NC_005831_2_cds_YP_003769_1_4_locus_tag_HCNV63gp4_db_xref_GeneID_2943502_protein_envelope_protein_protein_id_YP_003769_1_location_25200_25433_gbkey_CDS__3"
      },
     "Node7":{
       "Baseline MG94xREV":0.004650124004835767,
       "Baseline MG94xREV omega ratio":0,
       "Corrected P-value":1,
       "Full adaptive model":0.00467188096482008,
       "Full adaptive model (non-synonymous subs/site)":1e-10,
       "Full adaptive model (synonymous subs/site)":0.00467188096482008,
       "LRT":0,
       "Nucleotide GTR":0.004350377392171539,
       "Rate Distributions":        [
[0, 1] 
        ],
       "Rate classes":1,
       "Uncorrected P-value":1
      },
     "Node9":{
       "Baseline MG94xREV":0.009591665433773966,
       "Baseline MG94xREV omega ratio":0,
       "Corrected P-value":1,
       "Full adaptive model":0.009614637969224396,
       "Full adaptive model (non-synonymous subs/site)":1e-10,
       "Full adaptive model (synonymous subs/site)":0.009614637969224396,
       "LRT":0,
       "Nucleotide GTR":0.008790527501759413,
       "Rate Distributions":        [
[0, 1] 
        ],
       "Rate classes":1,
       "Uncorrected P-value":1
      },
     "jq765573_NL63_e_usa_denver_co_12_apr_2005_2":{
       "Baseline MG94xREV":0,
       "Baseline MG94xREV omega ratio":1,
       "Corrected P-value":null,
       "Full adaptive model":0,
       "Full adaptive model (non-synonymous subs/site)":1e-10,
       "Full adaptive model (synonymous subs/site)":1e-10,
       "LRT":null,
       "Nucleotide GTR":0,
       "Rate Distributions":        [
[1, 1] 
        ],
       "Rate classes":1,
       "Uncorrected P-value":null,
       "original name":"jq765573_NL63_e_usa_denver_co_12_apr_2005_2"
      },
     "kf530106_NL63_e_usa_nashville_tn_16_dec_1987_4":{
       "Baseline MG94xREV":0.004674238715773786,
       "Baseline MG94xREV omega ratio":0,
       "Corrected P-value":null,
       "Full adaptive model":0.004681623796064983,
       "Full adaptive model (non-synonymous subs/site)":1e-10,
       "Full adaptive model (synonymous subs/site)":0.004681623796064983,
       "LRT":null,
       "Nucleotide GTR":0.004350377392457834,
       "Rate Distributions":        [
[0, 1] 
        ],
       "Rate classes":1,
       "Uncorrected P-value":null,
       "original name":"kf530106_NL63_e_usa_nashville_tn_16_dec_1987_4"
      },
     "kf530112_NL63_e_usa_nashville_tn_21_nov_2001_2":{
       "Baseline MG94xREV":0.00459437777547083,
       "Baseline MG94xREV omega ratio":0,
       "Corrected P-value":null,
       "Full adaptive model":0.004614105208140073,
       "Full adaptive model (non-synonymous subs/site)":1e-10,
       "Full adaptive model (synonymous subs/site)":0.004614105208140073,
       "LRT":null,
       "Nucleotide GTR":0.004327996283532136,
       "Rate Distributions":        [
[0, 1] 
        ],
       "Rate classes":1,
       "Uncorrected P-value":null,
       "original name":"kf530112_NL63_e_usa_nashville_tn_21_nov_2001_2"
      },
     "kx179500_NL63_e_usa_sep_2015_21":{
       "Baseline MG94xREV":0.004674238715762734,
       "Baseline MG94xREV omega ratio":0,
       "Corrected P-value":null,
       "Full adaptive model":0.004681623795922711,
       "Full adaptive model (non-synonymous subs/site)":1e-10,
       "Full adaptive model (synonymous subs/site)":0.004681623795922711,
       "LRT":null,
       "Nucleotide GTR":0.004350377392469347,
       "Rate Distributions":        [
[0, 1] 
        ],
       "Rate classes":1,
       "Uncorrected P-value":null,
       "original name":"kx179500_NL63_e_usa_sep_2015_21"
      },
     "mg772808_NL63_e_south_korea_2014_11_25_41":{
       "Baseline MG94xREV":0,
       "Baseline MG94xREV omega ratio":1,
       "Corrected P-value":null,
       "Full adaptive model":0,
       "Full adaptive model (non-synonymous subs/site)":1e-10,
       "Full adaptive model (synonymous subs/site)":1e-10,
       "LRT":null,
       "Nucleotide GTR":0,
       "Rate Distributions":        [
[1, 1] 
        ],
       "Rate classes":1,
       "Uncorrected P-value":null,
       "original name":"mg772808_NL63_e_south_korea_2014_11_25_41"
      },
     "mk334043_NL63_e_china_15_aug_2018_4":{
       "Baseline MG94xREV":0.004739363610680236,
       "Baseline MG94xREV omega ratio":0,
       "Corrected P-value":null,
       "Full adaptive model":0.004748008092726953,
       "Full adaptive model (non-synonymous subs/site)":1e-10,
       "Full adaptive model (synonymous subs/site)":0.004748008092726953,
       "LRT":null,
       "Nucleotide GTR":0.004378294884548167,
       "Rate Distributions":        [
[0, 1] 
        ],
       "Rate classes":1,
       "Uncorrected P-value":null,
       "original name":"mk334043_NL63_e_china_15_aug_2018_4"
      },
     "mk334045_NL63_e_china_14_aug_2018_22":{
       "Baseline MG94xREV":0,
       "Baseline MG94xREV omega ratio":1,
       "Corrected P-value":null,
       "Full adaptive model":0,
       "Full adaptive model (non-synonymous subs/site)":1e-10,
       "Full adaptive model (synonymous subs/site)":1e-10,
       "LRT":null,
       "Nucleotide GTR":0,
       "Rate Distributions":        [
[1, 1] 
        ],
       "Rate classes":1,
       "Uncorrected P-value":null,
       "original name":"mk334045_NL63_e_china_14_aug_2018_22"
      }
    },
   "attributes":{
     "Baseline MG94xREV":{
       "attribute type":"branch length",
       "display order":1
      },
     "Baseline MG94xREV omega ratio":{
       "attribute type":"branch label",
       "display order":1
      },
     "Corrected P-value":{
       "attribute type":"branch label",
       "display order":6
      },
     "Full adaptive model":{
       "attribute type":"branch length",
       "display order":2
      },
     "Full adaptive model (non-synonymous subs/site)":{
       "attribute type":"branch label",
       "display order":10
      },
     "Full adaptive model (synonymous subs/site)":{
       "attribute type":"branch label",
       "display order":9
      },
     "LRT":{
       "attribute type":"branch label",
       "display order":4
      },
     "Nucleotide GTR":{
       "attribute type":"branch length",
       "display order":0
      },
     "Rate Distributions":{
       "attribute type":"branch label",
       "display order":3
      },
     "Rate classes":{
       "attribute type":"branch label",
       "display order":2
      },
     "Uncorrected P-value":{
       "attribute type":"branch label",
       "display order":5
      },
     "original name":{
       "attribute type":"node label",
       "display order":-1
      }
    }
  },
 "data partitions":{
   "0":{
     "coverage":      [
[0, 1, 2, 3, 4, 5, 6, 7, 8, 9, 10, 11, 12, 13, 14, 15, 16, 17, 18, 19, 20, 21, 22, 23, 24, 25, 26, 27, 28, 29, 30, 31, 32, 33, 34, 35, 36, 37, 38, 39, 40, 41, 42, 43, 44, 45, 46, 47, 48, 49, 50, 51, 52, 53, 54, 55, 56, 57, 58, 59, 60, 61, 62, 63, 64, 65, 66, 67, 68, 69, 70, 71, 72, 73, 74, 75, 76, 77] 
      ],
     "name":"absrel.filter.default"
    }
  },
 "fits":{
   "Baseline MG94xREV":{
     "AIC-c":724.3266606211395,
     "Equilibrium frequencies":      [
[0.0219369748295553],
      [0.01014571761293355],
      [0.01065035080838524],
      [0.03539390202421203],
      [0.01090871652929653],
      [0.005045215134981613],
      [0.005296156776809042],
      [0.01760051452161192],
      [0.007669899176788541],
      [0.003547281782104571],
      [0.003723718403856102],
      [0.01237489043535276],
      [0.03968137572773736],
      [0.01835239524840628],
      [0.01926521661912822],
      [0.06402335488853511],
      [0.01559117525184903],
      [0.007210823852790326],
      [0.007569479713469335],
      [0.02515536137475024],
      [0.007753106912073355],
      [0.003585764854267925],
      [0.003764115567897179],
      [0.01250914077995175],
      [0.005451195671164787],
      [0.002521144887214371],
      [0.002646542956544612],
      [0.008795154619043994],
      [0.02820257980020498],
      [0.01304352185441716],
      [0.01369228760608244],
      [0.04550305381823293],
      [0.01596081484868889],
      [0.007381779921128573],
      [0.007748938887288994],
      [0.02575175115850442],
      [0.007936919566792586],
      [0.00367077709059289],
      [0.003853356188857497],
      [0.01280571071005795],
      [0.005580434021554414],
      [0.00258091683927259],
      [0.002709287878314413],
      [0.009003672409076667],
      [0.02887121382290032],
      [0.01335276102861391],
      [0.01401690788574529],
      [0.04658185193297797],
      [0.01255332776799204],
      [0.04379298439488713],
      [0.01349738868602086],
      [0.006242460283806956],
      [0.006552951153026699],
      [0.02177717102962161],
      [0.004389062715427782],
      [0.004607368292975173],
      [0.01531149019266424],
      [0.04909788886299386],
      [0.02270747537732525],
      [0.02383691208130887],
      [0.07921629493193354] 
      ],
     "Log Likelihood":-326.3162571760927,
     "Rate Distributions":{
       "Per-branch omega":{
         "2.5%":0,
         "97.5%":1,
         "Mean":0.5,
         "Median":0.5
        }
      },
     "display order":1,
     "estimated parameters":34
    },
   "Full adaptive model":{
     "AIC-c":724.3266606211395,
     "Log Likelihood":-326.1429567961385,
     "Rate Distributions":{
      },
     "display order":2,
     "estimated parameters":34
    },
   "Nucleotide GTR":{
     "AIC-c":724.3266606211395,
     "Equilibrium frequencies":      [
[0.2635281385281386],
      [0.1607142857142858],
      [0.1428571428571428],
      [0.432900432900433] 
      ],
     "Log Likelihood":-343.5769385745469,
     "Rate Distributions":{
       "Substitution rate from nucleotide A to nucleotide C":0,
       "Substitution rate from nucleotide A to nucleotide G":1,
       "Substitution rate from nucleotide A to nucleotide T":2.992724203856147,
       "Substitution rate from nucleotide C to nucleotide G":0,
       "Substitution rate from nucleotide C to nucleotide T":34.0830719849186,
       "Substitution rate from nucleotide G to nucleotide T":0
      },
     "display order":0,
     "estimated parameters":21
    }
  },
 "input":{
   "file name":"/data/shares/veg/SARS-CoV-2/coronavirus-comparative-data/data/catted/NL63_E.catted.qa.fasta_protein.aligned.compressed.codon.fas",
   "number of sequences":8,
   "number of sites":78,
   "partition count":1,
   "trees":{
     "0":"(kx179500_NL63_e_usa_sep_2015_21,kf530106_NL63_e_usa_nashville_tn_16_dec_1987_4,kf530112_NL63_e_usa_nashville_tn_21_nov_2001_2,mg772808_NL63_e_south_korea_2014_11_25_41,(jq765573_NL63_e_usa_denver_co_12_apr_2005_2,(mk334043_NL63_e_china_15_aug_2018_4,mk334045_NL63_e_china_14_aug_2018_22)Node9)Node7,NL63_lcl_NC_005831_2_cds_YP_003769_1_4_locus_tag_HCNV63gp4_db_xref_GeneID_2943502_protein_envelope_protein_protein_id_YP_003769_1_location_25200_25433_gbkey_CDS__3)"
    }
  },
 "test results":{
   "P-value threshold":0.05,
   "positive test results":0,
   "tested":2
  },
 "tested":{
   "0":{
     "NL63_lcl_NC_005831_2_cds_YP_003769_1_4_locus_tag_HCNV63gp4_db_xref_GeneID_2943502_protein_envelope_protein_protein_id_YP_003769_1_location_25200_25433_gbkey_CDS__3":"background",
     "Node7":"test",
     "Node9":"test",
     "jq765573_NL63_e_usa_denver_co_12_apr_2005_2":"background",
     "kf530106_NL63_e_usa_nashville_tn_16_dec_1987_4":"background",
     "kf530112_NL63_e_usa_nashville_tn_21_nov_2001_2":"background",
     "kx179500_NL63_e_usa_sep_2015_21":"background",
     "mg772808_NL63_e_south_korea_2014_11_25_41":"background",
     "mk334043_NL63_e_china_15_aug_2018_4":"background",
     "mk334045_NL63_e_china_14_aug_2018_22":"background"
    }
  },
 "timers":{
   "Baseline model fitting":{
     "order":2,
     "timer":1
    },
   "Complexity analysis":{
     "order":3,
     "timer":20
    },
   "Full adaptive model fitting":{
     "order":4,
     "timer":0
    },
   "Overall":{
     "order":0,
     "timer":21
    },
   "Preliminary model fitting":{
     "order":1,
     "timer":0
    },
   "Testing for selection":{
     "order":5,
     "timer":0
    }
  }
}