{
 "analysis":{
   "authors":"Sergei L Kosakovsky Pond, Ben Murrell, Steven Weaver and Temple iGEM / UCSD viral evolution group",
   "citation":"Less Is More: An Adaptive Branch-Site Random Effects Model for Efficient Detection of Episodic Diversifying Selection (2015). Mol Biol Evol 32 (5): 1342-1353. v2.2 adds support for multiple-hit models",
   "contact":"spond@temple.edu",
   "info":"aBSREL (Adaptive branch-site random effects likelihood)\n                            uses an adaptive random effects branch-site model framework\n                            to test whether each branch has evolved under positive selection,\n                            using a procedure which infers an optimal number of rate categories per branch.",
   "requirements":"in-frame codon alignment and a phylogenetic tree",
   "version":"2.2"
  },
 "branch attributes":{
   "0":{
     "NL63_lcl_NC_005831_2_cds_YP_003767_1_2_locus_tag_HCNV63gp2_db_xref_GeneID_2943499_protein_spike_protein_protein_id_YP_003767_1_location_20472_24542_gbkey_CDS__1":{
       "Baseline MG94xREV":0.0004927192406329916,
       "Baseline MG94xREV omega ratio":0,
       "Corrected P-value":null,
       "Full adaptive model":0.0004963634551435526,
       "Full adaptive model (non-synonymous subs/site)":1e-10,
       "Full adaptive model (synonymous subs/site)":0.0004963634551435526,
       "LRT":null,
       "Nucleotide GTR":0.0004916880578671968,
       "Rate Distributions":        [
[0, 1] 
        ],
       "Rate classes":1,
       "Uncorrected P-value":null,
       "original name":"NL63_lcl_NC_005831_2_cds_YP_003767_1_2_locus_tag_HCNV63gp2_db_xref_GeneID_2943499_protein_spike_protein_protein_id_YP_003767_1_location_20472_24542_gbkey_CDS__1"
      },
     "Node10":{
       "Baseline MG94xREV":0.00634039289216103,
       "Baseline MG94xREV omega ratio":0.03831900664491576,
       "Corrected P-value":1,
       "Full adaptive model":0.006362734191464492,
       "Full adaptive model (non-synonymous subs/site)":0.00049784309211628,
       "Full adaptive model (synonymous subs/site)":0.005864891099348212,
       "LRT":0,
       "Nucleotide GTR":0.006240744326770669,
       "Rate Distributions":        [
[0.0313438376234623, 1] 
        ],
       "Rate classes":1,
       "Uncorrected P-value":1
      },
     "Node100":{
       "Baseline MG94xREV":0.00049284263323423,
       "Baseline MG94xREV omega ratio":0.4627501567341304,
       "Corrected P-value":1,
       "Full adaptive model":0.0004932558104700969,
       "Full adaptive model (non-synonymous subs/site)":0.0002491432948954902,
       "Full adaptive model (synonymous subs/site)":0.0002441125155746066,
       "LRT":0,
       "Nucleotide GTR":0.0004919218318922261,
       "Rate Distributions":        [
[0.3768589149417401, 1] 
        ],
       "Rate classes":1,
       "Uncorrected P-value":1
      },
     "Node101":{
       "Baseline MG94xREV":0.0002549897612457784,
       "Baseline MG94xREV omega ratio":0,
       "Corrected P-value":1,
       "Full adaptive model":0.0002566794813760666,
       "Full adaptive model (non-synonymous subs/site)":1e-10,
       "Full adaptive model (synonymous subs/site)":0.0002566794813760666,
       "LRT":0,
       "Nucleotide GTR":0.0002713943702709685,
       "Rate Distributions":        [
[0, 1] 
        ],
       "Rate classes":1,
       "Uncorrected P-value":1
      },
     "Node102":{
       "Baseline MG94xREV":0.0002431204609451117,
       "Baseline MG94xREV omega ratio":0,
       "Corrected P-value":1,
       "Full adaptive model":0.0002452062739369188,
       "Full adaptive model (non-synonymous subs/site)":1e-10,
       "Full adaptive model (synonymous subs/site)":0.0002452062739369188,
       "LRT":0,
       "Nucleotide GTR":0.0002455506155600977,
       "Rate Distributions":        [
[0, 1] 
        ],
       "Rate classes":1,
       "Uncorrected P-value":1
      },
     "Node105":{
       "Baseline MG94xREV":0.0004884354145704544,
       "Baseline MG94xREV omega ratio":0,
       "Corrected P-value":1,
       "Full adaptive model":0.0004924492221141239,
       "Full adaptive model (non-synonymous subs/site)":1e-10,
       "Full adaptive model (synonymous subs/site)":0.0004924492221141239,
       "LRT":0,
       "Nucleotide GTR":0.0004915286335847407,
       "Rate Distributions":        [
[0, 1] 
        ],
       "Rate classes":1,
       "Uncorrected P-value":1
      },
     "Node107":{
       "Baseline MG94xREV":0.0007399726148230439,
       "Baseline MG94xREV omega ratio":0.2287505954749099,
       "Corrected P-value":1,
       "Full adaptive model":0.000742509790875205,
       "Full adaptive model (non-synonymous subs/site)":0.0002492382896223623,
       "Full adaptive model (synonymous subs/site)":0.0004932715012528424,
       "LRT":0,
       "Nucleotide GTR":0.0007376403559945476,
       "Rate Distributions":        [
[0.1865728189084079, 1] 
        ],
       "Rate classes":1,
       "Uncorrected P-value":1
      },
     "Node11":{
       "Baseline MG94xREV":0.002454828990147357,
       "Baseline MG94xREV omega ratio":0.05086960802053549,
       "Corrected P-value":1,
       "Full adaptive model":0.002470481929773064,
       "Full adaptive model (non-synonymous subs/site)":0.0002495263850115996,
       "Full adaptive model (synonymous subs/site)":0.002220955544761464,
       "LRT":0,
       "Nucleotide GTR":0.002292157405328804,
       "Rate Distributions":        [
[0.0414854920005382, 1] 
        ],
       "Rate classes":1,
       "Uncorrected P-value":1
      },
     "Node114":{
       "Baseline MG94xREV":0.001903208998075565,
       "Baseline MG94xREV omega ratio":0,
       "Corrected P-value":1,
       "Full adaptive model":0.00192195760124391,
       "Full adaptive model (non-synonymous subs/site)":1e-10,
       "Full adaptive model (synonymous subs/site)":0.00192195760124391,
       "LRT":0,
       "Nucleotide GTR":0.00204139878179203,
       "Rate Distributions":        [
[0, 1] 
        ],
       "Rate classes":1,
       "Uncorrected P-value":1
      },
     "Node115":{
       "Baseline MG94xREV":0.001244297343974093,
       "Baseline MG94xREV omega ratio":0.1125104642152207,
       "Corrected P-value":1,
       "Full adaptive model":0.001249191079650518,
       "Full adaptive model (non-synonymous subs/site)":0.0002487355893731697,
       "Full adaptive model (synonymous subs/site)":0.001000455490277346,
       "LRT":0,
       "Nucleotide GTR":0.001211677938431695,
       "Rate Distributions":        [
[0.09180361712493693, 1] 
        ],
       "Rate classes":1,
       "Uncorrected P-value":1
      },
     "Node12":{
       "Baseline MG94xREV":0.0007412408603613417,
       "Baseline MG94xREV omega ratio":0.2281584908175385,
       "Corrected P-value":1,
       "Full adaptive model":0.0007430271634938109,
       "Full adaptive model (non-synonymous subs/site)":0.0002490078767426578,
       "Full adaptive model (synonymous subs/site)":0.0004940192867511529,
       "LRT":0,
       "Nucleotide GTR":0.0007388377076522585,
       "Rate Distributions":        [
[0.1861181884108928, 1] 
        ],
       "Rate classes":1,
       "Uncorrected P-value":1
      },
     "Node121":{
       "Baseline MG94xREV":0.003226683539647363,
       "Baseline MG94xREV omega ratio":0.2842946021554031,
       "Corrected P-value":1,
       "Full adaptive model":0.003236873193338656,
       "Full adaptive model (non-synonymous subs/site)":0.001246281842871911,
       "Full adaptive model (synonymous subs/site)":0.001990591350466744,
       "LRT":0,
       "Nucleotide GTR":0.003079338978314788,
       "Rate Distributions":        [
[0.2311818799323967, 1] 
        ],
       "Rate classes":1,
       "Uncorrected P-value":1
      },
     "Node122":{
       "Baseline MG94xREV":0.003106132548662328,
       "Baseline MG94xREV omega ratio":0,
       "Corrected P-value":1,
       "Full adaptive model":0.00310943964546684,
       "Full adaptive model (non-synonymous subs/site)":1e-10,
       "Full adaptive model (synonymous subs/site)":0.00310943964546684,
       "LRT":0,
       "Nucleotide GTR":0.003129307536064675,
       "Rate Distributions":        [
[0, 1] 
        ],
       "Rate classes":1,
       "Uncorrected P-value":1
      },
     "Node131":{
       "Baseline MG94xREV":0.001535968710291223,
       "Baseline MG94xREV omega ratio":0,
       "Corrected P-value":1,
       "Full adaptive model":0.001543772258124662,
       "Full adaptive model (non-synonymous subs/site)":1e-10,
       "Full adaptive model (synonymous subs/site)":0.001543772258124662,
       "LRT":0,
       "Nucleotide GTR":0.001528566449423576,
       "Rate Distributions":        [
[0, 1] 
        ],
       "Rate classes":1,
       "Uncorrected P-value":1
      },
     "Node134":{
       "Baseline MG94xREV":0.0009797009212323779,
       "Baseline MG94xREV omega ratio":0,
       "Corrected P-value":1,
       "Full adaptive model":0.0009876120090693697,
       "Full adaptive model (non-synonymous subs/site)":1e-10,
       "Full adaptive model (synonymous subs/site)":0.0009876120090693697,
       "LRT":0,
       "Nucleotide GTR":0.0009455067219148387,
       "Rate Distributions":        [
[0, 1] 
        ],
       "Rate classes":1,
       "Uncorrected P-value":1
      },
     "Node137":{
       "Baseline MG94xREV":0.0009992546444727937,
       "Baseline MG94xREV omega ratio":0.4495802014066262,
       "Corrected P-value":1,
       "Full adaptive model":0.0009984650293034549,
       "Full adaptive model (non-synonymous subs/site)":0.0004976262961070818,
       "Full adaptive model (synonymous subs/site)":0.0005008387331963731,
       "LRT":0,
       "Nucleotide GTR":0.0009872464838277448,
       "Rate Distributions":        [
[0.3668808547577706, 1] 
        ],
       "Rate classes":1,
       "Uncorrected P-value":1
      },
     "Node15":{
       "Baseline MG94xREV":0.000250826734805708,
       "Baseline MG94xREV omega ratio":10000000000,
       "Corrected P-value":1,
       "Full adaptive model":0.0002489662401345627,
       "Full adaptive model (non-synonymous subs/site)":0.0002489662401345627,
       "Full adaptive model (synonymous subs/site)":1e-10,
       "LRT":1.170318945423787,
       "Nucleotide GTR":0.0002457144176316289,
       "Rate Distributions":        [
[10000000000, 1] 
        ],
       "Rate classes":1,
       "Uncorrected P-value":0.2229722508210397
      },
     "Node19":{
       "Baseline MG94xREV":0.0002506994219836268,
       "Baseline MG94xREV omega ratio":10000000000,
       "Corrected P-value":1,
       "Full adaptive model":0.000248822416678071,
       "Full adaptive model (non-synonymous subs/site)":0.000248822416678071,
       "Full adaptive model (synonymous subs/site)":1e-10,
       "LRT":0.6292228651254845,
       "Nucleotide GTR":0.0002447116804661256,
       "Rate Distributions":        [
[10000000000, 1] 
        ],
       "Rate classes":1,
       "Uncorrected P-value":0.304549853553767
      },
     "Node20":{
       "Baseline MG94xREV":0.0002509689694906518,
       "Baseline MG94xREV omega ratio":10000000000,
       "Corrected P-value":1,
       "Full adaptive model":0.0002489695487184351,
       "Full adaptive model (non-synonymous subs/site)":0.0002489695487184351,
       "Full adaptive model (synonymous subs/site)":1e-10,
       "LRT":0.6347794004432217,
       "Nucleotide GTR":0.0002460241393577781,
       "Rate Distributions":        [
[10000000000, 1] 
        ],
       "Rate classes":1,
       "Uncorrected P-value":0.3035356137109605
      },
     "Node24":{
       "Baseline MG94xREV":0.001488271571435889,
       "Baseline MG94xREV omega ratio":0.09041652060146997,
       "Corrected P-value":1,
       "Full adaptive model":0.001494136996071942,
       "Full adaptive model (non-synonymous subs/site)":0.0002489873619084639,
       "Full adaptive model (synonymous subs/site)":0.001245149634163478,
       "LRT":0,
       "Nucleotide GTR":0.001479648105337823,
       "Rate Distributions":        [
[0.07383722974351485, 1] 
        ],
       "Rate classes":1,
       "Uncorrected P-value":1
      },
     "Node25":{
       "Baseline MG94xREV":0.001491242338622934,
       "Baseline MG94xREV omega ratio":0,
       "Corrected P-value":1,
       "Full adaptive model":0.001500302966525071,
       "Full adaptive model (non-synonymous subs/site)":1e-10,
       "Full adaptive model (synonymous subs/site)":0.001500302966525071,
       "LRT":0,
       "Nucleotide GTR":0.001479748248002506,
       "Rate Distributions":        [
[0, 1] 
        ],
       "Rate classes":1,
       "Uncorrected P-value":1
      },
     "Node36":{
       "Baseline MG94xREV":0.0002442830991122491,
       "Baseline MG94xREV omega ratio":0,
       "Corrected P-value":1,
       "Full adaptive model":0.0002463458805795359,
       "Full adaptive model (non-synonymous subs/site)":1e-10,
       "Full adaptive model (synonymous subs/site)":0.0002463458805795359,
       "LRT":0,
       "Nucleotide GTR":0.0002455266030611864,
       "Rate Distributions":        [
[0, 1] 
        ],
       "Rate classes":1,
       "Uncorrected P-value":1
      },
     "Node37":{
       "Baseline MG94xREV":0.00110454973047251,
       "Baseline MG94xREV omega ratio":0.372767804372279,
       "Corrected P-value":1,
       "Full adaptive model":0.001106383048247109,
       "Full adaptive model (non-synonymous subs/site)":0.0004988955589583295,
       "Full adaptive model (synonymous subs/site)":0.000607487489288779,
       "LRT":0,
       "Nucleotide GTR":0.001093900796836938,
       "Rate Distributions":        [
[0.3032438036172826, 1] 
        ],
       "Rate classes":1,
       "Uncorrected P-value":1
      },
     "Node39":{
       "Baseline MG94xREV":0.002760644856736121,
       "Baseline MG94xREV omega ratio":0.04460282329588927,
       "Corrected P-value":1,
       "Full adaptive model":0.002770890517036523,
       "Full adaptive model (non-synonymous subs/site)":0.0002491355394303162,
       "Full adaptive model (synonymous subs/site)":0.002521754977606205,
       "LRT":0,
       "Nucleotide GTR":0.0027194449136731,
       "Rate Distributions":        [
[0.03647979873551353, 1] 
        ],
       "Rate classes":1,
       "Uncorrected P-value":1
      },
     "Node43":{
       "Baseline MG94xREV":0.0002451476436583141,
       "Baseline MG94xREV omega ratio":0,
       "Corrected P-value":1,
       "Full adaptive model":0.0002470473874012648,
       "Full adaptive model (non-synonymous subs/site)":1e-10,
       "Full adaptive model (synonymous subs/site)":0.0002470473874012648,
       "LRT":0,
       "Nucleotide GTR":0.0002458090482731273,
       "Rate Distributions":        [
[0, 1] 
        ],
       "Rate classes":1,
       "Uncorrected P-value":1
      },
     "Node47":{
       "Baseline MG94xREV":0.0002449424083703408,
       "Baseline MG94xREV omega ratio":0,
       "Corrected P-value":1,
       "Full adaptive model":0.0002468580467222574,
       "Full adaptive model (non-synonymous subs/site)":1e-10,
       "Full adaptive model (synonymous subs/site)":0.0002468580467222574,
       "LRT":0,
       "Nucleotide GTR":0.0002456964132520957,
       "Rate Distributions":        [
[0, 1] 
        ],
       "Rate classes":1,
       "Uncorrected P-value":1
      },
     "Node5":{
       "Baseline MG94xREV":0.00123841333414284,
       "Baseline MG94xREV omega ratio":0.1131795651324442,
       "Corrected P-value":1,
       "Full adaptive model":0.001244099131102698,
       "Full adaptive model (non-synonymous subs/site)":0.0002487687699410101,
       "Full adaptive model (synonymous subs/site)":0.0009953303611616876,
       "LRT":0,
       "Nucleotide GTR":0.001231088073347573,
       "Rate Distributions":        [
[0.09228863929453122, 1] 
        ],
       "Rate classes":1,
       "Uncorrected P-value":1
      },
     "Node50":{
       "Baseline MG94xREV":0.0002454840508279351,
       "Baseline MG94xREV omega ratio":0,
       "Corrected P-value":1,
       "Full adaptive model":0.0002471982177361654,
       "Full adaptive model (non-synonymous subs/site)":1e-10,
       "Full adaptive model (synonymous subs/site)":0.0002471982177361654,
       "LRT":0,
       "Nucleotide GTR":0.0002458880537808465,
       "Rate Distributions":        [
[0, 1] 
        ],
       "Rate classes":1,
       "Uncorrected P-value":1
      },
     "Node55":{
       "Baseline MG94xREV":0.005921136507811884,
       "Baseline MG94xREV omega ratio":0.2298319183402,
       "Corrected P-value":0.1600983384675675,
       "Full adaptive model":2.262374213687267,
       "Full adaptive model (non-synonymous subs/site)":2.258658510365683,
       "Full adaptive model (synonymous subs/site)":0.003715703321584337,
       "LRT":9.07768927327561,
       "Nucleotide GTR":0.00577391565974609,
       "Rate Distributions":        [
[0.1071937215207402, 0.997756520073963],
        [100000, 0.002243479926037018] 
        ],
       "Rate classes":2,
       "Uncorrected P-value":0.003723217173664362
      },
     "Node57":{
       "Baseline MG94xREV":0.000446722043656009,
       "Baseline MG94xREV omega ratio":0.5706661410563301,
       "Corrected P-value":1,
       "Full adaptive model":0.0004529086545360806,
       "Full adaptive model (non-synonymous subs/site)":0.000248927296359458,
       "Full adaptive model (synonymous subs/site)":0.0002039813581766221,
       "LRT":0,
       "Nucleotide GTR":0.0004871226754657527,
       "Rate Distributions":        [
[0.4506108855474885, 1] 
        ],
       "Rate classes":1,
       "Uncorrected P-value":1
      },
     "Node58":{
       "Baseline MG94xREV":0.02020541047352574,
       "Baseline MG94xREV omega ratio":0.3162518710274555,
       "Corrected P-value":0.4855476955139775,
       "Full adaptive model":0.02169424479596483,
       "Full adaptive model (non-synonymous subs/site)":0.009930800099167778,
       "Full adaptive model (synonymous subs/site)":0.01176344469679705,
       "LRT":6.846080374594749,
       "Nucleotide GTR":0.01946500840033128,
       "Rate Distributions":        [
[0, 0.9418254556940127],
        [5.358415304475732, 0.05817454430598734] 
        ],
       "Rate classes":2,
       "Uncorrected P-value":0.01156065941699946
      },
     "Node59":{
       "Baseline MG94xREV":0.00395568387665446,
       "Baseline MG94xREV omega ratio":0.1047301250752658,
       "Corrected P-value":1,
       "Full adaptive model":0.003952468119067572,
       "Full adaptive model (non-synonymous subs/site)":0.0007466541631157213,
       "Full adaptive model (synonymous subs/site)":0.003205813955951851,
       "LRT":0,
       "Nucleotide GTR":0.003792743115825935,
       "Rate Distributions":        [
[0.08600046740084426, 1] 
        ],
       "Rate classes":1,
       "Uncorrected P-value":1
      },
     "Node6":{
       "Baseline MG94xREV":0.0007544181844659055,
       "Baseline MG94xREV omega ratio":0,
       "Corrected P-value":1,
       "Full adaptive model":0.0007588942886184704,
       "Full adaptive model (non-synonymous subs/site)":1e-10,
       "Full adaptive model (synonymous subs/site)":0.0007588942886184704,
       "LRT":0,
       "Nucleotide GTR":0.0007784593057973932,
       "Rate Distributions":        [
[0, 1] 
        ],
       "Rate classes":1,
       "Uncorrected P-value":1
      },
     "Node64":{
       "Baseline MG94xREV":0.00186223327942215,
       "Baseline MG94xREV omega ratio":0,
       "Corrected P-value":1,
       "Full adaptive model":0.001884066612939832,
       "Full adaptive model (non-synonymous subs/site)":1e-10,
       "Full adaptive model (synonymous subs/site)":0.001884066612939832,
       "LRT":0,
       "Nucleotide GTR":0.001905079328912318,
       "Rate Distributions":        [
[0, 1] 
        ],
       "Rate classes":1,
       "Uncorrected P-value":1
      },
     "Node65":{
       "Baseline MG94xREV":0.001500311051360042,
       "Baseline MG94xREV omega ratio":0.4479430220054813,
       "Corrected P-value":1,
       "Full adaptive model":0.001499985630892287,
       "Full adaptive model (non-synonymous subs/site)":0.0007463336135601828,
       "Full adaptive model (synonymous subs/site)":0.0007536520173321041,
       "LRT":0,
       "Nucleotide GTR":0.001469850871748634,
       "Rate Distributions":        [
[0.3656636346583161, 1] 
        ],
       "Rate classes":1,
       "Uncorrected P-value":1
      },
     "Node68":{
       "Baseline MG94xREV":0.0007527376842647963,
       "Baseline MG94xREV omega ratio":10000000000,
       "Corrected P-value":1,
       "Full adaptive model":0.0007473405380441275,
       "Full adaptive model (non-synonymous subs/site)":0.0007473405380441275,
       "Full adaptive model (synonymous subs/site)":1e-10,
       "LRT":1.846209129023919,
       "Nucleotide GTR":0.000750399941620324,
       "Rate Distributions":        [
[10000000000, 1] 
        ],
       "Rate classes":1,
       "Uncorrected P-value":0.1540301073854603
      },
     "Node69":{
       "Baseline MG94xREV":0.000245551275863105,
       "Baseline MG94xREV omega ratio":0,
       "Corrected P-value":1,
       "Full adaptive model":0.0002474942499047358,
       "Full adaptive model (non-synonymous subs/site)":1e-10,
       "Full adaptive model (synonymous subs/site)":0.0002474942499047358,
       "LRT":0,
       "Nucleotide GTR":0.0002451143843846589,
       "Rate Distributions":        [
[0, 1] 
        ],
       "Rate classes":1,
       "Uncorrected P-value":1
      },
     "Node7":{
       "Baseline MG94xREV":0.001271442578380529,
       "Baseline MG94xREV omega ratio":0.2914150194780467,
       "Corrected P-value":1,
       "Full adaptive model":0.001264517218376001,
       "Full adaptive model (non-synonymous subs/site)":0.0004986752102762905,
       "Full adaptive model (synonymous subs/site)":0.0007658420080997114,
       "LRT":0,
       "Nucleotide GTR":0.001090414065564498,
       "Rate Distributions":        [
[0.2404353004486388, 1] 
        ],
       "Rate classes":1,
       "Uncorrected P-value":1
      },
     "Node71":{
       "Baseline MG94xREV":0.001489118295099997,
       "Baseline MG94xREV omega ratio":0,
       "Corrected P-value":1,
       "Full adaptive model":0.001499194156710877,
       "Full adaptive model (non-synonymous subs/site)":1e-10,
       "Full adaptive model (synonymous subs/site)":0.001499194156710877,
       "LRT":0,
       "Nucleotide GTR":0.001477175156507196,
       "Rate Distributions":        [
[0, 1] 
        ],
       "Rate classes":1,
       "Uncorrected P-value":1
      },
     "Node74":{
       "Baseline MG94xREV":0.0002466473128051804,
       "Baseline MG94xREV omega ratio":0,
       "Corrected P-value":1,
       "Full adaptive model":0.0002484434763997586,
       "Full adaptive model (non-synonymous subs/site)":1e-10,
       "Full adaptive model (synonymous subs/site)":0.0002484434763997586,
       "LRT":0,
       "Nucleotide GTR":0.0002458014546519068,
       "Rate Distributions":        [
[0, 1] 
        ],
       "Rate classes":1,
       "Uncorrected P-value":1
      },
     "Node76":{
       "Baseline MG94xREV":0.0004977038880501161,
       "Baseline MG94xREV omega ratio":0.4510446996899085,
       "Corrected P-value":1,
       "Full adaptive model":0.0004981040076210434,
       "Full adaptive model (non-synonymous subs/site)":0.0002486945226179072,
       "Full adaptive model (synonymous subs/site)":0.000249409485003136,
       "LRT":0,
       "Nucleotide GTR":0.0004921658301748228,
       "Rate Distributions":        [
[0.3681907643157168, 1] 
        ],
       "Rate classes":1,
       "Uncorrected P-value":1
      },
     "Node8":{
       "Baseline MG94xREV":0.001079125780542235,
       "Baseline MG94xREV omega ratio":1.02784950861962,
       "Corrected P-value":1,
       "Full adaptive model":0.001077762743545821,
       "Full adaptive model (non-synonymous subs/site)":0.0007465205785477801,
       "Full adaptive model (synonymous subs/site)":0.0003312421649980396,
       "LRT":0,
       "Nucleotide GTR":0.001256816761237915,
       "Rate Distributions":        [
[0.8321771855661223, 1] 
        ],
       "Rate classes":1,
       "Uncorrected P-value":1
      },
     "Node9":{
       "Baseline MG94xREV":0.002770215486811233,
       "Baseline MG94xREV omega ratio":0.3699725735595282,
       "Corrected P-value":1,
       "Full adaptive model":0.002766774717722108,
       "Full adaptive model (non-synonymous subs/site)":0.001246472768711121,
       "Full adaptive model (synonymous subs/site)":0.001520301949010987,
       "LRT":0,
       "Nucleotide GTR":0.002656911489744234,
       "Rate Distributions":        [
[0.3027419323527727, 1] 
        ],
       "Rate classes":1,
       "Uncorrected P-value":1
      },
     "Node99":{
       "Baseline MG94xREV":0.0007252026110299692,
       "Baseline MG94xREV omega ratio":0,
       "Corrected P-value":1,
       "Full adaptive model":0.0007306594209660532,
       "Full adaptive model (non-synonymous subs/site)":1e-10,
       "Full adaptive model (synonymous subs/site)":0.0007306594209660532,
       "LRT":0,
       "Nucleotide GTR":0.0007123582340776409,
       "Rate Distributions":        [
[0, 1] 
        ],
       "Rate classes":1,
       "Uncorrected P-value":1
      },
     "gb_JQ900255_Organism_Human_coronavirus_NL63_Strain_Name_NL63_DEN_2009_6_Segment_null_Host_Human_1":{
       "Baseline MG94xREV":0.0005016960226913163,
       "Baseline MG94xREV omega ratio":0,
       "Corrected P-value":null,
       "Full adaptive model":0.0005051464178967142,
       "Full adaptive model (non-synonymous subs/site)":1e-10,
       "Full adaptive model (synonymous subs/site)":0.0005051464178967142,
       "LRT":null,
       "Nucleotide GTR":0.0005015886648081379,
       "Rate Distributions":        [
[0, 1] 
        ],
       "Rate classes":1,
       "Uncorrected P-value":null,
       "original name":"gb_JQ900255_Organism_Human_coronavirus_NL63_Strain_Name_NL63_DEN_2009_6_Segment_null_Host_Human_1"
      },
     "gb_JQ900257_Organism_Human_coronavirus_NL63_Strain_Name_NL63_DEN_2009_31_Segment_null_Host_Human_1":{
       "Baseline MG94xREV":0,
       "Baseline MG94xREV omega ratio":1,
       "Corrected P-value":null,
       "Full adaptive model":0,
       "Full adaptive model (non-synonymous subs/site)":1e-10,
       "Full adaptive model (synonymous subs/site)":1e-10,
       "LRT":null,
       "Nucleotide GTR":0,
       "Rate Distributions":        [
[1, 1] 
        ],
       "Rate classes":1,
       "Uncorrected P-value":null,
       "original name":"gb_JQ900257_Organism_Human_coronavirus_NL63_Strain_Name_NL63_DEN_2009_31_Segment_null_Host_Human_1"
      },
     "gb_JQ900259_Organism_Human_coronavirus_NL63_Strain_Name_NL63_DEN_2005_449_Segment_null_Host_Human_1":{
       "Baseline MG94xREV":0.0004920422538895566,
       "Baseline MG94xREV omega ratio":0,
       "Corrected P-value":null,
       "Full adaptive model":0.0004956897763895956,
       "Full adaptive model (non-synonymous subs/site)":1e-10,
       "Full adaptive model (synonymous subs/site)":0.0004956897763895956,
       "LRT":null,
       "Nucleotide GTR":0.0004917866088154521,
       "Rate Distributions":        [
[0, 1] 
        ],
       "Rate classes":1,
       "Uncorrected P-value":null,
       "original name":"gb_JQ900259_Organism_Human_coronavirus_NL63_Strain_Name_NL63_DEN_2005_449_Segment_null_Host_Human_1"
      },
     "gb_KY554968_Organism_Human_coronavirus_NL63_Strain_Name_N07_185B_Segment_null_Host_Human_1":{
       "Baseline MG94xREV":0.0002508479185089365,
       "Baseline MG94xREV omega ratio":10000000000,
       "Corrected P-value":null,
       "Full adaptive model":0.0002488710416569256,
       "Full adaptive model (non-synonymous subs/site)":0.0002488710416569256,
       "Full adaptive model (synonymous subs/site)":1e-10,
       "LRT":null,
       "Nucleotide GTR":0.0002458270830068335,
       "Rate Distributions":        [
[10000000000, 1] 
        ],
       "Rate classes":1,
       "Uncorrected P-value":null,
       "original name":"gb_KY554968_Organism_Human_coronavirus_NL63_Strain_Name_N07_185B_Segment_null_Host_Human_1"
      },
     "gb_KY554970_Organism_Human_coronavirus_NL63_Strain_Name_N07_324B_182X_Segment_null_Host_Human_1":{
       "Baseline MG94xREV":0.0002508382576489848,
       "Baseline MG94xREV omega ratio":10000000000,
       "Corrected P-value":null,
       "Full adaptive model":0.0002489875454867505,
       "Full adaptive model (non-synonymous subs/site)":0.0002489875454867505,
       "Full adaptive model (synonymous subs/site)":1e-10,
       "LRT":null,
       "Nucleotide GTR":0.0002457132800573702,
       "Rate Distributions":        [
[10000000000, 1] 
        ],
       "Rate classes":1,
       "Uncorrected P-value":null,
       "original name":"gb_KY554970_Organism_Human_coronavirus_NL63_Strain_Name_N07_324B_182X_Segment_null_Host_Human_1"
      },
     "gb_KY554971_Organism_Human_coronavirus_NL63_Strain_Name_N07_468B_176X_Segment_null_Host_Human_1":{
       "Baseline MG94xREV":0.0002454493829770122,
       "Baseline MG94xREV omega ratio":0,
       "Corrected P-value":null,
       "Full adaptive model":0.0002473893191040461,
       "Full adaptive model (non-synonymous subs/site)":1e-10,
       "Full adaptive model (synonymous subs/site)":0.0002473893191040461,
       "LRT":null,
       "Nucleotide GTR":0.0002457061227268594,
       "Rate Distributions":        [
[0, 1] 
        ],
       "Rate classes":1,
       "Uncorrected P-value":null,
       "original name":"gb_KY554971_Organism_Human_coronavirus_NL63_Strain_Name_N07_468B_176X_Segment_null_Host_Human_1"
      },
     "gb_KY674915_Organism_Human_coronavirus_NL63_Strain_Name_N07_6B_Segment_null_Host_Human_2":{
       "Baseline MG94xREV":0,
       "Baseline MG94xREV omega ratio":1,
       "Corrected P-value":null,
       "Full adaptive model":0,
       "Full adaptive model (non-synonymous subs/site)":1e-10,
       "Full adaptive model (synonymous subs/site)":1e-10,
       "LRT":null,
       "Nucleotide GTR":0,
       "Rate Distributions":        [
[1, 1] 
        ],
       "Rate classes":1,
       "Uncorrected P-value":null,
       "original name":"gb_KY674915_Organism_Human_coronavirus_NL63_Strain_Name_N07_6B_Segment_null_Host_Human_2"
      },
     "gb_KY674916_Organism_Human_coronavirus_NL63_Strain_Name_N07_64B_Segment_null_Host_Human_1":{
       "Baseline MG94xREV":0,
       "Baseline MG94xREV omega ratio":1,
       "Corrected P-value":null,
       "Full adaptive model":0,
       "Full adaptive model (non-synonymous subs/site)":1e-10,
       "Full adaptive model (synonymous subs/site)":1e-10,
       "LRT":null,
       "Nucleotide GTR":0,
       "Rate Distributions":        [
[1, 1] 
        ],
       "Rate classes":1,
       "Uncorrected P-value":null,
       "original name":"gb_KY674916_Organism_Human_coronavirus_NL63_Strain_Name_N07_64B_Segment_null_Host_Human_1"
      },
     "gb_KY829118_Organism_Human_coronavirus_NL63_Strain_Name_N07_262B_Segment_null_Host_Human_2":{
       "Baseline MG94xREV":0,
       "Baseline MG94xREV omega ratio":1,
       "Corrected P-value":null,
       "Full adaptive model":0,
       "Full adaptive model (non-synonymous subs/site)":1e-10,
       "Full adaptive model (synonymous subs/site)":1e-10,
       "LRT":null,
       "Nucleotide GTR":0,
       "Rate Distributions":        [
[1, 1] 
        ],
       "Rate classes":1,
       "Uncorrected P-value":null,
       "original name":"gb_KY829118_Organism_Human_coronavirus_NL63_Strain_Name_N07_262B_Segment_null_Host_Human_2"
      },
     "gb_KY983586_Organism_Human_coronavirus_NL63_Strain_Name_HCoV_NL63_Seattle_USA_SC2940_2015_Segment_null_Host_Human_1":{
       "Baseline MG94xREV":0.000998044114397089,
       "Baseline MG94xREV omega ratio":0,
       "Corrected P-value":null,
       "Full adaptive model":0.001005005764562546,
       "Full adaptive model (non-synonymous subs/site)":1e-10,
       "Full adaptive model (synonymous subs/site)":0.001005005764562546,
       "LRT":null,
       "Nucleotide GTR":0.0009869268711583329,
       "Rate Distributions":        [
[0, 1] 
        ],
       "Rate classes":1,
       "Uncorrected P-value":null,
       "original name":"gb_KY983586_Organism_Human_coronavirus_NL63_Strain_Name_HCoV_NL63_Seattle_USA_SC2940_2015_Segment_null_Host_Human_1"
      },
     "gb_MG428699_Organism_Human_coronavirus_NL63_Strain_Name_Kilifi_HH_5709_19_May_2010_Segment_null_Host_Human_1":{
       "Baseline MG94xREV":0.0002455894682937966,
       "Baseline MG94xREV omega ratio":0,
       "Corrected P-value":null,
       "Full adaptive model":0.000247464719923392,
       "Full adaptive model (non-synonymous subs/site)":1e-10,
       "Full adaptive model (synonymous subs/site)":0.000247464719923392,
       "LRT":null,
       "Nucleotide GTR":0.0002458590951282482,
       "Rate Distributions":        [
[0, 1] 
        ],
       "Rate classes":1,
       "Uncorrected P-value":null,
       "original name":"gb_MG428699_Organism_Human_coronavirus_NL63_Strain_Name_Kilifi_HH_5709_19_May_2010_Segment_null_Host_Human_1"
      },
     "gb_MG428704_Organism_Human_coronavirus_NL63_Strain_Name_Kilifi_HH_5402_20_May_2010_Segment_null_Host_Human_6":{
       "Baseline MG94xREV":0,
       "Baseline MG94xREV omega ratio":1,
       "Corrected P-value":null,
       "Full adaptive model":0,
       "Full adaptive model (non-synonymous subs/site)":1e-10,
       "Full adaptive model (synonymous subs/site)":1e-10,
       "LRT":null,
       "Nucleotide GTR":0,
       "Rate Distributions":        [
[1, 1] 
        ],
       "Rate classes":1,
       "Uncorrected P-value":null,
       "original name":"gb_MG428704_Organism_Human_coronavirus_NL63_Strain_Name_Kilifi_HH_5402_20_May_2010_Segment_null_Host_Human_6"
      },
     "gb_MN306040_Organism_Human_coronavirus_NL63_Strain_Name_HCoV_NL63_Seattle_USA_SC0768_2019_Segment_null_Host_Human_1":{
       "Baseline MG94xREV":0.001876243944395753,
       "Baseline MG94xREV omega ratio":0.0690735731153965,
       "Corrected P-value":null,
       "Full adaptive model":0.001884112334284458,
       "Full adaptive model (non-synonymous subs/site)":0.0002497213827746047,
       "Full adaptive model (synonymous subs/site)":0.001634390951509854,
       "LRT":null,
       "Nucleotide GTR":0.001868291767710998,
       "Rate Distributions":        [
[0.05641822489327156, 1] 
        ],
       "Rate classes":1,
       "Uncorrected P-value":null,
       "original name":"gb_MN306040_Organism_Human_coronavirus_NL63_Strain_Name_HCoV_NL63_Seattle_USA_SC0768_2019_Segment_null_Host_Human_1"
      },
     "jq765563_NL63_s_usa_denver_co_16_mar_2009_2":{
       "Baseline MG94xREV":0.001492048925190618,
       "Baseline MG94xREV omega ratio":0.2257229372202177,
       "Corrected P-value":null,
       "Full adaptive model":0.001495538207562746,
       "Full adaptive model (non-synonymous subs/site)":0.0004976648936059081,
       "Full adaptive model (synonymous subs/site)":0.0009978733139568406,
       "LRT":null,
       "Nucleotide GTR":0.001477033861505897,
       "Rate Distributions":        [
[0.1841540324394169, 1] 
        ],
       "Rate classes":1,
       "Uncorrected P-value":null,
       "original name":"jq765563_NL63_s_usa_denver_co_16_mar_2009_2"
      },
     "jq765564_NL63_s_usa_denver_co_01_mar_2009_2":{
       "Baseline MG94xREV":0.0007392290713360171,
       "Baseline MG94xREV omega ratio":0,
       "Corrected P-value":null,
       "Full adaptive model":0.0007447434176715903,
       "Full adaptive model (non-synonymous subs/site)":1e-10,
       "Full adaptive model (synonymous subs/site)":0.0007447434176715903,
       "LRT":null,
       "Nucleotide GTR":0.0007376195274509582,
       "Rate Distributions":        [
[0, 1] 
        ],
       "Rate classes":1,
       "Uncorrected P-value":null,
       "original name":"jq765564_NL63_s_usa_denver_co_01_mar_2009_2"
      },
     "jq765565_NL63_s_usa_denver_co_13_feb_2009_2":{
       "Baseline MG94xREV":0.001242172130194788,
       "Baseline MG94xREV omega ratio":0,
       "Corrected P-value":null,
       "Full adaptive model":0.001249956491777045,
       "Full adaptive model (non-synonymous subs/site)":1e-10,
       "Full adaptive model (synonymous subs/site)":0.001249956491777045,
       "LRT":null,
       "Nucleotide GTR":0.00123048975420169,
       "Rate Distributions":        [
[0, 1] 
        ],
       "Rate classes":1,
       "Uncorrected P-value":null,
       "original name":"jq765565_NL63_s_usa_denver_co_13_feb_2009_2"
      },
     "jq765566_NL63_s_usa_denver_co_08_jan_2008_2":{
       "Baseline MG94xREV":0.001237044173135336,
       "Baseline MG94xREV omega ratio":0.3047285771626864,
       "Corrected P-value":null,
       "Full adaptive model":0.001238813319799141,
       "Full adaptive model (non-synonymous subs/site)":0.0004983846407691429,
       "Full adaptive model (synonymous subs/site)":0.0007404286790299981,
       "LRT":null,
       "Nucleotide GTR":0.001230235404132666,
       "Rate Distributions":        [
[0.2485427238970402, 1] 
        ],
       "Rate classes":1,
       "Uncorrected P-value":null,
       "original name":"jq765566_NL63_s_usa_denver_co_08_jan_2008_2"
      },
     "jq765567_NL63_s_usa_denver_co_12_mar_2009_2":{
       "Baseline MG94xREV":0,
       "Baseline MG94xREV omega ratio":1,
       "Corrected P-value":null,
       "Full adaptive model":0,
       "Full adaptive model (non-synonymous subs/site)":1e-10,
       "Full adaptive model (synonymous subs/site)":1e-10,
       "LRT":null,
       "Nucleotide GTR":0,
       "Rate Distributions":        [
[1, 1] 
        ],
       "Rate classes":1,
       "Uncorrected P-value":null,
       "original name":"jq765567_NL63_s_usa_denver_co_12_mar_2009_2"
      },
     "jq765568_NL63_s_usa_denver_co_11_jan_2005_2":{
       "Baseline MG94xREV":0.0002507115152844802,
       "Baseline MG94xREV omega ratio":10000000000,
       "Corrected P-value":null,
       "Full adaptive model":0.000248793936873514,
       "Full adaptive model (non-synonymous subs/site)":0.000248793936873514,
       "Full adaptive model (synonymous subs/site)":1e-10,
       "LRT":null,
       "Nucleotide GTR":0.0002457852864201307,
       "Rate Distributions":        [
[10000000000, 1] 
        ],
       "Rate classes":1,
       "Uncorrected P-value":null,
       "original name":"jq765568_NL63_s_usa_denver_co_11_jan_2005_2"
      },
     "jq765569_NL63_s_usa_denver_co_18_jan_2005_2":{
       "Baseline MG94xREV":0,
       "Baseline MG94xREV omega ratio":1,
       "Corrected P-value":null,
       "Full adaptive model":0,
       "Full adaptive model (non-synonymous subs/site)":1e-10,
       "Full adaptive model (synonymous subs/site)":1e-10,
       "LRT":null,
       "Nucleotide GTR":0,
       "Rate Distributions":        [
[1, 1] 
        ],
       "Rate classes":1,
       "Uncorrected P-value":null,
       "original name":"jq765569_NL63_s_usa_denver_co_18_jan_2005_2"
      },
     "jq765570_NL63_s_usa_denver_co_19_jan_2005_2":{
       "Baseline MG94xREV":0.0004943551813047763,
       "Baseline MG94xREV omega ratio":0,
       "Corrected P-value":null,
       "Full adaptive model":0.0004976487050168388,
       "Full adaptive model (non-synonymous subs/site)":1e-10,
       "Full adaptive model (synonymous subs/site)":0.0004976487050168388,
       "LRT":null,
       "Nucleotide GTR":0.000491934020498447,
       "Rate Distributions":        [
[0, 1] 
        ],
       "Rate classes":1,
       "Uncorrected P-value":null,
       "original name":"jq765570_NL63_s_usa_denver_co_19_jan_2005_2"
      },
     "jq765571_NL63_s_usa_denver_co_23_jan_2005_2":{
       "Baseline MG94xREV":0.0004960818957926763,
       "Baseline MG94xREV omega ratio":0,
       "Corrected P-value":null,
       "Full adaptive model":0.0004997024388282002,
       "Full adaptive model (non-synonymous subs/site)":1e-10,
       "Full adaptive model (synonymous subs/site)":0.0004997024388282002,
       "LRT":null,
       "Nucleotide GTR":0.000492694618513523,
       "Rate Distributions":        [
[0, 1] 
        ],
       "Rate classes":1,
       "Uncorrected P-value":null,
       "original name":"jq765571_NL63_s_usa_denver_co_23_jan_2005_2"
      },
     "jq765572_NL63_s_usa_denver_co_01_feb_2005_2":{
       "Baseline MG94xREV":0.0004954824866367311,
       "Baseline MG94xREV omega ratio":0,
       "Corrected P-value":null,
       "Full adaptive model":0.0004989133253311046,
       "Full adaptive model (non-synonymous subs/site)":1e-10,
       "Full adaptive model (synonymous subs/site)":0.0004989133253311046,
       "LRT":null,
       "Nucleotide GTR":0.0004925023244211248,
       "Rate Distributions":        [
[0, 1] 
        ],
       "Rate classes":1,
       "Uncorrected P-value":null,
       "original name":"jq765572_NL63_s_usa_denver_co_01_feb_2005_2"
      },
     "jq765573_NL63_s_usa_denver_co_12_apr_2005_2":{
       "Baseline MG94xREV":0.0007421472125634872,
       "Baseline MG94xREV omega ratio":0.2273152014101465,
       "Corrected P-value":null,
       "Full adaptive model":0.0007440658820007492,
       "Full adaptive model (non-synonymous subs/site)":0.0002486668794618372,
       "Full adaptive model (synonymous subs/site)":0.0004953990025389122,
       "LRT":null,
       "Nucleotide GTR":0.0007376449881938078,
       "Rate Distributions":        [
[0.1853456733367299, 1] 
        ],
       "Rate classes":1,
       "Uncorrected P-value":null,
       "original name":"jq765573_NL63_s_usa_denver_co_12_apr_2005_2"
      },
     "jq765574_NL63_s_usa_denver_co_nov_2005_2":{
       "Baseline MG94xREV":0.0004957579211609049,
       "Baseline MG94xREV omega ratio":0.4560220664435883,
       "Corrected P-value":null,
       "Full adaptive model":0.0004959238203953583,
       "Full adaptive model (non-synonymous subs/site)":0.0002488341362342724,
       "Full adaptive model (synonymous subs/site)":0.0002470896841610853,
       "LRT":null,
       "Nucleotide GTR":0.0004915400911108484,
       "Rate Distributions":        [
[0.3718561600320995, 1] 
        ],
       "Rate classes":1,
       "Uncorrected P-value":null,
       "original name":"jq765574_NL63_s_usa_denver_co_nov_2005_2"
      },
     "jq765575_NL63_s_usa_denver_co_21_nov_2005_2":{
       "Baseline MG94xREV":0.0009847818432956925,
       "Baseline MG94xREV omega ratio":0,
       "Corrected P-value":null,
       "Full adaptive model":0.0009922795637238994,
       "Full adaptive model (non-synonymous subs/site)":1e-10,
       "Full adaptive model (synonymous subs/site)":0.0009922795637238994,
       "LRT":null,
       "Nucleotide GTR":0.0009840920925976132,
       "Rate Distributions":        [
[0, 1] 
        ],
       "Rate classes":1,
       "Uncorrected P-value":null,
       "original name":"jq765575_NL63_s_usa_denver_co_21_nov_2005_2"
      },
     "jq771055_NL63_s_usa_denver_co_15_dec_2010_2":{
       "Baseline MG94xREV":0.0002452920110187879,
       "Baseline MG94xREV omega ratio":0,
       "Corrected P-value":null,
       "Full adaptive model":0.0002470738018667633,
       "Full adaptive model (non-synonymous subs/site)":1e-10,
       "Full adaptive model (synonymous subs/site)":0.0002470738018667633,
       "LRT":null,
       "Nucleotide GTR":0.0002457786633638146,
       "Rate Distributions":        [
[0, 1] 
        ],
       "Rate classes":1,
       "Uncorrected P-value":null,
       "original name":"jq771055_NL63_s_usa_denver_co_15_dec_2010_2"
      },
     "jq771056_NL63_s_usa_denver_co_23_dec_2010_1":{
       "Baseline MG94xREV":0.0007396343201776422,
       "Baseline MG94xREV omega ratio":0,
       "Corrected P-value":null,
       "Full adaptive model":0.0007450012464405324,
       "Full adaptive model (non-synonymous subs/site)":1e-10,
       "Full adaptive model (synonymous subs/site)":0.0007450012464405324,
       "LRT":null,
       "Nucleotide GTR":0.0007380620966645206,
       "Rate Distributions":        [
[0, 1] 
        ],
       "Rate classes":1,
       "Uncorrected P-value":null,
       "original name":"jq771056_NL63_s_usa_denver_co_23_dec_2010_1"
      },
     "jq771057_NL63_s_usa_denver_co_03_dec_2010_1":{
       "Baseline MG94xREV":0.000490469046639389,
       "Baseline MG94xREV omega ratio":0,
       "Corrected P-value":null,
       "Full adaptive model":0.0004940944287794311,
       "Full adaptive model (non-synonymous subs/site)":1e-10,
       "Full adaptive model (synonymous subs/site)":0.0004940944287794311,
       "LRT":null,
       "Nucleotide GTR":0.0004919041367595105,
       "Rate Distributions":        [
[0, 1] 
        ],
       "Rate classes":1,
       "Uncorrected P-value":null,
       "original name":"jq771057_NL63_s_usa_denver_co_03_dec_2010_1"
      },
     "jq771059_NL63_s_usa_denver_co_14_dec_2010_1":{
       "Baseline MG94xREV":0.001466895115452757,
       "Baseline MG94xREV omega ratio":0.0919871990530825,
       "Corrected P-value":null,
       "Full adaptive model":0.001474220910777876,
       "Full adaptive model (non-synonymous subs/site)":0.0002489604424313221,
       "Full adaptive model (synonymous subs/site)":0.001225260468346555,
       "LRT":null,
       "Nucleotide GTR":0.001450205625348466,
       "Rate Distributions":        [
[0.07502768756570719, 1] 
        ],
       "Rate classes":1,
       "Uncorrected P-value":null,
       "original name":"jq771059_NL63_s_usa_denver_co_14_dec_2010_1"
      },
     "jq771060_NL63_s_usa_denver_co_30_dec_2010_1":{
       "Baseline MG94xREV":0.0002464143674603419,
       "Baseline MG94xREV omega ratio":0,
       "Corrected P-value":null,
       "Full adaptive model":0.0002482184395597186,
       "Full adaptive model (non-synonymous subs/site)":1e-10,
       "Full adaptive model (synonymous subs/site)":0.0002482184395597186,
       "LRT":null,
       "Nucleotide GTR":0.0002459643039660009,
       "Rate Distributions":        [
[0, 1] 
        ],
       "Rate classes":1,
       "Uncorrected P-value":null,
       "original name":"jq771060_NL63_s_usa_denver_co_30_dec_2010_1"
      },
     "jx104161_NL63_s_china_beijing_children_s_hospital_beijing_04_nov_2008_2":{
       "Baseline MG94xREV":0.0002455870249410645,
       "Baseline MG94xREV omega ratio":0,
       "Corrected P-value":null,
       "Full adaptive model":0.00024736232192665,
       "Full adaptive model (non-synonymous subs/site)":1e-10,
       "Full adaptive model (synonymous subs/site)":0.00024736232192665,
       "LRT":null,
       "Nucleotide GTR":0.0002458771392490831,
       "Rate Distributions":        [
[0, 1] 
        ],
       "Rate classes":1,
       "Uncorrected P-value":null,
       "original name":"jx104161_NL63_s_china_beijing_children_s_hospital_beijing_04_nov_2008_2"
      },
     "jx504050_NL63_s_usa_2004_2":{
       "Baseline MG94xREV":0.000499115273282416,
       "Baseline MG94xREV omega ratio":0.4503289428600134,
       "Corrected P-value":null,
       "Full adaptive model":0.0004986119973872031,
       "Full adaptive model (non-synonymous subs/site)":0.0002487634208608783,
       "Full adaptive model (synonymous subs/site)":0.0002498485765263244,
       "LRT":null,
       "Nucleotide GTR":0.0004932755918603762,
       "Rate Distributions":        [
[0.36764551879117, 1] 
        ],
       "Rate classes":1,
       "Uncorrected P-value":null,
       "original name":"jx504050_NL63_s_usa_2004_2"
      },
     "jx524171_NL63_s_china_24_jan_2009_2":{
       "Baseline MG94xREV":0,
       "Baseline MG94xREV omega ratio":1,
       "Corrected P-value":null,
       "Full adaptive model":0,
       "Full adaptive model (non-synonymous subs/site)":1e-10,
       "Full adaptive model (synonymous subs/site)":1e-10,
       "LRT":null,
       "Nucleotide GTR":0,
       "Rate Distributions":        [
[1, 1] 
        ],
       "Rate classes":1,
       "Uncorrected P-value":null,
       "original name":"jx524171_NL63_s_china_24_jan_2009_2"
      },
     "kf530104_NL63_s_usa_nashville_tn_26_apr_1990_6":{
       "Baseline MG94xREV":0,
       "Baseline MG94xREV omega ratio":1,
       "Corrected P-value":null,
       "Full adaptive model":0,
       "Full adaptive model (non-synonymous subs/site)":1e-10,
       "Full adaptive model (synonymous subs/site)":1e-10,
       "LRT":null,
       "Nucleotide GTR":0,
       "Rate Distributions":        [
[1, 1] 
        ],
       "Rate classes":1,
       "Uncorrected P-value":null,
       "original name":"kf530104_NL63_s_usa_nashville_tn_26_apr_1990_6"
      },
     "kf530105_NL63_s_usa_nashville_tn_23_feb_2001_2":{
       "Baseline MG94xREV":0.000488250039099145,
       "Baseline MG94xREV omega ratio":0,
       "Corrected P-value":null,
       "Full adaptive model":0.0004925209896192324,
       "Full adaptive model (non-synonymous subs/site)":1e-10,
       "Full adaptive model (synonymous subs/site)":0.0004925209896192324,
       "LRT":null,
       "Nucleotide GTR":0.0005117776037277854,
       "Rate Distributions":        [
[0, 1] 
        ],
       "Rate classes":1,
       "Uncorrected P-value":null,
       "original name":"kf530105_NL63_s_usa_nashville_tn_23_feb_2001_2"
      },
     "kf530106_NL63_s_usa_nashville_tn_16_dec_1987_2":{
       "Baseline MG94xREV":0.0007780275038618154,
       "Baseline MG94xREV omega ratio":0,
       "Corrected P-value":null,
       "Full adaptive model":0.0007802222834181535,
       "Full adaptive model (non-synonymous subs/site)":1e-10,
       "Full adaptive model (synonymous subs/site)":0.0007802222834181535,
       "LRT":null,
       "Nucleotide GTR":0.0009394940928335748,
       "Rate Distributions":        [
[0, 1] 
        ],
       "Rate classes":1,
       "Uncorrected P-value":null,
       "original name":"kf530106_NL63_s_usa_nashville_tn_16_dec_1987_2"
      },
     "kf530107_NL63_s_usa_nashville_tn_24_jan_1991_2":{
       "Baseline MG94xREV":0.0002509234390429969,
       "Baseline MG94xREV omega ratio":10000000000,
       "Corrected P-value":null,
       "Full adaptive model":0.0002489577387211347,
       "Full adaptive model (non-synonymous subs/site)":0.0002489577387211347,
       "Full adaptive model (synonymous subs/site)":1e-10,
       "LRT":null,
       "Nucleotide GTR":0.000246686264391456,
       "Rate Distributions":        [
[10000000000, 1] 
        ],
       "Rate classes":1,
       "Uncorrected P-value":null,
       "original name":"kf530107_NL63_s_usa_nashville_tn_24_jan_1991_2"
      },
     "kf530109_NL63_s_usa_nashville_tn_21_mar_1990_2":{
       "Baseline MG94xREV":0.0002501581203350204,
       "Baseline MG94xREV omega ratio":0,
       "Corrected P-value":null,
       "Full adaptive model":0.0002519320508760557,
       "Full adaptive model (non-synonymous subs/site)":1e-10,
       "Full adaptive model (synonymous subs/site)":0.0002519320508760557,
       "LRT":null,
       "Nucleotide GTR":0.0002466708689146406,
       "Rate Distributions":        [
[0, 1] 
        ],
       "Rate classes":1,
       "Uncorrected P-value":null,
       "original name":"kf530109_NL63_s_usa_nashville_tn_21_mar_1990_2"
      },
     "kf530110_NL63_s_usa_nashville_tn_16_aug_1983_2":{
       "Baseline MG94xREV":0.00172911168857597,
       "Baseline MG94xREV omega ratio":1.183245827425027,
       "Corrected P-value":null,
       "Full adaptive model":0.001725718122240055,
       "Full adaptive model (non-synonymous subs/site)":0.001245971494111783,
       "Full adaptive model (synonymous subs/site)":0.0004797466281282736,
       "LRT":null,
       "Nucleotide GTR":0.001532899179087295,
       "Rate Distributions":        [
[0.9589938262253976, 1] 
        ],
       "Rate classes":1,
       "Uncorrected P-value":null,
       "original name":"kf530110_NL63_s_usa_nashville_tn_16_aug_1983_2"
      },
     "kf530111_NL63_s_usa_nashville_tn_05_jan_1990_2":{
       "Baseline MG94xREV":0.0005013989887361273,
       "Baseline MG94xREV omega ratio":0,
       "Corrected P-value":null,
       "Full adaptive model":0.0005048711704476757,
       "Full adaptive model (non-synonymous subs/site)":1e-10,
       "Full adaptive model (synonymous subs/site)":0.0005048711704476757,
       "LRT":null,
       "Nucleotide GTR":0.0004935753973384495,
       "Rate Distributions":        [
[0, 1] 
        ],
       "Rate classes":1,
       "Uncorrected P-value":null,
       "original name":"kf530111_NL63_s_usa_nashville_tn_05_jan_1990_2"
      },
     "kf530112_NL63_s_usa_nashville_tn_21_nov_2001_2":{
       "Baseline MG94xREV":0.0004974204329746614,
       "Baseline MG94xREV omega ratio":0.4543845235705502,
       "Corrected P-value":null,
       "Full adaptive model":0.0004971211824019583,
       "Full adaptive model (non-synonymous subs/site)":0.0002492652597585725,
       "Full adaptive model (synonymous subs/site)":0.0002478559226433859,
       "LRT":null,
       "Nucleotide GTR":0.0004917941875664938,
       "Rate Distributions":        [
[0.3713488554043624, 1] 
        ],
       "Rate classes":1,
       "Uncorrected P-value":null,
       "original name":"kf530112_NL63_s_usa_nashville_tn_21_nov_2001_2"
      },
     "kf530113_NL63_s_usa_nashville_tn_29_may_1990_2":{
       "Baseline MG94xREV":0.0002506133857749,
       "Baseline MG94xREV omega ratio":0,
       "Corrected P-value":null,
       "Full adaptive model":0.0002523485508661569,
       "Full adaptive model (non-synonymous subs/site)":1e-10,
       "Full adaptive model (synonymous subs/site)":0.0002523485508661569,
       "LRT":null,
       "Nucleotide GTR":0.0002467418204602103,
       "Rate Distributions":        [
[0, 1] 
        ],
       "Rate classes":1,
       "Uncorrected P-value":null,
       "original name":"kf530113_NL63_s_usa_nashville_tn_29_may_1990_2"
      },
     "km055632_NL63_s_china_2008_1":{
       "Baseline MG94xREV":0.0004899970747079293,
       "Baseline MG94xREV omega ratio":0,
       "Corrected P-value":null,
       "Full adaptive model":0.0004937526149715593,
       "Full adaptive model (non-synonymous subs/site)":1e-10,
       "Full adaptive model (synonymous subs/site)":0.0004937526149715593,
       "LRT":null,
       "Nucleotide GTR":0.0004916693298947535,
       "Rate Distributions":        [
[0, 1] 
        ],
       "Rate classes":1,
       "Uncorrected P-value":null,
       "original name":"km055632_NL63_s_china_2008_1"
      },
     "km055633_NL63_s_china_2010_1":{
       "Baseline MG94xREV":0.0002451796030395382,
       "Baseline MG94xREV omega ratio":0,
       "Corrected P-value":null,
       "Full adaptive model":0.0002470932574883299,
       "Full adaptive model (non-synonymous subs/site)":1e-10,
       "Full adaptive model (synonymous subs/site)":0.0002470932574883299,
       "LRT":null,
       "Nucleotide GTR":0.0002458079871051151,
       "Rate Distributions":        [
[0, 1] 
        ],
       "Rate classes":1,
       "Uncorrected P-value":null,
       "original name":"km055633_NL63_s_china_2010_1"
      },
     "km055634_NL63_s_china_2008_1":{
       "Baseline MG94xREV":0.0007413123463593357,
       "Baseline MG94xREV omega ratio":0.2281094349827314,
       "Corrected P-value":null,
       "Full adaptive model":0.0007430604921445527,
       "Full adaptive model (non-synonymous subs/site)":0.0002489633173448867,
       "Full adaptive model (synonymous subs/site)":0.0004940971747996662,
       "LRT":null,
       "Nucleotide GTR":0.0007378232928177592,
       "Rate Distributions":        [
[0.1860555490986203, 1] 
        ],
       "Rate classes":1,
       "Uncorrected P-value":null,
       "original name":"km055634_NL63_s_china_2008_1"
      },
     "km055635_NL63_s_china_2008_2":{
       "Baseline MG94xREV":0,
       "Baseline MG94xREV omega ratio":1,
       "Corrected P-value":null,
       "Full adaptive model":0,
       "Full adaptive model (non-synonymous subs/site)":1e-10,
       "Full adaptive model (synonymous subs/site)":1e-10,
       "LRT":null,
       "Nucleotide GTR":0,
       "Rate Distributions":        [
[1, 1] 
        ],
       "Rate classes":1,
       "Uncorrected P-value":null,
       "original name":"km055635_NL63_s_china_2008_2"
      },
     "km055636_NL63_s_china_2008_1":{
       "Baseline MG94xREV":0.0002469895790394776,
       "Baseline MG94xREV omega ratio":0,
       "Corrected P-value":null,
       "Full adaptive model":0.0002485896999339733,
       "Full adaptive model (non-synonymous subs/site)":1e-10,
       "Full adaptive model (synonymous subs/site)":0.0002485896999339733,
       "LRT":null,
       "Nucleotide GTR":0.0002461657100142809,
       "Rate Distributions":        [
[0, 1] 
        ],
       "Rate classes":1,
       "Uncorrected P-value":null,
       "original name":"km055636_NL63_s_china_2008_1"
      },
     "km055638_NL63_s_china_2007_1":{
       "Baseline MG94xREV":0.0004953357943151171,
       "Baseline MG94xREV omega ratio":0.4578112242055065,
       "Corrected P-value":null,
       "Full adaptive model":0.0004953903525216078,
       "Full adaptive model (non-synonymous subs/site)":0.0002490710722824064,
       "Full adaptive model (synonymous subs/site)":0.0002463192802392021,
       "LRT":null,
       "Nucleotide GTR":0.0004916223015971017,
       "Rate Distributions":        [
[0.3733743842839279, 1] 
        ],
       "Rate classes":1,
       "Uncorrected P-value":null,
       "original name":"km055638_NL63_s_china_2007_1"
      },
     "km055639_NL63_s_china_2007_1":{
       "Baseline MG94xREV":0.0002444441288308164,
       "Baseline MG94xREV omega ratio":0,
       "Corrected P-value":null,
       "Full adaptive model":0.0002463084471704272,
       "Full adaptive model (non-synonymous subs/site)":1e-10,
       "Full adaptive model (synonymous subs/site)":0.0002463084471704272,
       "LRT":null,
       "Nucleotide GTR":0.0002456706872366161,
       "Rate Distributions":        [
[0, 1] 
        ],
       "Rate classes":1,
       "Uncorrected P-value":null,
       "original name":"km055639_NL63_s_china_2007_1"
      },
     "km055640_NL63_s_china_2007_2":{
       "Baseline MG94xREV":0,
       "Baseline MG94xREV omega ratio":1,
       "Corrected P-value":null,
       "Full adaptive model":0,
       "Full adaptive model (non-synonymous subs/site)":1e-10,
       "Full adaptive model (synonymous subs/site)":1e-10,
       "LRT":null,
       "Nucleotide GTR":0,
       "Rate Distributions":        [
[1, 1] 
        ],
       "Rate classes":1,
       "Uncorrected P-value":null,
       "original name":"km055640_NL63_s_china_2007_2"
      },
     "km055642_NL63_s_china_2007_1":{
       "Baseline MG94xREV":0.0004949148731118793,
       "Baseline MG94xREV omega ratio":0.4586596000783346,
       "Corrected P-value":null,
       "Full adaptive model":0.0004949867394424988,
       "Full adaptive model (non-synonymous subs/site)":0.0002490705757139618,
       "Full adaptive model (synonymous subs/site)":0.000245916163728537,
       "LRT":null,
       "Nucleotide GTR":0.0004915369601227753,
       "Rate Distributions":        [
[0.3739856902637929, 1] 
        ],
       "Rate classes":1,
       "Uncorrected P-value":null,
       "original name":"km055642_NL63_s_china_2007_1"
      },
     "km055643_NL63_s_china_2008_1":{
       "Baseline MG94xREV":0.0008734778843186476,
       "Baseline MG94xREV omega ratio":0,
       "Corrected P-value":null,
       "Full adaptive model":0.0008811828521996371,
       "Full adaptive model (non-synonymous subs/site)":1e-10,
       "Full adaptive model (synonymous subs/site)":0.0008811828521996371,
       "LRT":null,
       "Nucleotide GTR":0.0009167136507051365,
       "Rate Distributions":        [
[0, 1] 
        ],
       "Rate classes":1,
       "Uncorrected P-value":null,
       "original name":"km055643_NL63_s_china_2008_1"
      },
     "km055644_NL63_s_china_2007_1":{
       "Baseline MG94xREV":0.0004949222005355096,
       "Baseline MG94xREV omega ratio":0.4585760697272625,
       "Corrected P-value":null,
       "Full adaptive model":0.0004949883837728958,
       "Full adaptive model (non-synonymous subs/site)":0.0002490339325298881,
       "Full adaptive model (synonymous subs/site)":0.0002459544512430079,
       "LRT":null,
       "Nucleotide GTR":0.0004915369607270918,
       "Rate Distributions":        [
[0.3738724601471617, 1] 
        ],
       "Rate classes":1,
       "Uncorrected P-value":null,
       "original name":"km055644_NL63_s_china_2007_1"
      },
     "km055645_NL63_s_china_2008_2":{
       "Baseline MG94xREV":0.0002444468477010854,
       "Baseline MG94xREV omega ratio":0,
       "Corrected P-value":null,
       "Full adaptive model":0.0002463225061524853,
       "Full adaptive model (non-synonymous subs/site)":1e-10,
       "Full adaptive model (synonymous subs/site)":0.0002463225061524853,
       "LRT":null,
       "Nucleotide GTR":0.0002456706864609091,
       "Rate Distributions":        [
[0, 1] 
        ],
       "Rate classes":1,
       "Uncorrected P-value":null,
       "original name":"km055645_NL63_s_china_2008_2"
      },
     "km055646_NL63_s_china_2008_1":{
       "Baseline MG94xREV":0.0006766172459250227,
       "Baseline MG94xREV omega ratio":0,
       "Corrected P-value":null,
       "Full adaptive model":0.0006723991187055895,
       "Full adaptive model (non-synonymous subs/site)":1e-10,
       "Full adaptive model (synonymous subs/site)":0.0006723991187055895,
       "LRT":null,
       "Nucleotide GTR":0.0005689019187173915,
       "Rate Distributions":        [
[0, 1] 
        ],
       "Rate classes":1,
       "Uncorrected P-value":null,
       "original name":"km055646_NL63_s_china_2008_1"
      },
     "km055648_NL63_s_china_2008_1":{
       "Baseline MG94xREV":0.0004878697090569469,
       "Baseline MG94xREV omega ratio":0,
       "Corrected P-value":null,
       "Full adaptive model":0.00049195730340976,
       "Full adaptive model (non-synonymous subs/site)":1e-10,
       "Full adaptive model (synonymous subs/site)":0.00049195730340976,
       "LRT":null,
       "Nucleotide GTR":0.0004907263982023956,
       "Rate Distributions":        [
[0, 1] 
        ],
       "Rate classes":1,
       "Uncorrected P-value":null,
       "original name":"km055648_NL63_s_china_2008_1"
      },
     "km055649_NL63_s_china_2008_1":{
       "Baseline MG94xREV":0.0002447073411627667,
       "Baseline MG94xREV omega ratio":0,
       "Corrected P-value":null,
       "Full adaptive model":0.0002466300797583663,
       "Full adaptive model (non-synonymous subs/site)":1e-10,
       "Full adaptive model (synonymous subs/site)":0.0002466300797583663,
       "LRT":null,
       "Nucleotide GTR":0.000245651304815212,
       "Rate Distributions":        [
[0, 1] 
        ],
       "Rate classes":1,
       "Uncorrected P-value":null,
       "original name":"km055649_NL63_s_china_2008_1"
      },
     "km055650_NL63_s_china_2008_1":{
       "Baseline MG94xREV":0,
       "Baseline MG94xREV omega ratio":1,
       "Corrected P-value":null,
       "Full adaptive model":0,
       "Full adaptive model (non-synonymous subs/site)":1e-10,
       "Full adaptive model (synonymous subs/site)":1e-10,
       "LRT":null,
       "Nucleotide GTR":0,
       "Rate Distributions":        [
[1, 1] 
        ],
       "Rate classes":1,
       "Uncorrected P-value":null,
       "original name":"km055650_NL63_s_china_2008_1"
      },
     "kt381875_NL63_s_usa_2015_2":{
       "Baseline MG94xREV":0.0004880990775368496,
       "Baseline MG94xREV omega ratio":0,
       "Corrected P-value":null,
       "Full adaptive model":0.0004923080148033023,
       "Full adaptive model (non-synonymous subs/site)":1e-10,
       "Full adaptive model (synonymous subs/site)":0.0004923080148033023,
       "LRT":null,
       "Nucleotide GTR":0.0004913976301527136,
       "Rate Distributions":        [
[0, 1] 
        ],
       "Rate classes":1,
       "Uncorrected P-value":null,
       "original name":"kt381875_NL63_s_usa_2015_2"
      },
     "ku521535_NL63_s_usa_01_sep_2015_2":{
       "Baseline MG94xREV":0,
       "Baseline MG94xREV omega ratio":1,
       "Corrected P-value":null,
       "Full adaptive model":0,
       "Full adaptive model (non-synonymous subs/site)":1e-10,
       "Full adaptive model (synonymous subs/site)":1e-10,
       "LRT":null,
       "Nucleotide GTR":0,
       "Rate Distributions":        [
[1, 1] 
        ],
       "Rate classes":1,
       "Uncorrected P-value":null,
       "original name":"ku521535_NL63_s_usa_01_sep_2015_2"
      },
     "kx179494_NL63_s_haiti_21_jan_2015_5":{
       "Baseline MG94xREV":0.002534883580708707,
       "Baseline MG94xREV omega ratio":0.1885892877922307,
       "Corrected P-value":null,
       "Full adaptive model":0.002534401411072494,
       "Full adaptive model (non-synonymous subs/site)":0.0007480267985311525,
       "Full adaptive model (synonymous subs/site)":0.001786374612541344,
       "LRT":null,
       "Nucleotide GTR":0.00227472228971371,
       "Rate Distributions":        [
[0.1546194965416852, 1] 
        ],
       "Rate classes":1,
       "Uncorrected P-value":null,
       "original name":"kx179494_NL63_s_haiti_21_jan_2015_5"
      },
     "kx179500_NL63_s_usa_sep_2015_2":{
       "Baseline MG94xREV":0.0009981409878214559,
       "Baseline MG94xREV omega ratio":0.1498214259661565,
       "Corrected P-value":null,
       "Full adaptive model":0.001001389789503508,
       "Full adaptive model (non-synonymous subs/site)":0.0002490024351600424,
       "Full adaptive model (synonymous subs/site)":0.0007523873543434662,
       "LRT":null,
       "Nucleotide GTR":0.001010317062498007,
       "Rate Distributions":        [
[0.1222029648146228, 1] 
        ],
       "Rate classes":1,
       "Uncorrected P-value":null,
       "original name":"kx179500_NL63_s_usa_sep_2015_2"
      },
     "lc488388_NL63_s_japan_tokyo_2018_2":{
       "Baseline MG94xREV":0.0005012289701751577,
       "Baseline MG94xREV omega ratio":0.4457371978431207,
       "Corrected P-value":null,
       "Full adaptive model":0.0005011685745265165,
       "Full adaptive model (non-synonymous subs/site)":0.000248879076240391,
       "Full adaptive model (synonymous subs/site)":0.000252289498286125,
       "LRT":null,
       "Nucleotide GTR":0.0004930291887830084,
       "Rate Distributions":        [
[0.3642577904513114, 1] 
        ],
       "Rate classes":1,
       "Uncorrected P-value":null,
       "original name":"lc488388_NL63_s_japan_tokyo_2018_2"
      },
     "lc488390_NL63_s_japan_tokyo_2017_1":{
       "Baseline MG94xREV":0.0002413029276642613,
       "Baseline MG94xREV omega ratio":0,
       "Corrected P-value":null,
       "Full adaptive model":0.0002439101292431054,
       "Full adaptive model (non-synonymous subs/site)":1e-10,
       "Full adaptive model (synonymous subs/site)":0.0002439101292431054,
       "LRT":null,
       "Nucleotide GTR":0.0002435002840786454,
       "Rate Distributions":        [
[0, 1] 
        ],
       "Rate classes":1,
       "Uncorrected P-value":null,
       "original name":"lc488390_NL63_s_japan_tokyo_2017_1"
      },
     "mg772808_NL63_s_south_korea_2014_11_25_2":{
       "Baseline MG94xREV":0.006544726907244472,
       "Baseline MG94xREV omega ratio":0.3272270103834681,
       "Corrected P-value":null,
       "Full adaptive model":0.006540228998746424,
       "Full adaptive model (non-synonymous subs/site)":0.002748983083288515,
       "Full adaptive model (synonymous subs/site)":0.003791245915457906,
       "LRT":null,
       "Nucleotide GTR":0.006442896389622491,
       "Rate Distributions":        [
[0.26773783528344, 1] 
        ],
       "Rate classes":1,
       "Uncorrected P-value":null,
       "original name":"mg772808_NL63_s_south_korea_2014_11_25_2"
      },
     "mk334043_NL63_s_china_15_aug_2018_2":{
       "Baseline MG94xREV":0.001100791673903359,
       "Baseline MG94xREV omega ratio":0.1319212965486712,
       "Corrected P-value":null,
       "Full adaptive model":0.001106254114147921,
       "Full adaptive model (non-synonymous subs/site)":0.0002494681649400998,
       "Full adaptive model (synonymous subs/site)":0.0008567859492078214,
       "LRT":null,
       "Nucleotide GTR":0.001091925479263703,
       "Rate Distributions":        [
[0.1075133594948591, 1] 
        ],
       "Rate classes":1,
       "Uncorrected P-value":null,
       "original name":"mk334043_NL63_s_china_15_aug_2018_2"
      },
     "mk334044_NL63_s_china_13_jul_2018_2":{
       "Baseline MG94xREV":0.001865843197843101,
       "Baseline MG94xREV omega ratio":0.06942306786374162,
       "Corrected P-value":null,
       "Full adaptive model":0.001874602962245848,
       "Full adaptive model (non-synonymous subs/site)":0.0002495131000791533,
       "Full adaptive model (synonymous subs/site)":0.001625089862166693,
       "LRT":null,
       "Nucleotide GTR":0.001865684830298874,
       "Rate Distributions":        [
[0.05669380517297342, 1] 
        ],
       "Rate classes":1,
       "Uncorrected P-value":null,
       "original name":"mk334044_NL63_s_china_13_jul_2018_2"
      },
     "mk334045_NL63_s_china_14_aug_2018_2":{
       "Baseline MG94xREV":0.006053088344794843,
       "Baseline MG94xREV omega ratio":0.2228348221155749,
       "Corrected P-value":null,
       "Full adaptive model":0.00605058224559507,
       "Full adaptive model (non-synonymous subs/site)":0.00200117772223291,
       "Full adaptive model (synonymous subs/site)":0.004049404523362154,
       "LRT":null,
       "Nucleotide GTR":0.006134021965202641,
       "Rate Distributions":        [
[0.1824795207708143, 1] 
        ],
       "Rate classes":1,
       "Uncorrected P-value":null,
       "original name":"mk334045_NL63_s_china_14_aug_2018_2"
      },
     "mk334046_NL63_s_china_01_sep_2018_2":{
       "Baseline MG94xREV":0.0002506314841987602,
       "Baseline MG94xREV omega ratio":0,
       "Corrected P-value":null,
       "Full adaptive model":0.0002522343261328581,
       "Full adaptive model (non-synonymous subs/site)":1e-10,
       "Full adaptive model (synonymous subs/site)":0.0002522343261328581,
       "LRT":null,
       "Nucleotide GTR":0.0002463888576035835,
       "Rate Distributions":        [
[0, 1] 
        ],
       "Rate classes":1,
       "Uncorrected P-value":null,
       "original name":"mk334046_NL63_s_china_01_sep_2018_2"
      },
     "mk334047_NL63_s_china_25_jul_2018_2":{
       "Baseline MG94xREV":0.003518197153902696,
       "Baseline MG94xREV omega ratio":1.479318549431585,
       "Corrected P-value":null,
       "Full adaptive model":0.0124791190708915,
       "Full adaptive model (non-synonymous subs/site)":0.01194753926300055,
       "Full adaptive model (synonymous subs/site)":0.000531579807890947,
       "LRT":null,
       "Nucleotide GTR":0.003461836742358407,
       "Rate Distributions":        [
[0.2826365077162791, 0.9946874673303859],
        [1509.249787746616, 0.005312532669614067] 
        ],
       "Rate classes":2,
       "Uncorrected P-value":null,
       "original name":"mk334047_NL63_s_china_25_jul_2018_2"
      }
    },
   "attributes":{
     "Baseline MG94xREV":{
       "attribute type":"branch length",
       "display order":1
      },
     "Baseline MG94xREV omega ratio":{
       "attribute type":"branch label",
       "display order":1
      },
     "Corrected P-value":{
       "attribute type":"branch label",
       "display order":6
      },
     "Full adaptive model":{
       "attribute type":"branch length",
       "display order":2
      },
     "Full adaptive model (non-synonymous subs/site)":{
       "attribute type":"branch label",
       "display order":10
      },
     "Full adaptive model (synonymous subs/site)":{
       "attribute type":"branch label",
       "display order":9
      },
     "LRT":{
       "attribute type":"branch label",
       "display order":4
      },
     "Nucleotide GTR":{
       "attribute type":"branch length",
       "display order":0
      },
     "Rate Distributions":{
       "attribute type":"branch label",
       "display order":3
      },
     "Rate classes":{
       "attribute type":"branch label",
       "display order":2
      },
     "Uncorrected P-value":{
       "attribute type":"branch label",
       "display order":5
      },
     "original name":{
       "attribute type":"node label",
       "display order":-1
      }
    }
  },
 "data partitions":{
   "0":{
     "coverage":      [
[0, 1, 2, 3, 4, 5, 6, 7, 8, 9, 10, 11, 12, 13, 14, 15, 16, 17, 18, 19, 20, 21, 22, 23, 24, 25, 26, 27, 28, 29, 30, 31, 32, 33, 34, 35, 36, 37, 38, 39, 40, 41, 42, 43, 44, 45, 46, 47, 48, 49, 50, 51, 52, 53, 54, 55, 56, 57, 58, 59, 60, 61, 62, 63, 64, 65, 66, 67, 68, 69, 70, 71, 72, 73, 74, 75, 76, 77, 78, 79, 80, 81, 82, 83, 84, 85, 86, 87, 88, 89, 90, 91, 92, 93, 94, 95, 96, 97, 98, 99, 100, 101, 102, 103, 104, 105, 106, 107, 108, 109, 110, 111, 112, 113, 114, 115, 116, 117, 118, 119, 120, 121, 122, 123, 124, 125, 126, 127, 128, 129, 130, 131, 132, 133, 134, 135, 136, 137, 138, 139, 140, 141, 142, 143, 144, 145, 146, 147, 148, 149, 150, 151, 152, 153, 154, 155, 156, 157, 158, 159, 160, 161, 162, 163, 164, 165, 166, 167, 168, 169, 170, 171, 172, 173, 174, 175, 176, 177, 178, 179, 180, 181, 182, 183, 184, 185, 186, 187, 188, 189, 190, 191, 192, 193, 194, 195, 196, 197, 198, 199, 200, 201, 202, 203, 204, 205, 206, 207, 208, 209, 210, 211, 212, 213, 214, 215, 216, 217, 218, 219, 220, 221, 222, 223, 224, 225, 226, 227, 228, 229, 230, 231, 232, 233, 234, 235, 236, 237, 238, 239, 240, 241, 242, 243, 244, 245, 246, 247, 248, 249, 250, 251, 252, 253, 254, 255, 256, 257, 258, 259, 260, 261, 262, 263, 264, 265, 266, 267, 268, 269, 270, 271, 272, 273, 274, 275, 276, 277, 278, 279, 280, 281, 282, 283, 284, 285, 286, 287, 288, 289, 290, 291, 292, 293, 294, 295, 296, 297, 298, 299, 300, 301, 302, 303, 304, 305, 306, 307, 308, 309, 310, 311, 312, 313, 314, 315, 316, 317, 318, 319, 320, 321, 322, 323, 324, 325, 326, 327, 328, 329, 330, 331, 332, 333, 334, 335, 336, 337, 338, 339, 340, 341, 342, 343, 344, 345, 346, 347, 348, 349, 350, 351, 352, 353, 354, 355, 356, 357, 358, 359, 360, 361, 362, 363, 364, 365, 366, 367, 368, 369, 370, 371, 372, 373, 374, 375, 376, 377, 378, 379, 380, 381, 382, 383, 384, 385, 386, 387, 388, 389, 390, 391, 392, 393, 394, 395, 396, 397, 398, 399, 400, 401, 402, 403, 404, 405, 406, 407, 408, 409, 410, 411, 412, 413, 414, 415, 416, 417, 418, 419, 420, 421, 422, 423, 424, 425, 426, 427, 428, 429, 430, 431, 432, 433, 434, 435, 436, 437, 438, 439, 440, 441, 442, 443, 444, 445, 446, 447, 448, 449, 450, 451, 452, 453, 454, 455, 456, 457, 458, 459, 460, 461, 462, 463, 464, 465, 466, 467, 468, 469, 470, 471, 472, 473, 474, 475, 476, 477, 478, 479, 480, 481, 482, 483, 484, 485, 486, 487, 488, 489, 490, 491, 492, 493, 494, 495, 496, 497, 498, 499, 500, 501, 502, 503, 504, 505, 506, 507, 508, 509, 510, 511, 512, 513, 514, 515, 516, 517, 518, 519, 520, 521, 522, 523, 524, 525, 526, 527, 528, 529, 530, 531, 532, 533, 534, 535, 536, 537, 538, 539, 540, 541, 542, 543, 544, 545, 546, 547, 548, 549, 550, 551, 552, 553, 554, 555, 556, 557, 558, 559, 560, 561, 562, 563, 564, 565, 566, 567, 568, 569, 570, 571, 572, 573, 574, 575, 576, 577, 578, 579, 580, 581, 582, 583, 584, 585, 586, 587, 588, 589, 590, 591, 592, 593, 594, 595, 596, 597, 598, 599, 600, 601, 602, 603, 604, 605, 606, 607, 608, 609, 610, 611, 612, 613, 614, 615, 616, 617, 618, 619, 620, 621, 622, 623, 624, 625, 626, 627, 628, 629, 630, 631, 632, 633, 634, 635, 636, 637, 638, 639, 640, 641, 642, 643, 644, 645, 646, 647, 648, 649, 650, 651, 652, 653, 654, 655, 656, 657, 658, 659, 660, 661, 662, 663, 664, 665, 666, 667, 668, 669, 670, 671, 672, 673, 674, 675, 676, 677, 678, 679, 680, 681, 682, 683, 684, 685, 686, 687, 688, 689, 690, 691, 692, 693, 694, 695, 696, 697, 698, 699, 700, 701, 702, 703, 704, 705, 706, 707, 708, 709, 710, 711, 712, 713, 714, 715, 716, 717, 718, 719, 720, 721, 722, 723, 724, 725, 726, 727, 728, 729, 730, 731, 732, 733, 734, 735, 736, 737, 738, 739, 740, 741, 742, 743, 744, 745, 746, 747, 748, 749, 750, 751, 752, 753, 754, 755, 756, 757, 758, 759, 760, 761, 762, 763, 764, 765, 766, 767, 768, 769, 770, 771, 772, 773, 774, 775, 776, 777, 778, 779, 780, 781, 782, 783, 784, 785, 786, 787, 788, 789, 790, 791, 792, 793, 794, 795, 796, 797, 798, 799, 800, 801, 802, 803, 804, 805, 806, 807, 808, 809, 810, 811, 812, 813, 814, 815, 816, 817, 818, 819, 820, 821, 822, 823, 824, 825, 826, 827, 828, 829, 830, 831, 832, 833, 834, 835, 836, 837, 838, 839, 840, 841, 842, 843, 844, 845, 846, 847, 848, 849, 850, 851, 852, 853, 854, 855, 856, 857, 858, 859, 860, 861, 862, 863, 864, 865, 866, 867, 868, 869, 870, 871, 872, 873, 874, 875, 876, 877, 878, 879, 880, 881, 882, 883, 884, 885, 886, 887, 888, 889, 890, 891, 892, 893, 894, 895, 896, 897, 898, 899, 900, 901, 902, 903, 904, 905, 906, 907, 908, 909, 910, 911, 912, 913, 914, 915, 916, 917, 918, 919, 920, 921, 922, 923, 924, 925, 926, 927, 928, 929, 930, 931, 932, 933, 934, 935, 936, 937, 938, 939, 940, 941, 942, 943, 944, 945, 946, 947, 948, 949, 950, 951, 952, 953, 954, 955, 956, 957, 958, 959, 960, 961, 962, 963, 964, 965, 966, 967, 968, 969, 970, 971, 972, 973, 974, 975, 976, 977, 978, 979, 980, 981, 982, 983, 984, 985, 986, 987, 988, 989, 990, 991, 992, 993, 994, 995, 996, 997, 998, 999, 1000, 1001, 1002, 1003, 1004, 1005, 1006, 1007, 1008, 1009, 1010, 1011, 1012, 1013, 1014, 1015, 1016, 1017, 1018, 1019, 1020, 1021, 1022, 1023, 1024, 1025, 1026, 1027, 1028, 1029, 1030, 1031, 1032, 1033, 1034, 1035, 1036, 1037, 1038, 1039, 1040, 1041, 1042, 1043, 1044, 1045, 1046, 1047, 1048, 1049, 1050, 1051, 1052, 1053, 1054, 1055, 1056, 1057, 1058, 1059, 1060, 1061, 1062, 1063, 1064, 1065, 1066, 1067, 1068, 1069, 1070, 1071, 1072, 1073, 1074, 1075, 1076, 1077, 1078, 1079, 1080, 1081, 1082, 1083, 1084, 1085, 1086, 1087, 1088, 1089, 1090, 1091, 1092, 1093, 1094, 1095, 1096, 1097, 1098, 1099, 1100, 1101, 1102, 1103, 1104, 1105, 1106, 1107, 1108, 1109, 1110, 1111, 1112, 1113, 1114, 1115, 1116, 1117, 1118, 1119, 1120, 1121, 1122, 1123, 1124, 1125, 1126, 1127, 1128, 1129, 1130, 1131, 1132, 1133, 1134, 1135, 1136, 1137, 1138, 1139, 1140, 1141, 1142, 1143, 1144, 1145, 1146, 1147, 1148, 1149, 1150, 1151, 1152, 1153, 1154, 1155, 1156, 1157, 1158, 1159, 1160, 1161, 1162, 1163, 1164, 1165, 1166, 1167, 1168, 1169, 1170, 1171, 1172, 1173, 1174, 1175, 1176, 1177, 1178, 1179, 1180, 1181, 1182, 1183, 1184, 1185, 1186, 1187, 1188, 1189, 1190, 1191, 1192, 1193, 1194, 1195, 1196, 1197, 1198, 1199, 1200, 1201, 1202, 1203, 1204, 1205, 1206, 1207, 1208, 1209, 1210, 1211, 1212, 1213, 1214, 1215, 1216, 1217, 1218, 1219, 1220, 1221, 1222, 1223, 1224, 1225, 1226, 1227, 1228, 1229, 1230, 1231, 1232, 1233, 1234, 1235, 1236, 1237, 1238, 1239, 1240, 1241, 1242, 1243, 1244, 1245, 1246, 1247, 1248, 1249, 1250, 1251, 1252, 1253, 1254, 1255, 1256, 1257, 1258, 1259, 1260, 1261, 1262, 1263, 1264, 1265, 1266, 1267, 1268, 1269, 1270, 1271, 1272, 1273, 1274, 1275, 1276, 1277, 1278, 1279, 1280, 1281, 1282, 1283, 1284, 1285, 1286, 1287, 1288, 1289, 1290, 1291, 1292, 1293, 1294, 1295, 1296, 1297, 1298, 1299, 1300, 1301, 1302, 1303, 1304, 1305, 1306, 1307, 1308, 1309, 1310, 1311, 1312, 1313, 1314, 1315, 1316, 1317, 1318, 1319, 1320, 1321, 1322, 1323, 1324, 1325, 1326, 1327, 1328, 1329, 1330, 1331, 1332, 1333, 1334, 1335, 1336, 1337, 1338, 1339, 1340, 1341, 1342, 1343, 1344, 1345, 1346, 1347, 1348, 1349, 1350, 1351, 1352, 1353, 1354, 1355, 1356] 
      ],
     "name":"absrel.filter.default"
    }
  },
 "fits":{
   "Baseline MG94xREV":{
     "AIC-c":17799.60839546576,
     "Equilibrium frequencies":      [
[0.01826089268244535],
      [0.01103894957178034],
      [0.01099936900775553],
      [0.0514806474686205],
      [0.01339687255973196],
      [0.008098585495144859],
      [0.008069547715814808],
      [0.03776812478026348],
      [0.009898274035264071],
      [0.005983636716072669],
      [0.005962182164205967],
      [0.02790496417774204],
      [0.01795016805386664],
      [0.01085111245093202],
      [0.01081220538388622],
      [0.05060466044313097],
      [0.009697033390249897],
      [0.005861984101891349],
      [0.005840965739994814],
      [0.02733763163368236],
      [0.007114105689998881],
      [0.004300570367828085],
      [0.004285150512915247],
      [0.0200559070933818],
      [0.005256254198244699],
      [0.003177474729187876],
      [0.003166081775434621],
      [0.01481829908816133],
      [0.009532030115169192],
      [0.005762237453988121],
      [0.005741576737405383],
      [0.02687245856775861],
      [0.01664226595914627],
      [0.01006046844904686],
      [0.01002439626545931],
      [0.04691745588896932],
      [0.01220938757140714],
      [0.007380735216337547],
      [0.007354271315865788],
      [0.03442039709129913],
      [0.009020901217481848],
      [0.005453253319183234],
      [0.005433700476701268],
      [0.02543149688803951],
      [0.01635908364167748],
      [0.009889281017166105],
      [0.009853822632478868],
      [0.04611911545137545],
      [0.01144701932048425],
      [0.05338369945187604],
      [0.01389210613094452],
      [0.00839796069623366],
      [0.008367849495991857],
      [0.03916427475702385],
      [0.006204829965954456],
      [0.006182582317468201],
      [0.02893650904037214],
      [0.01861372037098742],
      [0.01125223854560405],
      [0.01121189322603531],
      [0.05247533037743927] 
      ],
     "Log Likelihood":-8697.936246699217,
     "Rate Distributions":{
       "Per-branch omega":{
         "2.5%":0.03831900664491576,
         "97.5%":10000000000,
         "Mean":222222222.5637054,
         "Median":0.2914150194780467
        }
      },
     "display order":1,
     "estimated parameters":244
    },
   "Full adaptive model":{
     "AIC-c":17799.60839546576,
     "Log Likelihood":-8649.160297596405,
     "Rate Distributions":{
      },
     "display order":2,
     "estimated parameters":250
    },
   "Nucleotide GTR":{
     "AIC-c":17799.60839546576,
     "Equilibrium frequencies":      [
[0.255299725705463],
      [0.1727295551509645],
      [0.1829515526847048],
      [0.3890191664588677] 
      ],
     "Log Likelihood":-9248.686528271872,
     "Rate Distributions":{
       "Substitution rate from nucleotide A to nucleotide C":0.2017766538085545,
       "Substitution rate from nucleotide A to nucleotide G":1,
       "Substitution rate from nucleotide A to nucleotide T":0.1485795329945818,
       "Substitution rate from nucleotide C to nucleotide G":0.2106295153450817,
       "Substitution rate from nucleotide C to nucleotide T":2.45822857660351,
       "Substitution rate from nucleotide G to nucleotide T":0.2256786373335012
      },
     "display order":0,
     "estimated parameters":149
    }
  },
 "input":{
   "file name":"/data/shares/veg/SARS-CoV-2/coronavirus-comparative-data/data/catted/NL63_S.catted.qa.fasta_protein.aligned.compressed.codon.fas",
   "number of sequences":72,
   "number of sites":1357,
   "partition count":1,
   "trees":{
     "0":"(jq765573_NL63_s_usa_denver_co_12_apr_2005_2,jq765575_NL63_s_usa_denver_co_21_nov_2005_2,jq765568_NL63_s_usa_denver_co_11_jan_2005_2,gb_JQ900259_Organism_Human_coronavirus_NL63_Strain_Name_NL63_DEN_2005_449_Segment_null_Host_Human_1,((((((((gb_KY554968_Organism_Human_coronavirus_NL63_Strain_Name_N07_185B_Segment_null_Host_Human_1,gb_KY674915_Organism_Human_coronavirus_NL63_Strain_Name_N07_6B_Segment_null_Host_Human_2,(gb_KY674916_Organism_Human_coronavirus_NL63_Strain_Name_N07_64B_Segment_null_Host_Human_1,gb_KY554970_Organism_Human_coronavirus_NL63_Strain_Name_N07_324B_182X_Segment_null_Host_Human_1)Node15)Node12,((km055638_NL63_s_china_2007_1,km055644_NL63_s_china_2007_1,((km055635_NL63_s_china_2008_2,gb_JQ900257_Organism_Human_coronavirus_NL63_Strain_Name_NL63_DEN_2009_31_Segment_null_Host_Human_1,km055634_NL63_s_china_2008_1,km055632_NL63_s_china_2008_1,((gb_MN306040_Organism_Human_coronavirus_NL63_Strain_Name_HCoV_NL63_Seattle_USA_SC0768_2019_Segment_null_Host_Human_1,(mk334043_NL63_s_china_15_aug_2018_2,mk334044_NL63_s_china_13_jul_2018_2)Node39)Node37,km055636_NL63_s_china_2008_1)Node36,(gb_MG428699_Organism_Human_coronavirus_NL63_Strain_Name_Kilifi_HH_5709_19_May_2010_Segment_null_Host_Human_1,gb_MG428704_Organism_Human_coronavirus_NL63_Strain_Name_Kilifi_HH_5402_20_May_2010_Segment_null_Host_Human_6)Node43,(jx524171_NL63_s_china_24_jan_2009_2,km055633_NL63_s_china_2010_1)Node47,(jx104161_NL63_s_china_beijing_children_s_hospital_beijing_04_nov_2008_2,km055650_NL63_s_china_2008_1)Node50,km055649_NL63_s_china_2008_1,(km055643_NL63_s_china_2008_1,(((mk334046_NL63_s_china_01_sep_2018_2,mk334047_NL63_s_china_25_jul_2018_2,lc488388_NL63_s_japan_tokyo_2018_2)Node59,((gb_KY983586_Organism_Human_coronavirus_NL63_Strain_Name_HCoV_NL63_Seattle_USA_SC2940_2015_Segment_null_Host_Human_1,lc488390_NL63_s_japan_tokyo_2017_1)Node65,((jq771056_NL63_s_usa_denver_co_23_dec_2010_1,(jq765565_NL63_s_usa_denver_co_13_feb_2009_2,(jq765569_NL63_s_usa_denver_co_18_jan_2005_2,(mg772808_NL63_s_south_korea_2014_11_25_2,kf530112_NL63_s_usa_nashville_tn_21_nov_2001_2)Node76)Node74,jq765570_NL63_s_usa_denver_co_19_jan_2005_2,jq765564_NL63_s_usa_denver_co_01_mar_2009_2,jq765563_NL63_s_usa_denver_co_16_mar_2009_2)Node71)Node69,jq771060_NL63_s_usa_denver_co_30_dec_2010_1)Node68)Node64)Node58,km055646_NL63_s_china_2008_1)Node57)Node55)Node25,km055648_NL63_s_china_2008_1)Node24,gb_JQ900255_Organism_Human_coronavirus_NL63_Strain_Name_NL63_DEN_2009_6_Segment_null_Host_Human_1,km055640_NL63_s_china_2007_2,jq765566_NL63_s_usa_denver_co_08_jan_2008_2,km055645_NL63_s_china_2008_2,km055642_NL63_s_china_2007_1,km055639_NL63_s_china_2007_1)Node20,((((jq771057_NL63_s_usa_denver_co_03_dec_2010_1,jq771055_NL63_s_usa_denver_co_15_dec_2010_2)Node102,(jq765567_NL63_s_usa_denver_co_12_mar_2009_2,(ku521535_NL63_s_usa_01_sep_2015_2,kt381875_NL63_s_usa_2015_2)Node107)Node105)Node101,jq771059_NL63_s_usa_denver_co_14_dec_2010_1)Node100,kx179500_NL63_s_usa_sep_2015_2)Node99)Node19)Node11,mk334045_NL63_s_china_14_aug_2018_2)Node10,kx179494_NL63_s_haiti_21_jan_2015_5)Node9,((jq765574_NL63_s_usa_denver_co_nov_2005_2,gb_KY829118_Organism_Human_coronavirus_NL63_Strain_Name_N07_262B_Segment_null_Host_Human_2,gb_KY554971_Organism_Human_coronavirus_NL63_Strain_Name_N07_468B_176X_Segment_null_Host_Human_1)Node115,kf530105_NL63_s_usa_nashville_tn_23_feb_2001_2)Node114)Node8,((kf530109_NL63_s_usa_nashville_tn_21_mar_1990_2,kf530113_NL63_s_usa_nashville_tn_29_may_1990_2,kf530104_NL63_s_usa_nashville_tn_26_apr_1990_6,kf530107_NL63_s_usa_nashville_tn_24_jan_1991_2,kf530111_NL63_s_usa_nashville_tn_05_jan_1990_2)Node122,(kf530106_NL63_s_usa_nashville_tn_16_dec_1987_2,kf530110_NL63_s_usa_nashville_tn_16_aug_1983_2)Node131)Node121)Node7,(jq765571_NL63_s_usa_denver_co_23_jan_2005_2,jq765572_NL63_s_usa_denver_co_01_feb_2005_2)Node134)Node6,(jx504050_NL63_s_usa_2004_2,NL63_lcl_NC_005831_2_cds_YP_003767_1_2_locus_tag_HCNV63gp2_db_xref_GeneID_2943499_protein_spike_protein_protein_id_YP_003767_1_location_20472_24542_gbkey_CDS__1)Node137)Node5)"
    }
  },
 "test results":{
   "P-value threshold":0.05,
   "positive test results":0,
   "tested":43
  },
 "tested":{
   "0":{
     "NL63_lcl_NC_005831_2_cds_YP_003767_1_2_locus_tag_HCNV63gp2_db_xref_GeneID_2943499_protein_spike_protein_protein_id_YP_003767_1_location_20472_24542_gbkey_CDS__1":"background",
     "Node10":"test",
     "Node100":"test",
     "Node101":"test",
     "Node102":"test",
     "Node105":"test",
     "Node107":"test",
     "Node11":"test",
     "Node114":"test",
     "Node115":"test",
     "Node12":"test",
     "Node121":"test",
     "Node122":"test",
     "Node131":"test",
     "Node134":"test",
     "Node137":"test",
     "Node15":"test",
     "Node19":"test",
     "Node20":"test",
     "Node24":"test",
     "Node25":"test",
     "Node36":"test",
     "Node37":"test",
     "Node39":"test",
     "Node43":"test",
     "Node47":"test",
     "Node5":"test",
     "Node50":"test",
     "Node55":"test",
     "Node57":"test",
     "Node58":"test",
     "Node59":"test",
     "Node6":"test",
     "Node64":"test",
     "Node65":"test",
     "Node68":"test",
     "Node69":"test",
     "Node7":"test",
     "Node71":"test",
     "Node74":"test",
     "Node76":"test",
     "Node8":"test",
     "Node9":"test",
     "Node99":"test",
     "gb_JQ900255_Organism_Human_coronavirus_NL63_Strain_Name_NL63_DEN_2009_6_Segment_null_Host_Human_1":"background",
     "gb_JQ900257_Organism_Human_coronavirus_NL63_Strain_Name_NL63_DEN_2009_31_Segment_null_Host_Human_1":"background",
     "gb_JQ900259_Organism_Human_coronavirus_NL63_Strain_Name_NL63_DEN_2005_449_Segment_null_Host_Human_1":"background",
     "gb_KY554968_Organism_Human_coronavirus_NL63_Strain_Name_N07_185B_Segment_null_Host_Human_1":"background",
     "gb_KY554970_Organism_Human_coronavirus_NL63_Strain_Name_N07_324B_182X_Segment_null_Host_Human_1":"background",
     "gb_KY554971_Organism_Human_coronavirus_NL63_Strain_Name_N07_468B_176X_Segment_null_Host_Human_1":"background",
     "gb_KY674915_Organism_Human_coronavirus_NL63_Strain_Name_N07_6B_Segment_null_Host_Human_2":"background",
     "gb_KY674916_Organism_Human_coronavirus_NL63_Strain_Name_N07_64B_Segment_null_Host_Human_1":"background",
     "gb_KY829118_Organism_Human_coronavirus_NL63_Strain_Name_N07_262B_Segment_null_Host_Human_2":"background",
     "gb_KY983586_Organism_Human_coronavirus_NL63_Strain_Name_HCoV_NL63_Seattle_USA_SC2940_2015_Segment_null_Host_Human_1":"background",
     "gb_MG428699_Organism_Human_coronavirus_NL63_Strain_Name_Kilifi_HH_5709_19_May_2010_Segment_null_Host_Human_1":"background",
     "gb_MG428704_Organism_Human_coronavirus_NL63_Strain_Name_Kilifi_HH_5402_20_May_2010_Segment_null_Host_Human_6":"background",
     "gb_MN306040_Organism_Human_coronavirus_NL63_Strain_Name_HCoV_NL63_Seattle_USA_SC0768_2019_Segment_null_Host_Human_1":"background",
     "jq765563_NL63_s_usa_denver_co_16_mar_2009_2":"background",
     "jq765564_NL63_s_usa_denver_co_01_mar_2009_2":"background",
     "jq765565_NL63_s_usa_denver_co_13_feb_2009_2":"background",
     "jq765566_NL63_s_usa_denver_co_08_jan_2008_2":"background",
     "jq765567_NL63_s_usa_denver_co_12_mar_2009_2":"background",
     "jq765568_NL63_s_usa_denver_co_11_jan_2005_2":"background",
     "jq765569_NL63_s_usa_denver_co_18_jan_2005_2":"background",
     "jq765570_NL63_s_usa_denver_co_19_jan_2005_2":"background",
     "jq765571_NL63_s_usa_denver_co_23_jan_2005_2":"background",
     "jq765572_NL63_s_usa_denver_co_01_feb_2005_2":"background",
     "jq765573_NL63_s_usa_denver_co_12_apr_2005_2":"background",
     "jq765574_NL63_s_usa_denver_co_nov_2005_2":"background",
     "jq765575_NL63_s_usa_denver_co_21_nov_2005_2":"background",
     "jq771055_NL63_s_usa_denver_co_15_dec_2010_2":"background",
     "jq771056_NL63_s_usa_denver_co_23_dec_2010_1":"background",
     "jq771057_NL63_s_usa_denver_co_03_dec_2010_1":"background",
     "jq771059_NL63_s_usa_denver_co_14_dec_2010_1":"background",
     "jq771060_NL63_s_usa_denver_co_30_dec_2010_1":"background",
     "jx104161_NL63_s_china_beijing_children_s_hospital_beijing_04_nov_2008_2":"background",
     "jx504050_NL63_s_usa_2004_2":"background",
     "jx524171_NL63_s_china_24_jan_2009_2":"background",
     "kf530104_NL63_s_usa_nashville_tn_26_apr_1990_6":"background",
     "kf530105_NL63_s_usa_nashville_tn_23_feb_2001_2":"background",
     "kf530106_NL63_s_usa_nashville_tn_16_dec_1987_2":"background",
     "kf530107_NL63_s_usa_nashville_tn_24_jan_1991_2":"background",
     "kf530109_NL63_s_usa_nashville_tn_21_mar_1990_2":"background",
     "kf530110_NL63_s_usa_nashville_tn_16_aug_1983_2":"background",
     "kf530111_NL63_s_usa_nashville_tn_05_jan_1990_2":"background",
     "kf530112_NL63_s_usa_nashville_tn_21_nov_2001_2":"background",
     "kf530113_NL63_s_usa_nashville_tn_29_may_1990_2":"background",
     "km055632_NL63_s_china_2008_1":"background",
     "km055633_NL63_s_china_2010_1":"background",
     "km055634_NL63_s_china_2008_1":"background",
     "km055635_NL63_s_china_2008_2":"background",
     "km055636_NL63_s_china_2008_1":"background",
     "km055638_NL63_s_china_2007_1":"background",
     "km055639_NL63_s_china_2007_1":"background",
     "km055640_NL63_s_china_2007_2":"background",
     "km055642_NL63_s_china_2007_1":"background",
     "km055643_NL63_s_china_2008_1":"background",
     "km055644_NL63_s_china_2007_1":"background",
     "km055645_NL63_s_china_2008_2":"background",
     "km055646_NL63_s_china_2008_1":"background",
     "km055648_NL63_s_china_2008_1":"background",
     "km055649_NL63_s_china_2008_1":"background",
     "km055650_NL63_s_china_2008_1":"background",
     "kt381875_NL63_s_usa_2015_2":"background",
     "ku521535_NL63_s_usa_01_sep_2015_2":"background",
     "kx179494_NL63_s_haiti_21_jan_2015_5":"background",
     "kx179500_NL63_s_usa_sep_2015_2":"background",
     "lc488388_NL63_s_japan_tokyo_2018_2":"background",
     "lc488390_NL63_s_japan_tokyo_2017_1":"background",
     "mg772808_NL63_s_south_korea_2014_11_25_2":"background",
     "mk334043_NL63_s_china_15_aug_2018_2":"background",
     "mk334044_NL63_s_china_13_jul_2018_2":"background",
     "mk334045_NL63_s_china_14_aug_2018_2":"background",
     "mk334046_NL63_s_china_01_sep_2018_2":"background",
     "mk334047_NL63_s_china_25_jul_2018_2":"background"
    }
  },
 "timers":{
   "Baseline model fitting":{
     "order":2,
     "timer":42
    },
   "Complexity analysis":{
     "order":3,
     "timer":523
    },
   "Full adaptive model fitting":{
     "order":4,
     "timer":94
    },
   "Overall":{
     "order":0,
     "timer":793
    },
   "Preliminary model fitting":{
     "order":1,
     "timer":3
    },
   "Testing for selection":{
     "order":5,
     "timer":130
    }
  }
}