{
 "analysis":{
   "authors":"Sergei L Kosakovsky Pond, Ben Murrell, Steven Weaver and Temple iGEM / UCSD viral evolution group",
   "citation":"Less Is More: An Adaptive Branch-Site Random Effects Model for Efficient Detection of Episodic Diversifying Selection (2015). Mol Biol Evol 32 (5): 1342-1353. v2.2 adds support for multiple-hit models",
   "contact":"spond@temple.edu",
   "info":"aBSREL (Adaptive branch-site random effects likelihood)\n                            uses an adaptive random effects branch-site model framework\n                            to test whether each branch has evolved under positive selection,\n                            using a procedure which infers an optimal number of rate categories per branch.",
   "requirements":"in-frame codon alignment and a phylogenetic tree",
   "version":"2.2"
  },
 "branch attributes":{
   "0":{
     "NL63_lcl_NC_005831_2_cds_YP_003770_1_5_locus_tag_HCNV63gp5_db_xref_GeneID_2943503_protein_membrane_protein_protein_id_YP_003770_1_location_25442_26122_gbkey_CDS__3":{
       "Baseline MG94xREV":0.001484921882385154,
       "Baseline MG94xREV omega ratio":10000000000,
       "Corrected P-value":null,
       "Full adaptive model":0.001484606878620061,
       "Full adaptive model (non-synonymous subs/site)":0.001484606878620061,
       "Full adaptive model (synonymous subs/site)":1e-10,
       "LRT":null,
       "Nucleotide GTR":0.001476917878182164,
       "Rate Distributions":        [
[10000000000, 1] 
        ],
       "Rate classes":1,
       "Uncorrected P-value":null,
       "original name":"NL63_lcl_NC_005831_2_cds_YP_003770_1_5_locus_tag_HCNV63gp5_db_xref_GeneID_2943503_protein_membrane_protein_protein_id_YP_003770_1_location_25442_26122_gbkey_CDS__3"
      },
     "Node10":{
       "Baseline MG94xREV":0.001545499582564858,
       "Baseline MG94xREV omega ratio":0,
       "Corrected P-value":1,
       "Full adaptive model":0.001553664718637367,
       "Full adaptive model (non-synonymous subs/site)":1e-10,
       "Full adaptive model (synonymous subs/site)":0.001553664718637367,
       "LRT":0,
       "Nucleotide GTR":0.001475474772707872,
       "Rate Distributions":        [
[0, 1] 
        ],
       "Rate classes":1,
       "Uncorrected P-value":1
      },
     "Node14":{
       "Baseline MG94xREV":0.001553686760910316,
       "Baseline MG94xREV omega ratio":0,
       "Corrected P-value":1,
       "Full adaptive model":0.001559529449080711,
       "Full adaptive model (non-synonymous subs/site)":1e-10,
       "Full adaptive model (synonymous subs/site)":0.001559529449080711,
       "LRT":0,
       "Nucleotide GTR":0.001476002386958792,
       "Rate Distributions":        [
[0, 1] 
        ],
       "Rate classes":1,
       "Uncorrected P-value":1
      },
     "Node2":{
       "Baseline MG94xREV":0.001535116490181345,
       "Baseline MG94xREV omega ratio":0,
       "Corrected P-value":1,
       "Full adaptive model":0.001544374168067237,
       "Full adaptive model (non-synonymous subs/site)":1e-10,
       "Full adaptive model (synonymous subs/site)":0.001544374168067237,
       "LRT":0,
       "Nucleotide GTR":0.001478673222439616,
       "Rate Distributions":        [
[0, 1] 
        ],
       "Rate classes":1,
       "Uncorrected P-value":1
      },
     "Node7":{
       "Baseline MG94xREV":0.007605462061017595,
       "Baseline MG94xREV omega ratio":0.5375108622826078,
       "Corrected P-value":1,
       "Full adaptive model":0.007616361746635745,
       "Full adaptive model (non-synonymous subs/site)":0.004472743738291339,
       "Full adaptive model (synonymous subs/site)":0.003143618008344416,
       "LRT":0,
       "Nucleotide GTR":0.007440924828202661,
       "Rate Distributions":        [
[0.4998863605408972, 1] 
        ],
       "Rate classes":1,
       "Uncorrected P-value":1
      },
     "Node8":{
       "Baseline MG94xREV":0.003125036608905523,
       "Baseline MG94xREV omega ratio":0,
       "Corrected P-value":1,
       "Full adaptive model":0.003137879742895199,
       "Full adaptive model (non-synonymous subs/site)":1e-10,
       "Full adaptive model (synonymous subs/site)":0.003137879742895199,
       "LRT":0,
       "Nucleotide GTR":0.002959052706873177,
       "Rate Distributions":        [
[0, 1] 
        ],
       "Rate classes":1,
       "Uncorrected P-value":1
      },
     "Node9":{
       "Baseline MG94xREV":0.003025214763547137,
       "Baseline MG94xREV omega ratio":0.3624730189995842,
       "Corrected P-value":1,
       "Full adaptive model":0.003032984504066246,
       "Full adaptive model (non-synonymous subs/site)":0.001486177490044485,
       "Full adaptive model (synonymous subs/site)":0.001546807014021763,
       "LRT":0,
       "Nucleotide GTR":0.002956150501006941,
       "Rate Distributions":        [
[0.3375682444298519, 1] 
        ],
       "Rate classes":1,
       "Uncorrected P-value":1
      },
     "gb_JQ900256_Organism_Human_coronavirus_NL63_Strain_Name_NL63_DEN_2009_22_Segment_null_Host_Human_1":{
       "Baseline MG94xREV":0.001531221489600668,
       "Baseline MG94xREV omega ratio":0,
       "Corrected P-value":null,
       "Full adaptive model":0.001539120715411444,
       "Full adaptive model (non-synonymous subs/site)":1e-10,
       "Full adaptive model (synonymous subs/site)":0.001539120715411444,
       "LRT":null,
       "Nucleotide GTR":0.001473278497484111,
       "Rate Distributions":        [
[0, 1] 
        ],
       "Rate classes":1,
       "Uncorrected P-value":null,
       "original name":"gb_JQ900256_Organism_Human_coronavirus_NL63_Strain_Name_NL63_DEN_2009_22_Segment_null_Host_Human_1"
      },
     "gb_KY554970_Organism_Human_coronavirus_NL63_Strain_Name_N07_324B_182X_Segment_null_Host_Human_2":{
       "Baseline MG94xREV":0.001485375366839744,
       "Baseline MG94xREV omega ratio":10000000000,
       "Corrected P-value":null,
       "Full adaptive model":0.001485867928258726,
       "Full adaptive model (non-synonymous subs/site)":0.001485867928258726,
       "Full adaptive model (synonymous subs/site)":1e-10,
       "LRT":null,
       "Nucleotide GTR":0.001475539025604034,
       "Rate Distributions":        [
[10000000000, 1] 
        ],
       "Rate classes":1,
       "Uncorrected P-value":null,
       "original name":"gb_KY554970_Organism_Human_coronavirus_NL63_Strain_Name_N07_324B_182X_Segment_null_Host_Human_2"
      },
     "gb_KY983586_Organism_Human_coronavirus_NL63_Strain_Name_HCoV_NL63_Seattle_USA_SC2940_2015_Segment_null_Host_Human_1":{
       "Baseline MG94xREV":0.001545403934591941,
       "Baseline MG94xREV omega ratio":0,
       "Corrected P-value":null,
       "Full adaptive model":0.001552495105686441,
       "Full adaptive model (non-synonymous subs/site)":1e-10,
       "Full adaptive model (synonymous subs/site)":0.001552495105686441,
       "LRT":null,
       "Nucleotide GTR":0.001475474777503245,
       "Rate Distributions":        [
[0, 1] 
        ],
       "Rate classes":1,
       "Uncorrected P-value":null,
       "original name":"gb_KY983586_Organism_Human_coronavirus_NL63_Strain_Name_HCoV_NL63_Seattle_USA_SC2940_2015_Segment_null_Host_Human_1"
      },
     "gb_MG428699_Organism_Human_coronavirus_NL63_Strain_Name_Kilifi_HH_5709_19_May_2010_Segment_null_Host_Human_7":{
       "Baseline MG94xREV":0.00148716694974421,
       "Baseline MG94xREV omega ratio":10000000000,
       "Corrected P-value":null,
       "Full adaptive model":0.001486753757384994,
       "Full adaptive model (non-synonymous subs/site)":0.001486753757384994,
       "Full adaptive model (synonymous subs/site)":1e-10,
       "LRT":null,
       "Nucleotide GTR":0.001479058858109243,
       "Rate Distributions":        [
[10000000000, 1] 
        ],
       "Rate classes":1,
       "Uncorrected P-value":null,
       "original name":"gb_MG428699_Organism_Human_coronavirus_NL63_Strain_Name_Kilifi_HH_5709_19_May_2010_Segment_null_Host_Human_7"
      },
     "jq765563_NL63_m_usa_denver_co_16_mar_2009_2":{
       "Baseline MG94xREV":0.001538036255121357,
       "Baseline MG94xREV omega ratio":0,
       "Corrected P-value":null,
       "Full adaptive model":0.001546009762852817,
       "Full adaptive model (non-synonymous subs/site)":1e-10,
       "Full adaptive model (synonymous subs/site)":0.001546009762852817,
       "LRT":null,
       "Nucleotide GTR":0.001474334924672219,
       "Rate Distributions":        [
[0, 1] 
        ],
       "Rate classes":1,
       "Uncorrected P-value":null,
       "original name":"jq765563_NL63_m_usa_denver_co_16_mar_2009_2"
      },
     "jq765568_NL63_m_usa_denver_co_11_jan_2005_10":{
       "Baseline MG94xREV":0,
       "Baseline MG94xREV omega ratio":1,
       "Corrected P-value":null,
       "Full adaptive model":0,
       "Full adaptive model (non-synonymous subs/site)":1e-10,
       "Full adaptive model (synonymous subs/site)":1e-10,
       "LRT":null,
       "Nucleotide GTR":0,
       "Rate Distributions":        [
[1, 1] 
        ],
       "Rate classes":1,
       "Uncorrected P-value":null,
       "original name":"jq765568_NL63_m_usa_denver_co_11_jan_2005_10"
      },
     "jq765575_NL63_m_usa_denver_co_21_nov_2005_2":{
       "Baseline MG94xREV":0.001552846638535965,
       "Baseline MG94xREV omega ratio":0,
       "Corrected P-value":null,
       "Full adaptive model":0.00155872399517403,
       "Full adaptive model (non-synonymous subs/site)":1e-10,
       "Full adaptive model (synonymous subs/site)":0.00155872399517403,
       "LRT":null,
       "Nucleotide GTR":0.001476334734505042,
       "Rate Distributions":        [
[0, 1] 
        ],
       "Rate classes":1,
       "Uncorrected P-value":null,
       "original name":"jq765575_NL63_m_usa_denver_co_21_nov_2005_2"
      },
     "kf530104_NL63_m_usa_nashville_tn_26_apr_1990_19":{
       "Baseline MG94xREV":0,
       "Baseline MG94xREV omega ratio":1,
       "Corrected P-value":null,
       "Full adaptive model":0,
       "Full adaptive model (non-synonymous subs/site)":1e-10,
       "Full adaptive model (synonymous subs/site)":1e-10,
       "LRT":null,
       "Nucleotide GTR":0,
       "Rate Distributions":        [
[1, 1] 
        ],
       "Rate classes":1,
       "Uncorrected P-value":null,
       "original name":"kf530104_NL63_m_usa_nashville_tn_26_apr_1990_19"
      },
     "kf530106_NL63_m_usa_nashville_tn_16_dec_1987_2":{
       "Baseline MG94xREV":0,
       "Baseline MG94xREV omega ratio":1,
       "Corrected P-value":null,
       "Full adaptive model":0,
       "Full adaptive model (non-synonymous subs/site)":1e-10,
       "Full adaptive model (synonymous subs/site)":1e-10,
       "LRT":null,
       "Nucleotide GTR":0,
       "Rate Distributions":        [
[1, 1] 
        ],
       "Rate classes":1,
       "Uncorrected P-value":null,
       "original name":"kf530106_NL63_m_usa_nashville_tn_16_dec_1987_2"
      },
     "kf530109_NL63_m_usa_nashville_tn_21_mar_1990_2":{
       "Baseline MG94xREV":0.001556842094262022,
       "Baseline MG94xREV omega ratio":0,
       "Corrected P-value":null,
       "Full adaptive model":0.001565257240703794,
       "Full adaptive model (non-synonymous subs/site)":1e-10,
       "Full adaptive model (synonymous subs/site)":0.001565257240703794,
       "LRT":null,
       "Nucleotide GTR":0.001477037439049386,
       "Rate Distributions":        [
[0, 1] 
        ],
       "Rate classes":1,
       "Uncorrected P-value":null,
       "original name":"kf530109_NL63_m_usa_nashville_tn_21_mar_1990_2"
      },
     "kf530110_NL63_m_usa_nashville_tn_16_aug_1983_2":{
       "Baseline MG94xREV":0.001484267865873653,
       "Baseline MG94xREV omega ratio":10000000000,
       "Corrected P-value":null,
       "Full adaptive model":0.001483416684681475,
       "Full adaptive model (non-synonymous subs/site)":0.001483416684681475,
       "Full adaptive model (synonymous subs/site)":1e-10,
       "LRT":null,
       "Nucleotide GTR":0.001479497967115021,
       "Rate Distributions":        [
[10000000000, 1] 
        ],
       "Rate classes":1,
       "Uncorrected P-value":null,
       "original name":"kf530110_NL63_m_usa_nashville_tn_16_aug_1983_2"
      },
     "kf530112_NL63_m_usa_nashville_tn_21_nov_2001_19":{
       "Baseline MG94xREV":0,
       "Baseline MG94xREV omega ratio":1,
       "Corrected P-value":null,
       "Full adaptive model":0,
       "Full adaptive model (non-synonymous subs/site)":1e-10,
       "Full adaptive model (synonymous subs/site)":1e-10,
       "LRT":null,
       "Nucleotide GTR":0,
       "Rate Distributions":        [
[1, 1] 
        ],
       "Rate classes":1,
       "Uncorrected P-value":null,
       "original name":"kf530112_NL63_m_usa_nashville_tn_21_nov_2001_19"
      },
     "kx179497_NL63_m_haiti_21_jan_2015_6":{
       "Baseline MG94xREV":0.001485697420872845,
       "Baseline MG94xREV omega ratio":10000000000,
       "Corrected P-value":null,
       "Full adaptive model":0.001485063640875693,
       "Full adaptive model (non-synonymous subs/site)":0.001485063640875693,
       "Full adaptive model (synonymous subs/site)":1e-10,
       "LRT":null,
       "Nucleotide GTR":0.001476624615237312,
       "Rate Distributions":        [
[10000000000, 1] 
        ],
       "Rate classes":1,
       "Uncorrected P-value":null,
       "original name":"kx179497_NL63_m_haiti_21_jan_2015_6"
      },
     "kx179500_NL63_m_usa_sep_2015_5":{
       "Baseline MG94xREV":0,
       "Baseline MG94xREV omega ratio":1,
       "Corrected P-value":null,
       "Full adaptive model":0,
       "Full adaptive model (non-synonymous subs/site)":1e-10,
       "Full adaptive model (synonymous subs/site)":1e-10,
       "LRT":null,
       "Nucleotide GTR":0,
       "Rate Distributions":        [
[1, 1] 
        ],
       "Rate classes":1,
       "Uncorrected P-value":null,
       "original name":"kx179500_NL63_m_usa_sep_2015_5"
      },
     "mg772808_NL63_m_south_korea_2014_11_25_2":{
       "Baseline MG94xREV":0.004531232132037873,
       "Baseline MG94xREV omega ratio":0.714014472974105,
       "Corrected P-value":null,
       "Full adaptive model":0.004538512788661885,
       "Full adaptive model (non-synonymous subs/site)":0.002970423106383363,
       "Full adaptive model (synonymous subs/site)":0.00156808968227852,
       "LRT":null,
       "Nucleotide GTR":0.004441199451995059,
       "Rate Distributions":        [
[0.6655404499814538, 1] 
        ],
       "Rate classes":1,
       "Uncorrected P-value":null,
       "original name":"mg772808_NL63_m_south_korea_2014_11_25_2"
      },
     "mk334043_NL63_m_china_15_aug_2018_12":{
       "Baseline MG94xREV":0,
       "Baseline MG94xREV omega ratio":1,
       "Corrected P-value":null,
       "Full adaptive model":0,
       "Full adaptive model (non-synonymous subs/site)":1e-10,
       "Full adaptive model (synonymous subs/site)":1e-10,
       "LRT":null,
       "Nucleotide GTR":0,
       "Rate Distributions":        [
[1, 1] 
        ],
       "Rate classes":1,
       "Uncorrected P-value":null,
       "original name":"mk334043_NL63_m_china_15_aug_2018_12"
      },
     "mk334046_NL63_m_china_01_sep_2018_2":{
       "Baseline MG94xREV":0,
       "Baseline MG94xREV omega ratio":1,
       "Corrected P-value":null,
       "Full adaptive model":0,
       "Full adaptive model (non-synonymous subs/site)":1e-10,
       "Full adaptive model (synonymous subs/site)":1e-10,
       "LRT":null,
       "Nucleotide GTR":0,
       "Rate Distributions":        [
[1, 1] 
        ],
       "Rate classes":1,
       "Uncorrected P-value":null,
       "original name":"mk334046_NL63_m_china_01_sep_2018_2"
      },
     "mk334047_NL63_m_china_25_jul_2018_2":{
       "Baseline MG94xREV":0.002984533520962037,
       "Baseline MG94xREV omega ratio":10000000000,
       "Corrected P-value":null,
       "Full adaptive model":0.002981110965693484,
       "Full adaptive model (non-synonymous subs/site)":0.002981110965693484,
       "Full adaptive model (synonymous subs/site)":1e-10,
       "LRT":null,
       "Nucleotide GTR":0.00296835629035071,
       "Rate Distributions":        [
[10000000000, 1] 
        ],
       "Rate classes":1,
       "Uncorrected P-value":null,
       "original name":"mk334047_NL63_m_china_25_jul_2018_2"
      }
    },
   "attributes":{
     "Baseline MG94xREV":{
       "attribute type":"branch length",
       "display order":1
      },
     "Baseline MG94xREV omega ratio":{
       "attribute type":"branch label",
       "display order":1
      },
     "Corrected P-value":{
       "attribute type":"branch label",
       "display order":6
      },
     "Full adaptive model":{
       "attribute type":"branch length",
       "display order":2
      },
     "Full adaptive model (non-synonymous subs/site)":{
       "attribute type":"branch label",
       "display order":10
      },
     "Full adaptive model (synonymous subs/site)":{
       "attribute type":"branch label",
       "display order":9
      },
     "LRT":{
       "attribute type":"branch label",
       "display order":4
      },
     "Nucleotide GTR":{
       "attribute type":"branch length",
       "display order":0
      },
     "Rate Distributions":{
       "attribute type":"branch label",
       "display order":3
      },
     "Rate classes":{
       "attribute type":"branch label",
       "display order":2
      },
     "Uncorrected P-value":{
       "attribute type":"branch label",
       "display order":5
      },
     "original name":{
       "attribute type":"node label",
       "display order":-1
      }
    }
  },
 "data partitions":{
   "0":{
     "coverage":      [
[0, 1, 2, 3, 4, 5, 6, 7, 8, 9, 10, 11, 12, 13, 14, 15, 16, 17, 18, 19, 20, 21, 22, 23, 24, 25, 26, 27, 28, 29, 30, 31, 32, 33, 34, 35, 36, 37, 38, 39, 40, 41, 42, 43, 44, 45, 46, 47, 48, 49, 50, 51, 52, 53, 54, 55, 56, 57, 58, 59, 60, 61, 62, 63, 64, 65, 66, 67, 68, 69, 70, 71, 72, 73, 74, 75, 76, 77, 78, 79, 80, 81, 82, 83, 84, 85, 86, 87, 88, 89, 90, 91, 92, 93, 94, 95, 96, 97, 98, 99, 100, 101, 102, 103, 104, 105, 106, 107, 108, 109, 110, 111, 112, 113, 114, 115, 116, 117, 118, 119, 120, 121, 122, 123, 124, 125, 126, 127, 128, 129, 130, 131, 132, 133, 134, 135, 136, 137, 138, 139, 140, 141, 142, 143, 144, 145, 146, 147, 148, 149, 150, 151, 152, 153, 154, 155, 156, 157, 158, 159, 160, 161, 162, 163, 164, 165, 166, 167, 168, 169, 170, 171, 172, 173, 174, 175, 176, 177, 178, 179, 180, 181, 182, 183, 184, 185, 186, 187, 188, 189, 190, 191, 192, 193, 194, 195, 196, 197, 198, 199, 200, 201, 202, 203, 204, 205, 206, 207, 208, 209, 210, 211, 212, 213, 214, 215, 216, 217, 218, 219, 220, 221, 222, 223, 224, 225, 226] 
      ],
     "name":"absrel.filter.default"
    }
  },
 "fits":{
   "Baseline MG94xREV":{
     "AIC-c":2245.627745186764,
     "Equilibrium frequencies":      [
[0.01289636925702521],
      [0.007270603069379226],
      [0.01195279150056299],
      [0.03477875205262462],
      [0.008790074348452463],
      [0.004955591784340078],
      [0.00814693840316843],
      [0.02370495216104578],
      [0.01052278260354981],
      [0.005932442997792024],
      [0.009752871056903577],
      [0.02837769606148421],
      [0.01961819952027024],
      [0.01106017816371618],
      [0.01818281128655626],
      [0.05290609188029582],
      [0.008707705790106315],
      [0.004909154753793233],
      [0.008070596435557882],
      [0.02348282176057726],
      [0.005935110865237446],
      [0.003346045263894309],
      [0.005500861621674218],
      [0.0160057257258269],
      [0.007105045860488695],
      [0.004005621055957974],
      [0.00658519697131789],
      [0.019160790403846],
      [0.01324632585726094],
      [0.007467898562483799],
      [0.01227714312182143],
      [0.03572251022100584],
      [0.01317673160456783],
      [0.007428663319047661],
      [0.01221264081303207],
      [0.03553482939313384],
      [0.008981167347597463],
      [0.005063324535971989],
      [0.008324049862252405],
      [0.024220289144952],
      [0.01075154404598484],
      [0.006061412137274264],
      [0.00996489490410417],
      [0.0289946167875494],
      [0.02004469199752824],
      [0.01130062238894104],
      [0.01857809894896919],
      [0.05405625095400451],
      [0.008561417406697244],
      [0.04095333088125394],
      [0.01035065383364812],
      [0.005835401734640078],
      [0.009593336287320078],
      [0.02791350155136867],
      [0.006985681966251578],
      [0.01148438433993306],
      [0.03341583892070435],
      [0.02310119164231061],
      [0.01302378921644217],
      [0.02141096626592563],
      [0.06229897735057651] 
      ],
     "Log Likelihood":-1058.029484066398,
     "Rate Distributions":{
       "Per-branch omega":{
         "2.5%":0,
         "97.5%":10000000000,
         "Mean":1666666667.102333,
         "Median":0.6257626676283564
        }
      },
     "display order":1,
     "estimated parameters":64
    },
   "Full adaptive model":{
     "AIC-c":2245.627745186764,
     "Log Likelihood":-1057.834588224267,
     "Rate Distributions":{
      },
     "display order":2,
     "estimated parameters":64
    },
   "Nucleotide GTR":{
     "AIC-c":2245.627745186764,
     "Equilibrium frequencies":      [
[0.2239559074677845],
      [0.1571960875640429],
      [0.2152616053407856],
      [0.403586399627387] 
      ],
     "Log Likelihood":-1100.702593876225,
     "Rate Distributions":{
       "Substitution rate from nucleotide A to nucleotide C":0.1704375064079456,
       "Substitution rate from nucleotide A to nucleotide G":1,
       "Substitution rate from nucleotide A to nucleotide T":0.1334601797125252,
       "Substitution rate from nucleotide C to nucleotide G":0.1787557531312216,
       "Substitution rate from nucleotide C to nucleotide T":1.240033282703724,
       "Substitution rate from nucleotide G to nucleotide T":0.1387066356823793
      },
     "display order":0,
     "estimated parameters":43
    }
  },
 "input":{
   "file name":"/data/shares/veg/SARS-CoV-2/coronavirus-comparative-data/data/catted/NL63_M.catted.qa.fasta_protein.aligned.compressed.codon.fas",
   "number of sequences":19,
   "number of sites":227,
   "partition count":1,
   "trees":{
     "0":"(mk334047_NL63_m_china_25_jul_2018_2,mk334046_NL63_m_china_01_sep_2018_2,(kx179497_NL63_m_haiti_21_jan_2015_6,gb_MG428699_Organism_Human_coronavirus_NL63_Strain_Name_Kilifi_HH_5709_19_May_2010_Segment_null_Host_Human_7,mk334043_NL63_m_china_15_aug_2018_12)Node2,((((mg772808_NL63_m_south_korea_2014_11_25_2,kf530104_NL63_m_usa_nashville_tn_26_apr_1990_19,(NL63_lcl_NC_005831_2_cds_YP_003770_1_5_locus_tag_HCNV63gp5_db_xref_GeneID_2943503_protein_membrane_protein_protein_id_YP_003770_1_location_25442_26122_gbkey_CDS__3,jq765575_NL63_m_usa_denver_co_21_nov_2005_2,jq765568_NL63_m_usa_denver_co_11_jan_2005_10)Node14,kf530109_NL63_m_usa_nashville_tn_21_mar_1990_2)Node10,kf530112_NL63_m_usa_nashville_tn_21_nov_2001_19,jq765563_NL63_m_usa_denver_co_16_mar_2009_2,gb_KY983586_Organism_Human_coronavirus_NL63_Strain_Name_HCoV_NL63_Seattle_USA_SC2940_2015_Segment_null_Host_Human_1,gb_JQ900256_Organism_Human_coronavirus_NL63_Strain_Name_NL63_DEN_2009_22_Segment_null_Host_Human_1,gb_KY554970_Organism_Human_coronavirus_NL63_Strain_Name_N07_324B_182X_Segment_null_Host_Human_2)Node9,kx179500_NL63_m_usa_sep_2015_5)Node8,kf530110_NL63_m_usa_nashville_tn_16_aug_1983_2,kf530106_NL63_m_usa_nashville_tn_16_dec_1987_2)Node7)"
    }
  },
 "test results":{
   "P-value threshold":0.05,
   "positive test results":0,
   "tested":6
  },
 "tested":{
   "0":{
     "NL63_lcl_NC_005831_2_cds_YP_003770_1_5_locus_tag_HCNV63gp5_db_xref_GeneID_2943503_protein_membrane_protein_protein_id_YP_003770_1_location_25442_26122_gbkey_CDS__3":"background",
     "Node10":"test",
     "Node14":"test",
     "Node2":"test",
     "Node7":"test",
     "Node8":"test",
     "Node9":"test",
     "gb_JQ900256_Organism_Human_coronavirus_NL63_Strain_Name_NL63_DEN_2009_22_Segment_null_Host_Human_1":"background",
     "gb_KY554970_Organism_Human_coronavirus_NL63_Strain_Name_N07_324B_182X_Segment_null_Host_Human_2":"background",
     "gb_KY983586_Organism_Human_coronavirus_NL63_Strain_Name_HCoV_NL63_Seattle_USA_SC2940_2015_Segment_null_Host_Human_1":"background",
     "gb_MG428699_Organism_Human_coronavirus_NL63_Strain_Name_Kilifi_HH_5709_19_May_2010_Segment_null_Host_Human_7":"background",
     "jq765563_NL63_m_usa_denver_co_16_mar_2009_2":"background",
     "jq765568_NL63_m_usa_denver_co_11_jan_2005_10":"background",
     "jq765575_NL63_m_usa_denver_co_21_nov_2005_2":"background",
     "kf530104_NL63_m_usa_nashville_tn_26_apr_1990_19":"background",
     "kf530106_NL63_m_usa_nashville_tn_16_dec_1987_2":"background",
     "kf530109_NL63_m_usa_nashville_tn_21_mar_1990_2":"background",
     "kf530110_NL63_m_usa_nashville_tn_16_aug_1983_2":"background",
     "kf530112_NL63_m_usa_nashville_tn_21_nov_2001_19":"background",
     "kx179497_NL63_m_haiti_21_jan_2015_6":"background",
     "kx179500_NL63_m_usa_sep_2015_5":"background",
     "mg772808_NL63_m_south_korea_2014_11_25_2":"background",
     "mk334043_NL63_m_china_15_aug_2018_12":"background",
     "mk334046_NL63_m_china_01_sep_2018_2":"background",
     "mk334047_NL63_m_china_25_jul_2018_2":"background"
    }
  },
 "timers":{
   "Baseline model fitting":{
     "order":2,
     "timer":2
    },
   "Complexity analysis":{
     "order":3,
     "timer":31
    },
   "Full adaptive model fitting":{
     "order":4,
     "timer":2
    },
   "Overall":{
     "order":0,
     "timer":35
    },
   "Preliminary model fitting":{
     "order":1,
     "timer":0
    },
   "Testing for selection":{
     "order":5,
     "timer":0
    }
  }
}