{
 "analysis":{
   "authors":"Sergei L Kosakovsky Pond, Ben Murrell, Steven Weaver and Temple iGEM / UCSD viral evolution group",
   "citation":"Less Is More: An Adaptive Branch-Site Random Effects Model for Efficient Detection of Episodic Diversifying Selection (2015). Mol Biol Evol 32 (5): 1342-1353. v2.2 adds support for multiple-hit models",
   "contact":"spond@temple.edu",
   "info":"aBSREL (Adaptive branch-site random effects likelihood)\n                            uses an adaptive random effects branch-site model framework\n                            to test whether each branch has evolved under positive selection,\n                            using a procedure which infers an optimal number of rate categories per branch.",
   "requirements":"in-frame codon alignment and a phylogenetic tree",
   "version":"2.2"
  },
 "branch attributes":{
   "0":{
     "Node1":{
       "Baseline MG94xREV":0.001471090978297467,
       "Baseline MG94xREV omega ratio":0,
       "Corrected P-value":1,
       "Full adaptive model":0.001474575460684313,
       "Full adaptive model (non-synonymous subs/site)":1e-10,
       "Full adaptive model (synonymous subs/site)":0.001474575460684313,
       "LRT":0,
       "Nucleotide GTR":0.001453939228858123,
       "Rate Distributions":        [
[0, 1] 
        ],
       "Rate classes":1,
       "Uncorrected P-value":1
      },
     "Node10":{
       "Baseline MG94xREV":0.001455058761201141,
       "Baseline MG94xREV omega ratio":10000000000,
       "Corrected P-value":1,
       "Full adaptive model":0.001452442594534934,
       "Full adaptive model (non-synonymous subs/site)":0.001452442594534934,
       "Full adaptive model (synonymous subs/site)":1e-10,
       "LRT":0.6925644482471398,
       "Nucleotide GTR":0.001455992287007378,
       "Rate Distributions":        [
[10000000000, 1] 
        ],
       "Rate classes":1,
       "Uncorrected P-value":0.2932525482885336
      },
     "Node20":{
       "Baseline MG94xREV":0.001450539347315871,
       "Baseline MG94xREV omega ratio":10000000000,
       "Corrected P-value":1,
       "Full adaptive model":0.001449618295348606,
       "Full adaptive model (non-synonymous subs/site)":0.001449618295348606,
       "Full adaptive model (synonymous subs/site)":1e-10,
       "LRT":0.6916688429701026,
       "Nucleotide GTR":0.001452209077080692,
       "Rate Distributions":        [
[10000000000, 1] 
        ],
       "Rate classes":1,
       "Uncorrected P-value":0.2934083586639925
      },
     "Node27":{
       "Baseline MG94xREV":0.002917677095617714,
       "Baseline MG94xREV omega ratio":10000000000,
       "Corrected P-value":1,
       "Full adaptive model":0.002911507339226019,
       "Full adaptive model (non-synonymous subs/site)":0.002911507339226019,
       "Full adaptive model (synonymous subs/site)":1e-10,
       "LRT":1.385716265070641,
       "Nucleotide GTR":0.002918608499227405,
       "Rate Distributions":        [
[10000000000, 1] 
        ],
       "Rate classes":1,
       "Uncorrected P-value":0.1978693342891508
      },
     "Node28":{
       "Baseline MG94xREV":0.002967382533139244,
       "Baseline MG94xREV omega ratio":0,
       "Corrected P-value":1,
       "Full adaptive model":0.002972699010786424,
       "Full adaptive model (non-synonymous subs/site)":1e-10,
       "Full adaptive model (synonymous subs/site)":0.002972699010786424,
       "LRT":0,
       "Nucleotide GTR":0.002913834153025227,
       "Rate Distributions":        [
[0, 1] 
        ],
       "Rate classes":1,
       "Uncorrected P-value":1
      },
     "Node3":{
       "Baseline MG94xREV":0.001474843255727601,
       "Baseline MG94xREV omega ratio":0,
       "Corrected P-value":1,
       "Full adaptive model":0.001478046709699115,
       "Full adaptive model (non-synonymous subs/site)":1e-10,
       "Full adaptive model (synonymous subs/site)":0.001478046709699115,
       "LRT":0,
       "Nucleotide GTR":0.001455071316680686,
       "Rate Distributions":        [
[0, 1] 
        ],
       "Rate classes":1,
       "Uncorrected P-value":1
      },
     "Node32":{
       "Baseline MG94xREV":0.001481208088270021,
       "Baseline MG94xREV omega ratio":0,
       "Corrected P-value":1,
       "Full adaptive model":0.00148339482673747,
       "Full adaptive model (non-synonymous subs/site)":1e-10,
       "Full adaptive model (synonymous subs/site)":0.00148339482673747,
       "LRT":0,
       "Nucleotide GTR":0.001456271848774913,
       "Rate Distributions":        [
[0, 1] 
        ],
       "Rate classes":1,
       "Uncorrected P-value":1
      },
     "Node43":{
       "Baseline MG94xREV":0.005858533365813705,
       "Baseline MG94xREV omega ratio":1.35126911086544,
       "Corrected P-value":1,
       "Full adaptive model":0.005854469403882908,
       "Full adaptive model (non-synonymous subs/site)":0.004368810350748065,
       "Full adaptive model (synonymous subs/site)":0.001485659053134846,
       "LRT":0.03428190693284705,
       "Nucleotide GTR":0.005848273948286646,
       "Rate Distributions":        [
[1.237830740100232, 1] 
        ],
       "Rate classes":1,
       "Uncorrected P-value":0.4655232256409626
      },
     "Node44":{
       "Baseline MG94xREV":0.002913441852669891,
       "Baseline MG94xREV omega ratio":0.4518638406729521,
       "Corrected P-value":1,
       "Full adaptive model":0.002918277493880809,
       "Full adaptive model (non-synonymous subs/site)":0.001447157392693828,
       "Full adaptive model (synonymous subs/site)":0.001471120101186982,
       "LRT":0,
       "Nucleotide GTR":0.00290193532353604,
       "Rate Distributions":        [
[0.414080579857852, 1] 
        ],
       "Rate classes":1,
       "Uncorrected P-value":1
      },
     "Node45":{
       "Baseline MG94xREV":0.007328767157955965,
       "Baseline MG94xREV omega ratio":0.3006749235168614,
       "Corrected P-value":1,
       "Full adaptive model":0.007336812502144386,
       "Full adaptive model (non-synonymous subs/site)":0.00290317782490678,
       "Full adaptive model (synonymous subs/site)":0.004433634677237609,
       "LRT":0,
       "Nucleotide GTR":0.007299692103114768,
       "Rate Distributions":        [
[0.2756328386009237, 1] 
        ],
       "Rate classes":1,
       "Uncorrected P-value":1
      },
     "Node46":{
       "Baseline MG94xREV":0.003068679569117485,
       "Baseline MG94xREV omega ratio":0.4074504752068219,
       "Corrected P-value":1,
       "Full adaptive model":0.003047464182913646,
       "Full adaptive model (non-synonymous subs/site)":0.001444730366155645,
       "Full adaptive model (synonymous subs/site)":0.001602733816757999,
       "LRT":0,
       "Nucleotide GTR":0.003104396432532786,
       "Rate Distributions":        [
[0.3794395754436191, 1] 
        ],
       "Rate classes":1,
       "Uncorrected P-value":1
      },
     "Node48":{
       "Baseline MG94xREV":0.00127110606094225,
       "Baseline MG94xREV omega ratio":0,
       "Corrected P-value":1,
       "Full adaptive model":0.001306221517744438,
       "Full adaptive model (non-synonymous subs/site)":1e-10,
       "Full adaptive model (synonymous subs/site)":0.001306221517744438,
       "LRT":0,
       "Nucleotide GTR":0.001233312559144431,
       "Rate Distributions":        [
[0, 1] 
        ],
       "Rate classes":1,
       "Uncorrected P-value":1
      },
     "Node49":{
       "Baseline MG94xREV":0.001446480847670259,
       "Baseline MG94xREV omega ratio":10000000000,
       "Corrected P-value":1,
       "Full adaptive model":0.001445890745335488,
       "Full adaptive model (non-synonymous subs/site)":0.001445890745335488,
       "Full adaptive model (synonymous subs/site)":1e-10,
       "LRT":0.7053212691212138,
       "Nucleotide GTR":0.001441746662452929,
       "Rate Distributions":        [
[10000000000, 1] 
        ],
       "Rate classes":1,
       "Uncorrected P-value":0.2910449845962947
      },
     "Node51":{
       "Baseline MG94xREV":0.008819496409764194,
       "Baseline MG94xREV omega ratio":0,
       "Corrected P-value":1,
       "Full adaptive model":0.008845049453271085,
       "Full adaptive model (non-synonymous subs/site)":1e-10,
       "Full adaptive model (synonymous subs/site)":0.008845049453271085,
       "LRT":0,
       "Nucleotide GTR":0.008709162658290141,
       "Rate Distributions":        [
[0, 1] 
        ],
       "Rate classes":1,
       "Uncorrected P-value":1
      },
     "Node69":{
       "Baseline MG94xREV":0.001483313048660969,
       "Baseline MG94xREV omega ratio":0,
       "Corrected P-value":1,
       "Full adaptive model":0.001485415496549767,
       "Full adaptive model (non-synonymous subs/site)":1e-10,
       "Full adaptive model (synonymous subs/site)":0.001485415496549767,
       "LRT":0,
       "Nucleotide GTR":0.00145544716458916,
       "Rate Distributions":        [
[0, 1] 
        ],
       "Rate classes":1,
       "Uncorrected P-value":1
      },
     "OC43_lcl_NC_006213_1_cds_YP_009555244_1_7_locus_tag_EYW02_gp7_db_xref_GeneID_39105220_protein_membrane_protein_protein_id_YP_009555244_1_location_28377_29069_gbkey_CDS__1":{
       "Baseline MG94xREV":0.001473558232773917,
       "Baseline MG94xREV omega ratio":0,
       "Corrected P-value":null,
       "Full adaptive model":0.00147743518959265,
       "Full adaptive model (non-synonymous subs/site)":1e-10,
       "Full adaptive model (synonymous subs/site)":0.00147743518959265,
       "LRT":null,
       "Nucleotide GTR":0.001449364949215631,
       "Rate Distributions":        [
[0, 1] 
        ],
       "Rate classes":1,
       "Uncorrected P-value":null,
       "original name":"OC43_lcl_NC_006213_1_cds_YP_009555244_1_7_locus_tag_EYW02_gp7_db_xref_GeneID_39105220_protein_membrane_protein_protein_id_YP_009555244_1_location_28377_29069_gbkey_CDS__1"
      },
     "gb_FJ415324_Organism_Human_enteric_coronavirus_4408_Strain_Name_4408_Segment_null_Host_Human_1":{
       "Baseline MG94xREV":0.04943029933009028,
       "Baseline MG94xREV omega ratio":0.4363640086725601,
       "Corrected P-value":null,
       "Full adaptive model":0.06629836509976617,
       "Full adaptive model (non-synonymous subs/site)":0.04256484795899268,
       "Full adaptive model (synonymous subs/site)":0.02373351714077349,
       "LRT":null,
       "Nucleotide GTR":0.04873486454974849,
       "Rate Distributions":        [
[0.1987663548092319, 0.9646302121836948],
        [15.92300033519114, 0.03536978781630518] 
        ],
       "Rate classes":2,
       "Uncorrected P-value":null,
       "original name":"gb_FJ415324_Organism_Human_enteric_coronavirus_4408_Strain_Name_4408_Segment_null_Host_Human_1"
      },
     "gb_KF923886_Organism_Human_coronavirus_OC43_Strain_Name_1908A_2010_Segment_null_Host_Human_1":{
       "Baseline MG94xREV":0.001481096199459504,
       "Baseline MG94xREV omega ratio":0,
       "Corrected P-value":null,
       "Full adaptive model":0.001483167816142957,
       "Full adaptive model (non-synonymous subs/site)":1e-10,
       "Full adaptive model (synonymous subs/site)":0.001483167816142957,
       "LRT":null,
       "Nucleotide GTR":0.001455941651314088,
       "Rate Distributions":        [
[0, 1] 
        ],
       "Rate classes":1,
       "Uncorrected P-value":null,
       "original name":"gb_KF923886_Organism_Human_coronavirus_OC43_Strain_Name_1908A_2010_Segment_null_Host_Human_1"
      },
     "gb_KF923888_Organism_Human_coronavirus_OC43_Strain_Name_2145A_2010_Segment_null_Host_Human_1":{
       "Baseline MG94xREV":0.001477468822702942,
       "Baseline MG94xREV omega ratio":0,
       "Corrected P-value":null,
       "Full adaptive model":0.001480185307564229,
       "Full adaptive model (non-synonymous subs/site)":1e-10,
       "Full adaptive model (synonymous subs/site)":0.001480185307564229,
       "LRT":null,
       "Nucleotide GTR":0.001455306561237639,
       "Rate Distributions":        [
[0, 1] 
        ],
       "Rate classes":1,
       "Uncorrected P-value":null,
       "original name":"gb_KF923888_Organism_Human_coronavirus_OC43_Strain_Name_2145A_2010_Segment_null_Host_Human_1"
      },
     "gb_KF923891_Organism_Human_coronavirus_OC43_Strain_Name_5240_2007_Segment_null_Host_Human_1":{
       "Baseline MG94xREV":0.001482463975031213,
       "Baseline MG94xREV omega ratio":0,
       "Corrected P-value":null,
       "Full adaptive model":0.001485747374573303,
       "Full adaptive model (non-synonymous subs/site)":1e-10,
       "Full adaptive model (synonymous subs/site)":0.001485747374573303,
       "LRT":null,
       "Nucleotide GTR":0.00145686346624329,
       "Rate Distributions":        [
[0, 1] 
        ],
       "Rate classes":1,
       "Uncorrected P-value":null,
       "original name":"gb_KF923891_Organism_Human_coronavirus_OC43_Strain_Name_5240_2007_Segment_null_Host_Human_1"
      },
     "gb_KF923893_Organism_Human_coronavirus_OC43_Strain_Name_2151A_2010_Segment_null_Host_Human_1":{
       "Baseline MG94xREV":0.004388483402203542,
       "Baseline MG94xREV omega ratio":0.9052663489940419,
       "Corrected P-value":null,
       "Full adaptive model":0.004387260204362338,
       "Full adaptive model (non-synonymous subs/site)":0.002910238358182158,
       "Full adaptive model (synonymous subs/site)":0.001477021846180184,
       "LRT":null,
       "Nucleotide GTR":0.004373277678631512,
       "Rate Distributions":        [
[0.8293901374002278, 1] 
        ],
       "Rate classes":1,
       "Uncorrected P-value":null,
       "original name":"gb_KF923893_Organism_Human_coronavirus_OC43_Strain_Name_2151A_2010_Segment_null_Host_Human_1"
      },
     "gb_KF923897_Organism_Human_coronavirus_OC43_Strain_Name_3269A_2012_Segment_null_Host_Human_1":{
       "Baseline MG94xREV":0.002933690814053147,
       "Baseline MG94xREV omega ratio":0.4498206121466972,
       "Corrected P-value":null,
       "Full adaptive model":0.002935000131963728,
       "Full adaptive model (non-synonymous subs/site)":0.001452744118995147,
       "Full adaptive model (synonymous subs/site)":0.001482256012968583,
       "LRT":null,
       "Nucleotide GTR":0.002917470303510469,
       "Rate Distributions":        [
[0.4125562113880791, 1] 
        ],
       "Rate classes":1,
       "Uncorrected P-value":null,
       "original name":"gb_KF923897_Organism_Human_coronavirus_OC43_Strain_Name_3269A_2012_Segment_null_Host_Human_1"
      },
     "gb_KF923898_Organism_Human_coronavirus_OC43_Strain_Name_3184A_2012_Segment_null_Host_Human_1":{
       "Baseline MG94xREV":0.001485934556753737,
       "Baseline MG94xREV omega ratio":0,
       "Corrected P-value":null,
       "Full adaptive model":0.001488488360366883,
       "Full adaptive model (non-synonymous subs/site)":1e-10,
       "Full adaptive model (synonymous subs/site)":0.001488488360366883,
       "LRT":null,
       "Nucleotide GTR":0.001457098997595479,
       "Rate Distributions":        [
[0, 1] 
        ],
       "Rate classes":1,
       "Uncorrected P-value":null,
       "original name":"gb_KF923898_Organism_Human_coronavirus_OC43_Strain_Name_3184A_2012_Segment_null_Host_Human_1"
      },
     "gb_KF923899_Organism_Human_coronavirus_OC43_Strain_Name_3582_2006_Segment_null_Host_Human_1":{
       "Baseline MG94xREV":0.001454241302156924,
       "Baseline MG94xREV omega ratio":10000000000,
       "Corrected P-value":null,
       "Full adaptive model":0.001452329525517438,
       "Full adaptive model (non-synonymous subs/site)":0.001452329525517438,
       "Full adaptive model (synonymous subs/site)":1e-10,
       "LRT":null,
       "Nucleotide GTR":0.001456466248983636,
       "Rate Distributions":        [
[10000000000, 1] 
        ],
       "Rate classes":1,
       "Uncorrected P-value":null,
       "original name":"gb_KF923899_Organism_Human_coronavirus_OC43_Strain_Name_3582_2006_Segment_null_Host_Human_1"
      },
     "gb_KF923904_Organism_Human_coronavirus_OC43_Strain_Name_12694_2012_Segment_null_Host_Human_1":{
       "Baseline MG94xREV":0,
       "Baseline MG94xREV omega ratio":1,
       "Corrected P-value":null,
       "Full adaptive model":0,
       "Full adaptive model (non-synonymous subs/site)":1e-10,
       "Full adaptive model (synonymous subs/site)":1e-10,
       "LRT":null,
       "Nucleotide GTR":0,
       "Rate Distributions":        [
[1, 1] 
        ],
       "Rate classes":1,
       "Uncorrected P-value":null,
       "original name":"gb_KF923904_Organism_Human_coronavirus_OC43_Strain_Name_12694_2012_Segment_null_Host_Human_1"
      },
     "gb_KF923906_Organism_Human_coronavirus_OC43_Strain_Name_3194A_2012_Segment_null_Host_Human_2":{
       "Baseline MG94xREV":0.005880083688456579,
       "Baseline MG94xREV omega ratio":0.4478717787519059,
       "Corrected P-value":null,
       "Full adaptive model":0.005881570262764107,
       "Full adaptive model (non-synonymous subs/site)":0.002904712270907982,
       "Full adaptive model (synonymous subs/site)":0.002976857991856128,
       "LRT":null,
       "Nucleotide GTR":0.005832674392282656,
       "Rate Distributions":        [
[0.4107354868896843, 1] 
        ],
       "Rate classes":1,
       "Uncorrected P-value":null,
       "original name":"gb_KF923906_Organism_Human_coronavirus_OC43_Strain_Name_3194A_2012_Segment_null_Host_Human_2"
      },
     "gb_KF923912_Organism_Human_coronavirus_OC43_Strain_Name_5484_2007_Segment_null_Host_Human_1":{
       "Baseline MG94xREV":0.001454760194950087,
       "Baseline MG94xREV omega ratio":10000000000,
       "Corrected P-value":null,
       "Full adaptive model":0.001452750284888902,
       "Full adaptive model (non-synonymous subs/site)":0.001452750284888902,
       "Full adaptive model (synonymous subs/site)":1e-10,
       "LRT":null,
       "Nucleotide GTR":0.001455963654341847,
       "Rate Distributions":        [
[10000000000, 1] 
        ],
       "Rate classes":1,
       "Uncorrected P-value":null,
       "original name":"gb_KF923912_Organism_Human_coronavirus_OC43_Strain_Name_5484_2007_Segment_null_Host_Human_1"
      },
     "gb_KF923915_Organism_Human_coronavirus_OC43_Strain_Name_5517_2007_Segment_null_Host_Human_2":{
       "Baseline MG94xREV":0.001472935894282168,
       "Baseline MG94xREV omega ratio":0,
       "Corrected P-value":null,
       "Full adaptive model":0.00147720416097335,
       "Full adaptive model (non-synonymous subs/site)":1e-10,
       "Full adaptive model (synonymous subs/site)":0.00147720416097335,
       "LRT":null,
       "Nucleotide GTR":0.001455071326908323,
       "Rate Distributions":        [
[0, 1] 
        ],
       "Rate classes":1,
       "Uncorrected P-value":null,
       "original name":"gb_KF923915_Organism_Human_coronavirus_OC43_Strain_Name_5517_2007_Segment_null_Host_Human_2"
      },
     "gb_KF923917_Organism_Human_coronavirus_OC43_Strain_Name_5566_2007_Segment_null_Host_Human_1":{
       "Baseline MG94xREV":0.001489982159098596,
       "Baseline MG94xREV omega ratio":0,
       "Corrected P-value":null,
       "Full adaptive model":0.001491460004012857,
       "Full adaptive model (non-synonymous subs/site)":1e-10,
       "Full adaptive model (synonymous subs/site)":0.001491460004012857,
       "LRT":null,
       "Nucleotide GTR":0.001459013828356379,
       "Rate Distributions":        [
[0, 1] 
        ],
       "Rate classes":1,
       "Uncorrected P-value":null,
       "original name":"gb_KF923917_Organism_Human_coronavirus_OC43_Strain_Name_5566_2007_Segment_null_Host_Human_1"
      },
     "gb_KF923924_Organism_Human_coronavirus_OC43_Strain_Name_10290_2010_Segment_null_Host_Human_3":{
       "Baseline MG94xREV":0.001463906907267849,
       "Baseline MG94xREV omega ratio":0,
       "Corrected P-value":null,
       "Full adaptive model":0.00146887557976122,
       "Full adaptive model (non-synonymous subs/site)":1e-10,
       "Full adaptive model (synonymous subs/site)":0.00146887557976122,
       "LRT":null,
       "Nucleotide GTR":0.001452520345457722,
       "Rate Distributions":        [
[0, 1] 
        ],
       "Rate classes":1,
       "Uncorrected P-value":null,
       "original name":"gb_KF923924_Organism_Human_coronavirus_OC43_Strain_Name_10290_2010_Segment_null_Host_Human_3"
      },
     "gb_KY369905_Organism_Human_coronavirus_OC43_Strain_Name_HCoV_OC43_Seattle_USA_SC831_2016_Segment_null_Host_Human_1":{
       "Baseline MG94xREV":0.00147302687566466,
       "Baseline MG94xREV omega ratio":0,
       "Corrected P-value":null,
       "Full adaptive model":0.001477196748986016,
       "Full adaptive model (non-synonymous subs/site)":1e-10,
       "Full adaptive model (synonymous subs/site)":0.001477196748986016,
       "LRT":null,
       "Nucleotide GTR":0.001452279337015779,
       "Rate Distributions":        [
[0, 1] 
        ],
       "Rate classes":1,
       "Uncorrected P-value":null,
       "original name":"gb_KY369905_Organism_Human_coronavirus_OC43_Strain_Name_HCoV_OC43_Seattle_USA_SC831_2016_Segment_null_Host_Human_1"
      },
     "gb_KY369907_Organism_Human_coronavirus_OC43_Strain_Name_HCoV_OC43_Seattle_USA_SC9741_2016_Segment_null_Host_Human_1":{
       "Baseline MG94xREV":0.001483594213357921,
       "Baseline MG94xREV omega ratio":0,
       "Corrected P-value":null,
       "Full adaptive model":0.00148639912632395,
       "Full adaptive model (non-synonymous subs/site)":1e-10,
       "Full adaptive model (synonymous subs/site)":0.00148639912632395,
       "LRT":null,
       "Nucleotide GTR":0.001455047908166915,
       "Rate Distributions":        [
[0, 1] 
        ],
       "Rate classes":1,
       "Uncorrected P-value":null,
       "original name":"gb_KY369907_Organism_Human_coronavirus_OC43_Strain_Name_HCoV_OC43_Seattle_USA_SC9741_2016_Segment_null_Host_Human_1"
      },
     "gb_KY967360_Organism_Human_coronavirus_OC43_Strain_Name_HCoV_OC43_Seattle_USA_SC2476_2015_Segment_null_Host_Human_1":{
       "Baseline MG94xREV":0.001420321850265532,
       "Baseline MG94xREV omega ratio":0,
       "Corrected P-value":null,
       "Full adaptive model":0.001429498253265021,
       "Full adaptive model (non-synonymous subs/site)":1e-10,
       "Full adaptive model (synonymous subs/site)":0.001429498253265021,
       "LRT":null,
       "Nucleotide GTR":0.001439582674830701,
       "Rate Distributions":        [
[0, 1] 
        ],
       "Rate classes":1,
       "Uncorrected P-value":null,
       "original name":"gb_KY967360_Organism_Human_coronavirus_OC43_Strain_Name_HCoV_OC43_Seattle_USA_SC2476_2015_Segment_null_Host_Human_1"
      },
     "gb_MN306043_Organism_Human_coronavirus_OC43_Strain_Name_HCoV_OC43_Seattle_USA_SC0841_2019_Segment_null_Host_Human_1":{
       "Baseline MG94xREV":0,
       "Baseline MG94xREV omega ratio":1,
       "Corrected P-value":null,
       "Full adaptive model":0,
       "Full adaptive model (non-synonymous subs/site)":1e-10,
       "Full adaptive model (synonymous subs/site)":1e-10,
       "LRT":null,
       "Nucleotide GTR":0,
       "Rate Distributions":        [
[1, 1] 
        ],
       "Rate classes":1,
       "Uncorrected P-value":null,
       "original name":"gb_MN306043_Organism_Human_coronavirus_OC43_Strain_Name_HCoV_OC43_Seattle_USA_SC0841_2019_Segment_null_Host_Human_1"
      },
     "gb_MN310476_Organism_Human_coronavirus_OC43_Strain_Name_HCoV_OC43_Seattle_USA_SC9428_2018_Segment_null_Host_Human_1":{
       "Baseline MG94xREV":0.001482341238454428,
       "Baseline MG94xREV omega ratio":0,
       "Corrected P-value":null,
       "Full adaptive model":0.001485520828002005,
       "Full adaptive model (non-synonymous subs/site)":1e-10,
       "Full adaptive model (synonymous subs/site)":0.001485520828002005,
       "LRT":null,
       "Nucleotide GTR":0.00145686346624329,
       "Rate Distributions":        [
[0, 1] 
        ],
       "Rate classes":1,
       "Uncorrected P-value":null,
       "original name":"gb_MN310476_Organism_Human_coronavirus_OC43_Strain_Name_HCoV_OC43_Seattle_USA_SC9428_2018_Segment_null_Host_Human_1"
      },
     "jn129834_OC43_m_china_hong_kong_nov_2004_6":{
       "Baseline MG94xREV":0,
       "Baseline MG94xREV omega ratio":1,
       "Corrected P-value":null,
       "Full adaptive model":0,
       "Full adaptive model (non-synonymous subs/site)":1e-10,
       "Full adaptive model (synonymous subs/site)":1e-10,
       "LRT":null,
       "Nucleotide GTR":0,
       "Rate Distributions":        [
[1, 1] 
        ],
       "Rate classes":1,
       "Uncorrected P-value":null,
       "original name":"jn129834_OC43_m_china_hong_kong_nov_2004_6"
      },
     "kf530059_OC43_m_usa_nashville_tn_11_jan_1995_7":{
       "Baseline MG94xREV":0,
       "Baseline MG94xREV omega ratio":1,
       "Corrected P-value":null,
       "Full adaptive model":0,
       "Full adaptive model (non-synonymous subs/site)":1e-10,
       "Full adaptive model (synonymous subs/site)":1e-10,
       "LRT":null,
       "Nucleotide GTR":0,
       "Rate Distributions":        [
[1, 1] 
        ],
       "Rate classes":1,
       "Uncorrected P-value":null,
       "original name":"kf530059_OC43_m_usa_nashville_tn_11_jan_1995_7"
      },
     "kf530060_OC43_m_usa_nashville_tn_08_jan_1985_8":{
       "Baseline MG94xREV":0.00144566817798114,
       "Baseline MG94xREV omega ratio":10000000000,
       "Corrected P-value":null,
       "Full adaptive model":0.001445183399428274,
       "Full adaptive model (non-synonymous subs/site)":0.001445183399428274,
       "Full adaptive model (synonymous subs/site)":1e-10,
       "LRT":null,
       "Nucleotide GTR":0.001444448785980319,
       "Rate Distributions":        [
[10000000000, 1] 
        ],
       "Rate classes":1,
       "Uncorrected P-value":null,
       "original name":"kf530060_OC43_m_usa_nashville_tn_08_jan_1985_8"
      },
     "kf530061_OC43_m_usa_nashville_tn_19_jan_1990_8":{
       "Baseline MG94xREV":0.001445420132339241,
       "Baseline MG94xREV omega ratio":10000000000,
       "Corrected P-value":null,
       "Full adaptive model":0.001445219593861472,
       "Full adaptive model (non-synonymous subs/site)":0.001445219593861472,
       "Full adaptive model (synonymous subs/site)":1e-10,
       "LRT":null,
       "Nucleotide GTR":0.001444448784055277,
       "Rate Distributions":        [
[10000000000, 1] 
        ],
       "Rate classes":1,
       "Uncorrected P-value":null,
       "original name":"kf530061_OC43_m_usa_nashville_tn_19_jan_1990_8"
      },
     "kf530063_OC43_m_usa_nashville_tn_30_dec_1996_6":{
       "Baseline MG94xREV":0.001481085400665979,
       "Baseline MG94xREV omega ratio":0,
       "Corrected P-value":null,
       "Full adaptive model":0.001483168674924344,
       "Full adaptive model (non-synonymous subs/site)":1e-10,
       "Full adaptive model (synonymous subs/site)":0.001483168674924344,
       "LRT":null,
       "Nucleotide GTR":0.001456271857513941,
       "Rate Distributions":        [
[0, 1] 
        ],
       "Rate classes":1,
       "Uncorrected P-value":null,
       "original name":"kf530063_OC43_m_usa_nashville_tn_30_dec_1996_6"
      },
     "kf530064_OC43_m_usa_nashville_tn_04_dec_1996_6":{
       "Baseline MG94xREV":0,
       "Baseline MG94xREV omega ratio":1,
       "Corrected P-value":null,
       "Full adaptive model":0,
       "Full adaptive model (non-synonymous subs/site)":1e-10,
       "Full adaptive model (synonymous subs/site)":1e-10,
       "LRT":null,
       "Nucleotide GTR":0,
       "Rate Distributions":        [
[1, 1] 
        ],
       "Rate classes":1,
       "Uncorrected P-value":null,
       "original name":"kf530064_OC43_m_usa_nashville_tn_04_dec_1996_6"
      },
     "kf530067_OC43_m_usa_nashville_tn_07_feb_1991_2":{
       "Baseline MG94xREV":0.001461912356587755,
       "Baseline MG94xREV omega ratio":0,
       "Corrected P-value":null,
       "Full adaptive model":0.001466841005012315,
       "Full adaptive model (non-synonymous subs/site)":1e-10,
       "Full adaptive model (synonymous subs/site)":0.001466841005012315,
       "LRT":null,
       "Nucleotide GTR":0.001446989767853795,
       "Rate Distributions":        [
[0, 1] 
        ],
       "Rate classes":1,
       "Uncorrected P-value":null,
       "original name":"kf530067_OC43_m_usa_nashville_tn_07_feb_1991_2"
      },
     "kf530068_OC43_m_usa_nashville_tn_27_jul_2000_8":{
       "Baseline MG94xREV":0,
       "Baseline MG94xREV omega ratio":1,
       "Corrected P-value":null,
       "Full adaptive model":0,
       "Full adaptive model (non-synonymous subs/site)":1e-10,
       "Full adaptive model (synonymous subs/site)":1e-10,
       "LRT":null,
       "Nucleotide GTR":0,
       "Rate Distributions":        [
[1, 1] 
        ],
       "Rate classes":1,
       "Uncorrected P-value":null,
       "original name":"kf530068_OC43_m_usa_nashville_tn_27_jul_2000_8"
      },
     "kf530071_OC43_m_usa_nashville_tn_04_may_1992_4":{
       "Baseline MG94xREV":0.001471329736740947,
       "Baseline MG94xREV omega ratio":0,
       "Corrected P-value":null,
       "Full adaptive model":0.001474632172006457,
       "Full adaptive model (non-synonymous subs/site)":1e-10,
       "Full adaptive model (synonymous subs/site)":0.001474632172006457,
       "LRT":null,
       "Nucleotide GTR":0.001448495242221975,
       "Rate Distributions":        [
[0, 1] 
        ],
       "Rate classes":1,
       "Uncorrected P-value":null,
       "original name":"kf530071_OC43_m_usa_nashville_tn_04_may_1992_4"
      },
     "kf530074_OC43_m_usa_nashville_tn_16_dec_1992_6":{
       "Baseline MG94xREV":0.001452854128612373,
       "Baseline MG94xREV omega ratio":0,
       "Corrected P-value":null,
       "Full adaptive model":0.001459191381269142,
       "Full adaptive model (non-synonymous subs/site)":1e-10,
       "Full adaptive model (synonymous subs/site)":0.001459191381269142,
       "LRT":null,
       "Nucleotide GTR":0.001444912780243897,
       "Rate Distributions":        [
[0, 1] 
        ],
       "Rate classes":1,
       "Uncorrected P-value":null,
       "original name":"kf530074_OC43_m_usa_nashville_tn_16_dec_1992_6"
      },
     "kf530076_OC43_m_usa_nashville_tn_03_jan_1991_10":{
       "Baseline MG94xREV":0,
       "Baseline MG94xREV omega ratio":1,
       "Corrected P-value":null,
       "Full adaptive model":0,
       "Full adaptive model (non-synonymous subs/site)":1e-10,
       "Full adaptive model (synonymous subs/site)":1e-10,
       "LRT":null,
       "Nucleotide GTR":0,
       "Rate Distributions":        [
[1, 1] 
        ],
       "Rate classes":1,
       "Uncorrected P-value":null,
       "original name":"kf530076_OC43_m_usa_nashville_tn_03_jan_1991_10"
      },
     "kf530080_OC43_m_usa_nashville_tn_18_dec_1997_2":{
       "Baseline MG94xREV":0.001437790877641871,
       "Baseline MG94xREV omega ratio":0,
       "Corrected P-value":null,
       "Full adaptive model":0.0014451834271567,
       "Full adaptive model (non-synonymous subs/site)":1e-10,
       "Full adaptive model (synonymous subs/site)":0.0014451834271567,
       "LRT":null,
       "Nucleotide GTR":0.001442490768139129,
       "Rate Distributions":        [
[0, 1] 
        ],
       "Rate classes":1,
       "Uncorrected P-value":null,
       "original name":"kf530080_OC43_m_usa_nashville_tn_18_dec_1997_2"
      },
     "kf530082_OC43_m_usa_nashville_tn_07_feb_1991_2":{
       "Baseline MG94xREV":0.001445899890444072,
       "Baseline MG94xREV omega ratio":10000000000,
       "Corrected P-value":null,
       "Full adaptive model":0.001446025564581827,
       "Full adaptive model (non-synonymous subs/site)":0.001446025564581827,
       "Full adaptive model (synonymous subs/site)":1e-10,
       "LRT":null,
       "Nucleotide GTR":0.001447657399001411,
       "Rate Distributions":        [
[10000000000, 1] 
        ],
       "Rate classes":1,
       "Uncorrected P-value":null,
       "original name":"kf530082_OC43_m_usa_nashville_tn_07_feb_1991_2"
      },
     "kf530084_OC43_m_usa_nashville_tn_12_jan_1995_2":{
       "Baseline MG94xREV":0.001472920622574896,
       "Baseline MG94xREV omega ratio":0,
       "Corrected P-value":null,
       "Full adaptive model":0.001476197230309069,
       "Full adaptive model (non-synonymous subs/site)":1e-10,
       "Full adaptive model (synonymous subs/site)":0.001476197230309069,
       "LRT":null,
       "Nucleotide GTR":0.001454359892506558,
       "Rate Distributions":        [
[0, 1] 
        ],
       "Rate classes":1,
       "Uncorrected P-value":null,
       "original name":"kf530084_OC43_m_usa_nashville_tn_12_jan_1995_2"
      },
     "kf530087_OC43_m_usa_nashville_tn_05_mar_1987_2":{
       "Baseline MG94xREV":0.001452582663439245,
       "Baseline MG94xREV omega ratio":0,
       "Corrected P-value":null,
       "Full adaptive model":0.001458732838442692,
       "Full adaptive model (non-synonymous subs/site)":1e-10,
       "Full adaptive model (synonymous subs/site)":0.001458732838442692,
       "LRT":null,
       "Nucleotide GTR":0.001444889321951543,
       "Rate Distributions":        [
[0, 1] 
        ],
       "Rate classes":1,
       "Uncorrected P-value":null,
       "original name":"kf530087_OC43_m_usa_nashville_tn_05_mar_1987_2"
      },
     "kf530095_OC43_m_usa_nashville_tn_05_feb_1991_4":{
       "Baseline MG94xREV":0.001470645052803942,
       "Baseline MG94xREV omega ratio":0,
       "Corrected P-value":null,
       "Full adaptive model":0.00147445413238626,
       "Full adaptive model (non-synonymous subs/site)":1e-10,
       "Full adaptive model (synonymous subs/site)":0.00147445413238626,
       "LRT":null,
       "Nucleotide GTR":0.001448393506408391,
       "Rate Distributions":        [
[0, 1] 
        ],
       "Rate classes":1,
       "Uncorrected P-value":null,
       "original name":"kf530095_OC43_m_usa_nashville_tn_05_feb_1991_4"
      },
     "kf530098_OC43_m_usa_nashville_tn_10_may_1996_2":{
       "Baseline MG94xREV":0.001481208083104989,
       "Baseline MG94xREV omega ratio":0,
       "Corrected P-value":null,
       "Full adaptive model":0.00148339482244705,
       "Full adaptive model (non-synonymous subs/site)":1e-10,
       "Full adaptive model (synonymous subs/site)":0.00148339482244705,
       "LRT":null,
       "Nucleotide GTR":0.001456271856517706,
       "Rate Distributions":        [
[0, 1] 
        ],
       "Rate classes":1,
       "Uncorrected P-value":null,
       "original name":"kf530098_OC43_m_usa_nashville_tn_10_may_1996_2"
      },
     "kj958218_OC43_m_china_beijing_03_oct_2011_4":{
       "Baseline MG94xREV":0,
       "Baseline MG94xREV omega ratio":1,
       "Corrected P-value":null,
       "Full adaptive model":0,
       "Full adaptive model (non-synonymous subs/site)":1e-10,
       "Full adaptive model (synonymous subs/site)":1e-10,
       "LRT":null,
       "Nucleotide GTR":0,
       "Rate Distributions":        [
[1, 1] 
        ],
       "Rate classes":1,
       "Uncorrected P-value":null,
       "original name":"kj958218_OC43_m_china_beijing_03_oct_2011_4"
      },
     "kj958219_OC43_m_china_beijing_04_oct_2011_2":{
       "Baseline MG94xREV":0,
       "Baseline MG94xREV omega ratio":1,
       "Corrected P-value":null,
       "Full adaptive model":0,
       "Full adaptive model (non-synonymous subs/site)":1e-10,
       "Full adaptive model (synonymous subs/site)":1e-10,
       "LRT":null,
       "Nucleotide GTR":0,
       "Rate Distributions":        [
[1, 1] 
        ],
       "Rate classes":1,
       "Uncorrected P-value":null,
       "original name":"kj958219_OC43_m_china_beijing_04_oct_2011_2"
      },
     "kp198610_OC43_m_china_beijing_jun_2010_4":{
       "Baseline MG94xREV":0.00430863808273541,
       "Baseline MG94xREV omega ratio":0.2312888723395111,
       "Corrected P-value":null,
       "Full adaptive model":0.004324961579141748,
       "Full adaptive model (non-synonymous subs/site)":0.00144742346459736,
       "Full adaptive model (synonymous subs/site)":0.002877538114544388,
       "LRT":null,
       "Nucleotide GTR":0.004329057008813518,
       "Rate Distributions":        [
[0.2117345591362237, 1] 
        ],
       "Rate classes":1,
       "Uncorrected P-value":null,
       "original name":"kp198610_OC43_m_china_beijing_jun_2010_4"
      },
     "kx344031_OC43_m_mexico_09_feb_2011_24":{
       "Baseline MG94xREV":0,
       "Baseline MG94xREV omega ratio":1,
       "Corrected P-value":null,
       "Full adaptive model":0,
       "Full adaptive model (non-synonymous subs/site)":1e-10,
       "Full adaptive model (synonymous subs/site)":1e-10,
       "LRT":null,
       "Nucleotide GTR":0,
       "Rate Distributions":        [
[1, 1] 
        ],
       "Rate classes":1,
       "Uncorrected P-value":null,
       "original name":"kx344031_OC43_m_mexico_09_feb_2011_24"
      },
     "kx538969_OC43_m_malaysia_kuala_lumpur_18_may_2012_4":{
       "Baseline MG94xREV":0.001473032823599331,
       "Baseline MG94xREV omega ratio":0,
       "Corrected P-value":null,
       "Full adaptive model":0.001477196262865363,
       "Full adaptive model (non-synonymous subs/site)":1e-10,
       "Full adaptive model (synonymous subs/site)":0.001477196262865363,
       "LRT":null,
       "Nucleotide GTR":0.001452279345492147,
       "Rate Distributions":        [
[0, 1] 
        ],
       "Rate classes":1,
       "Uncorrected P-value":null,
       "original name":"kx538969_OC43_m_malaysia_kuala_lumpur_18_may_2012_4"
      },
     "kx538979_OC43_m_malaysia_kuala_lumpur_15_feb_2013_2":{
       "Baseline MG94xREV":0.001451100342565016,
       "Baseline MG94xREV omega ratio":10000000000,
       "Corrected P-value":null,
       "Full adaptive model":0.001449942346457572,
       "Full adaptive model (non-synonymous subs/site)":0.001449942346457572,
       "Full adaptive model (synonymous subs/site)":1e-10,
       "LRT":null,
       "Nucleotide GTR":0.00145304261030349,
       "Rate Distributions":        [
[10000000000, 1] 
        ],
       "Rate classes":1,
       "Uncorrected P-value":null,
       "original name":"kx538979_OC43_m_malaysia_kuala_lumpur_15_feb_2013_2"
      },
     "ky014281_OC43_m_france_2002_4":{
       "Baseline MG94xREV":0,
       "Baseline MG94xREV omega ratio":1,
       "Corrected P-value":null,
       "Full adaptive model":0,
       "Full adaptive model (non-synonymous subs/site)":1e-10,
       "Full adaptive model (synonymous subs/site)":1e-10,
       "LRT":null,
       "Nucleotide GTR":0,
       "Rate Distributions":        [
[1, 1] 
        ],
       "Rate classes":1,
       "Uncorrected P-value":null,
       "original name":"ky014281_OC43_m_france_2002_4"
      },
     "mf314143_OC43_m_usa_little_rock_arkansas_07_mar_2016_6":{
       "Baseline MG94xREV":0,
       "Baseline MG94xREV omega ratio":1,
       "Corrected P-value":null,
       "Full adaptive model":0,
       "Full adaptive model (non-synonymous subs/site)":1e-10,
       "Full adaptive model (synonymous subs/site)":1e-10,
       "LRT":null,
       "Nucleotide GTR":0,
       "Rate Distributions":        [
[1, 1] 
        ],
       "Rate classes":1,
       "Uncorrected P-value":null,
       "original name":"mf314143_OC43_m_usa_little_rock_arkansas_07_mar_2016_6"
      },
     "mf374983_OC43_m_usa_albuquerque_new_mexico_01_feb_2016_2":{
       "Baseline MG94xREV":0.001454773505695194,
       "Baseline MG94xREV omega ratio":10000000000,
       "Corrected P-value":null,
       "Full adaptive model":0.001452440393443978,
       "Full adaptive model (non-synonymous subs/site)":0.001452440393443978,
       "Full adaptive model (synonymous subs/site)":1e-10,
       "LRT":null,
       "Nucleotide GTR":0.001456081626087736,
       "Rate Distributions":        [
[10000000000, 1] 
        ],
       "Rate classes":1,
       "Uncorrected P-value":null,
       "original name":"mf374983_OC43_m_usa_albuquerque_new_mexico_01_feb_2016_2"
      },
     "mh121121_OC43_m_usa_little_rock_arkansas_19_dec_2016_52":{
       "Baseline MG94xREV":0,
       "Baseline MG94xREV omega ratio":1,
       "Corrected P-value":null,
       "Full adaptive model":0,
       "Full adaptive model (non-synonymous subs/site)":1e-10,
       "Full adaptive model (synonymous subs/site)":1e-10,
       "LRT":null,
       "Nucleotide GTR":0,
       "Rate Distributions":        [
[1, 1] 
        ],
       "Rate classes":1,
       "Uncorrected P-value":null,
       "original name":"mh121121_OC43_m_usa_little_rock_arkansas_19_dec_2016_52"
      }
    },
   "attributes":{
     "Baseline MG94xREV":{
       "attribute type":"branch length",
       "display order":1
      },
     "Baseline MG94xREV omega ratio":{
       "attribute type":"branch label",
       "display order":1
      },
     "Corrected P-value":{
       "attribute type":"branch label",
       "display order":6
      },
     "Full adaptive model":{
       "attribute type":"branch length",
       "display order":2
      },
     "Full adaptive model (non-synonymous subs/site)":{
       "attribute type":"branch label",
       "display order":10
      },
     "Full adaptive model (synonymous subs/site)":{
       "attribute type":"branch label",
       "display order":9
      },
     "LRT":{
       "attribute type":"branch label",
       "display order":4
      },
     "Nucleotide GTR":{
       "attribute type":"branch length",
       "display order":0
      },
     "Rate Distributions":{
       "attribute type":"branch label",
       "display order":3
      },
     "Rate classes":{
       "attribute type":"branch label",
       "display order":2
      },
     "Uncorrected P-value":{
       "attribute type":"branch label",
       "display order":5
      },
     "original name":{
       "attribute type":"node label",
       "display order":-1
      }
    }
  },
 "data partitions":{
   "0":{
     "coverage":      [
[0, 1, 2, 3, 4, 5, 6, 7, 8, 9, 10, 11, 12, 13, 14, 15, 16, 17, 18, 19, 20, 21, 22, 23, 24, 25, 26, 27, 28, 29, 30, 31, 32, 33, 34, 35, 36, 37, 38, 39, 40, 41, 42, 43, 44, 45, 46, 47, 48, 49, 50, 51, 52, 53, 54, 55, 56, 57, 58, 59, 60, 61, 62, 63, 64, 65, 66, 67, 68, 69, 70, 71, 72, 73, 74, 75, 76, 77, 78, 79, 80, 81, 82, 83, 84, 85, 86, 87, 88, 89, 90, 91, 92, 93, 94, 95, 96, 97, 98, 99, 100, 101, 102, 103, 104, 105, 106, 107, 108, 109, 110, 111, 112, 113, 114, 115, 116, 117, 118, 119, 120, 121, 122, 123, 124, 125, 126, 127, 128, 129, 130, 131, 132, 133, 134, 135, 136, 137, 138, 139, 140, 141, 142, 143, 144, 145, 146, 147, 148, 149, 150, 151, 152, 153, 154, 155, 156, 157, 158, 159, 160, 161, 162, 163, 164, 165, 166, 167, 168, 169, 170, 171, 172, 173, 174, 175, 176, 177, 178, 179, 180, 181, 182, 183, 184, 185, 186, 187, 188, 189, 190, 191, 192, 193, 194, 195, 196, 197, 198, 199, 200, 201, 202, 203, 204, 205, 206, 207, 208, 209, 210, 211, 212, 213, 214, 215, 216, 217, 218, 219, 220, 221, 222, 223, 224, 225, 226, 227, 228, 229, 230] 
      ],
     "name":"absrel.filter.default"
    }
  },
 "fits":{
   "Baseline MG94xREV":{
     "AIC-c":3350.300897716589,
     "Equilibrium frequencies":      [
[0.02528967210344829],
      [0.01540371413784179],
      [0.02101785664149981],
      [0.04323120672907593],
      [0.01833412967625601],
      [0.01116715516689763],
      [0.0152372125508766],
      [0.03134111612794838],
      [0.01825935633267572],
      [0.0111216113889898],
      [0.01517506957766811],
      [0.03121329549583734],
      [0.03863140770577837],
      [0.02353004651891434],
      [0.03210596743595857],
      [0.06603811887841766],
      [0.007780063911928327],
      [0.004738767667024929],
      [0.006465891186478431],
      [0.01329956157462935],
      [0.005640274815243818],
      [0.003435441177627518],
      [0.004687545453358898],
      [0.009641717992593449],
      [0.005617271694065197],
      [0.003421430181302054],
      [0.004668427913943533],
      [0.009602395510157966],
      [0.01188448864537611],
      [0.007238736232678911],
      [0.00987701531219096],
      [0.02031583420283077],
      [0.01346369192538493],
      [0.008200614891733616],
      [0.01118946681457663],
      [0.02301538930920115],
      [0.009760706768812182],
      [0.005945159598553261],
      [0.008111972932960201],
      [0.016685354021924],
      [0.009720899006256859],
      [0.005920913044767944],
      [0.008078889315142454],
      [0.01661730499363246],
      [0.02056655261748617],
      [0.01252690410633843],
      [0.01709254484423493],
      [0.03515731181780446],
      [0.0101605389995641],
      [0.02851600322093081],
      [0.01209348848801507],
      [0.00736603617621695],
      [0.01005071185964769],
      [0.02067310713885422],
      [0.007335994763640794],
      [0.01000972134936013],
      [0.02058879458242196],
      [0.02548190138366314],
      [0.01552079928110661],
      [0.02117761543304631],
      [0.04355981137520799] 
      ],
     "Log Likelihood":-1539.730870533835,
     "Rate Distributions":{
       "Per-branch omega":{
         "2.5%":0,
         "97.5%":10000000000,
         "Mean":833333333.8318225,
         "Median":0.4488461954493016
        }
      },
     "display order":1,
     "estimated parameters":138
    },
   "Full adaptive model":{
     "AIC-c":3350.300897716589,
     "Log Likelihood":-1533.308343595136,
     "Rate Distributions":{
      },
     "display order":2,
     "estimated parameters":140
    },
   "Nucleotide GTR":{
     "AIC-c":3350.300897716589,
     "Equilibrium frequencies":      [
[0.2905026210299106],
      [0.1571692876965772],
      [0.198149861239593],
      [0.3541782300339192] 
      ],
     "Log Likelihood":-1618.890241879306,
     "Rate Distributions":{
       "Substitution rate from nucleotide A to nucleotide C":0.5111112626959388,
       "Substitution rate from nucleotide A to nucleotide G":1,
       "Substitution rate from nucleotide A to nucleotide T":0.4259168079457619,
       "Substitution rate from nucleotide C to nucleotide G":0.08159504336634434,
       "Substitution rate from nucleotide C to nucleotide T":3.351631290066609,
       "Substitution rate from nucleotide G to nucleotide T":0.5287483180172826
      },
     "display order":0,
     "estimated parameters":99
    }
  },
 "input":{
   "file name":"/data/shares/veg/SARS-CoV-2/coronavirus-comparative-data/data/catted/OC43_M.catted.qa.fasta_protein.aligned.compressed.codon.fas",
   "number of sequences":47,
   "number of sites":231,
   "partition count":1,
   "trees":{
     "0":"((kj958218_OC43_m_china_beijing_03_oct_2011_4,(gb_KF923912_Organism_Human_coronavirus_OC43_Strain_Name_5484_2007_Segment_null_Host_Human_1,kx344031_OC43_m_mexico_09_feb_2011_24,gb_KF923917_Organism_Human_coronavirus_OC43_Strain_Name_5566_2007_Segment_null_Host_Human_1,gb_MN310476_Organism_Human_coronavirus_OC43_Strain_Name_HCoV_OC43_Seattle_USA_SC9428_2018_Segment_null_Host_Human_1,gb_KF923891_Organism_Human_coronavirus_OC43_Strain_Name_5240_2007_Segment_null_Host_Human_1,(kx538969_OC43_m_malaysia_kuala_lumpur_18_may_2012_4,mh121121_OC43_m_usa_little_rock_arkansas_19_dec_2016_52,gb_KY369907_Organism_Human_coronavirus_OC43_Strain_Name_HCoV_OC43_Seattle_USA_SC9741_2016_Segment_null_Host_Human_1,kx538979_OC43_m_malaysia_kuala_lumpur_15_feb_2013_2,gb_KY369905_Organism_Human_coronavirus_OC43_Strain_Name_HCoV_OC43_Seattle_USA_SC831_2016_Segment_null_Host_Human_1,(gb_KF923906_Organism_Human_coronavirus_OC43_Strain_Name_3194A_2012_Segment_null_Host_Human_2,gb_KF923904_Organism_Human_coronavirus_OC43_Strain_Name_12694_2012_Segment_null_Host_Human_1)Node20,mf374983_OC43_m_usa_albuquerque_new_mexico_01_feb_2016_2)Node10,gb_KF923915_Organism_Human_coronavirus_OC43_Strain_Name_5517_2007_Segment_null_Host_Human_2,((kf530098_OC43_m_usa_nashville_tn_10_may_1996_2,gb_KF923897_Organism_Human_coronavirus_OC43_Strain_Name_3269A_2012_Segment_null_Host_Human_1,(gb_MN306043_Organism_Human_coronavirus_OC43_Strain_Name_HCoV_OC43_Seattle_USA_SC0841_2019_Segment_null_Host_Human_1,gb_KF923898_Organism_Human_coronavirus_OC43_Strain_Name_3184A_2012_Segment_null_Host_Human_1)Node32,kf530068_OC43_m_usa_nashville_tn_27_jul_2000_8,gb_KF923888_Organism_Human_coronavirus_OC43_Strain_Name_2145A_2010_Segment_null_Host_Human_1,gb_KF923886_Organism_Human_coronavirus_OC43_Strain_Name_1908A_2010_Segment_null_Host_Human_1,kf530063_OC43_m_usa_nashville_tn_30_dec_1996_6,kf530084_OC43_m_usa_nashville_tn_12_jan_1995_2,((((gb_FJ415324_Organism_Human_enteric_coronavirus_4408_Strain_Name_4408_Segment_null_Host_Human_1,((ky014281_OC43_m_france_2002_4,(kp198610_OC43_m_china_beijing_jun_2010_4,gb_KY967360_Organism_Human_coronavirus_OC43_Strain_Name_HCoV_OC43_Seattle_USA_SC2476_2015_Segment_null_Host_Human_1,mf314143_OC43_m_usa_little_rock_arkansas_07_mar_2016_6)Node51)Node49,kf530080_OC43_m_usa_nashville_tn_18_dec_1997_2,kf530064_OC43_m_usa_nashville_tn_04_dec_1996_6)Node48)Node46,kf530074_OC43_m_usa_nashville_tn_16_dec_1992_6,kf530060_OC43_m_usa_nashville_tn_08_jan_1985_8,kf530059_OC43_m_usa_nashville_tn_11_jan_1995_7,kf530087_OC43_m_usa_nashville_tn_05_mar_1987_2,kf530061_OC43_m_usa_nashville_tn_19_jan_1990_8)Node45,OC43_lcl_NC_006213_1_cds_YP_009555244_1_7_locus_tag_EYW02_gp7_db_xref_GeneID_39105220_protein_membrane_protein_protein_id_YP_009555244_1_location_28377_29069_gbkey_CDS__1)Node44,(kf530095_OC43_m_usa_nashville_tn_05_feb_1991_4,kf530076_OC43_m_usa_nashville_tn_03_jan_1991_10,kf530071_OC43_m_usa_nashville_tn_04_may_1992_4,kf530067_OC43_m_usa_nashville_tn_07_feb_1991_2,kf530082_OC43_m_usa_nashville_tn_07_feb_1991_2)Node69)Node43)Node28,gb_KF923899_Organism_Human_coronavirus_OC43_Strain_Name_3582_2006_Segment_null_Host_Human_1,jn129834_OC43_m_china_hong_kong_nov_2004_6)Node27)Node3)Node1,kj958219_OC43_m_china_beijing_04_oct_2011_2,gb_KF923924_Organism_Human_coronavirus_OC43_Strain_Name_10290_2010_Segment_null_Host_Human_3,gb_KF923893_Organism_Human_coronavirus_OC43_Strain_Name_2151A_2010_Segment_null_Host_Human_1)"
    }
  },
 "test results":{
   "P-value threshold":0.05,
   "positive test results":0,
   "tested":15
  },
 "tested":{
   "0":{
     "Node1":"test",
     "Node10":"test",
     "Node20":"test",
     "Node27":"test",
     "Node28":"test",
     "Node3":"test",
     "Node32":"test",
     "Node43":"test",
     "Node44":"test",
     "Node45":"test",
     "Node46":"test",
     "Node48":"test",
     "Node49":"test",
     "Node51":"test",
     "Node69":"test",
     "OC43_lcl_NC_006213_1_cds_YP_009555244_1_7_locus_tag_EYW02_gp7_db_xref_GeneID_39105220_protein_membrane_protein_protein_id_YP_009555244_1_location_28377_29069_gbkey_CDS__1":"background",
     "gb_FJ415324_Organism_Human_enteric_coronavirus_4408_Strain_Name_4408_Segment_null_Host_Human_1":"background",
     "gb_KF923886_Organism_Human_coronavirus_OC43_Strain_Name_1908A_2010_Segment_null_Host_Human_1":"background",
     "gb_KF923888_Organism_Human_coronavirus_OC43_Strain_Name_2145A_2010_Segment_null_Host_Human_1":"background",
     "gb_KF923891_Organism_Human_coronavirus_OC43_Strain_Name_5240_2007_Segment_null_Host_Human_1":"background",
     "gb_KF923893_Organism_Human_coronavirus_OC43_Strain_Name_2151A_2010_Segment_null_Host_Human_1":"background",
     "gb_KF923897_Organism_Human_coronavirus_OC43_Strain_Name_3269A_2012_Segment_null_Host_Human_1":"background",
     "gb_KF923898_Organism_Human_coronavirus_OC43_Strain_Name_3184A_2012_Segment_null_Host_Human_1":"background",
     "gb_KF923899_Organism_Human_coronavirus_OC43_Strain_Name_3582_2006_Segment_null_Host_Human_1":"background",
     "gb_KF923904_Organism_Human_coronavirus_OC43_Strain_Name_12694_2012_Segment_null_Host_Human_1":"background",
     "gb_KF923906_Organism_Human_coronavirus_OC43_Strain_Name_3194A_2012_Segment_null_Host_Human_2":"background",
     "gb_KF923912_Organism_Human_coronavirus_OC43_Strain_Name_5484_2007_Segment_null_Host_Human_1":"background",
     "gb_KF923915_Organism_Human_coronavirus_OC43_Strain_Name_5517_2007_Segment_null_Host_Human_2":"background",
     "gb_KF923917_Organism_Human_coronavirus_OC43_Strain_Name_5566_2007_Segment_null_Host_Human_1":"background",
     "gb_KF923924_Organism_Human_coronavirus_OC43_Strain_Name_10290_2010_Segment_null_Host_Human_3":"background",
     "gb_KY369905_Organism_Human_coronavirus_OC43_Strain_Name_HCoV_OC43_Seattle_USA_SC831_2016_Segment_null_Host_Human_1":"background",
     "gb_KY369907_Organism_Human_coronavirus_OC43_Strain_Name_HCoV_OC43_Seattle_USA_SC9741_2016_Segment_null_Host_Human_1":"background",
     "gb_KY967360_Organism_Human_coronavirus_OC43_Strain_Name_HCoV_OC43_Seattle_USA_SC2476_2015_Segment_null_Host_Human_1":"background",
     "gb_MN306043_Organism_Human_coronavirus_OC43_Strain_Name_HCoV_OC43_Seattle_USA_SC0841_2019_Segment_null_Host_Human_1":"background",
     "gb_MN310476_Organism_Human_coronavirus_OC43_Strain_Name_HCoV_OC43_Seattle_USA_SC9428_2018_Segment_null_Host_Human_1":"background",
     "jn129834_OC43_m_china_hong_kong_nov_2004_6":"background",
     "kf530059_OC43_m_usa_nashville_tn_11_jan_1995_7":"background",
     "kf530060_OC43_m_usa_nashville_tn_08_jan_1985_8":"background",
     "kf530061_OC43_m_usa_nashville_tn_19_jan_1990_8":"background",
     "kf530063_OC43_m_usa_nashville_tn_30_dec_1996_6":"background",
     "kf530064_OC43_m_usa_nashville_tn_04_dec_1996_6":"background",
     "kf530067_OC43_m_usa_nashville_tn_07_feb_1991_2":"background",
     "kf530068_OC43_m_usa_nashville_tn_27_jul_2000_8":"background",
     "kf530071_OC43_m_usa_nashville_tn_04_may_1992_4":"background",
     "kf530074_OC43_m_usa_nashville_tn_16_dec_1992_6":"background",
     "kf530076_OC43_m_usa_nashville_tn_03_jan_1991_10":"background",
     "kf530080_OC43_m_usa_nashville_tn_18_dec_1997_2":"background",
     "kf530082_OC43_m_usa_nashville_tn_07_feb_1991_2":"background",
     "kf530084_OC43_m_usa_nashville_tn_12_jan_1995_2":"background",
     "kf530087_OC43_m_usa_nashville_tn_05_mar_1987_2":"background",
     "kf530095_OC43_m_usa_nashville_tn_05_feb_1991_4":"background",
     "kf530098_OC43_m_usa_nashville_tn_10_may_1996_2":"background",
     "kj958218_OC43_m_china_beijing_03_oct_2011_4":"background",
     "kj958219_OC43_m_china_beijing_04_oct_2011_2":"background",
     "kp198610_OC43_m_china_beijing_jun_2010_4":"background",
     "kx344031_OC43_m_mexico_09_feb_2011_24":"background",
     "kx538969_OC43_m_malaysia_kuala_lumpur_18_may_2012_4":"background",
     "kx538979_OC43_m_malaysia_kuala_lumpur_15_feb_2013_2":"background",
     "ky014281_OC43_m_france_2002_4":"background",
     "mf314143_OC43_m_usa_little_rock_arkansas_07_mar_2016_6":"background",
     "mf374983_OC43_m_usa_albuquerque_new_mexico_01_feb_2016_2":"background",
     "mh121121_OC43_m_usa_little_rock_arkansas_19_dec_2016_52":"background"
    }
  },
 "timers":{
   "Baseline model fitting":{
     "order":2,
     "timer":6
    },
   "Complexity analysis":{
     "order":3,
     "timer":110
    },
   "Full adaptive model fitting":{
     "order":4,
     "timer":10
    },
   "Overall":{
     "order":0,
     "timer":166
    },
   "Preliminary model fitting":{
     "order":1,
     "timer":1
    },
   "Testing for selection":{
     "order":5,
     "timer":39
    }
  }
}