{
 "analysis":{
   "authors":"Sergei L Kosakovsky Pond, Ben Murrell, Steven Weaver and Temple iGEM / UCSD viral evolution group",
   "citation":"Less Is More: An Adaptive Branch-Site Random Effects Model for Efficient Detection of Episodic Diversifying Selection (2015). Mol Biol Evol 32 (5): 1342-1353. v2.2 adds support for multiple-hit models",
   "contact":"spond@temple.edu",
   "info":"aBSREL (Adaptive branch-site random effects likelihood)\n                            uses an adaptive random effects branch-site model framework\n                            to test whether each branch has evolved under positive selection,\n                            using a procedure which infers an optimal number of rate categories per branch.",
   "requirements":"in-frame codon alignment and a phylogenetic tree",
   "version":"2.2"
  },
 "branch attributes":{
   "0":{
     "Node10":{
       "Baseline MG94xREV":0.003899418967498154,
       "Baseline MG94xREV omega ratio":10000000000,
       "Corrected P-value":1,
       "Full adaptive model":0.003890290165239813,
       "Full adaptive model (non-synonymous subs/site)":0.003890290165239813,
       "Full adaptive model (synonymous subs/site)":1e-10,
       "LRT":0.5978998331542016,
       "Nucleotide GTR":0.003935987463125882,
       "Rate Distributions":        [
[10000000000, 1] 
        ],
       "Rate classes":1,
       "Uncorrected P-value":0.3103550567923925
      },
     "Node15":{
       "Baseline MG94xREV":0.003878862935216378,
       "Baseline MG94xREV omega ratio":10000000000,
       "Corrected P-value":0.9336933085889858,
       "Full adaptive model":0.003873004913347503,
       "Full adaptive model (non-synonymous subs/site)":0.003873004913347503,
       "Full adaptive model (synonymous subs/site)":1e-10,
       "LRT":0.5932432662817746,
       "Nucleotide GTR":0.003930238119791244,
       "Rate Distributions":        [
[10000000000, 1] 
        ],
       "Rate classes":1,
       "Uncorrected P-value":0.3112311028629953
      },
     "Node16":{
       "Baseline MG94xREV":0.004199895439501267,
       "Baseline MG94xREV omega ratio":0,
       "Corrected P-value":1,
       "Full adaptive model":0.00420303349166455,
       "Full adaptive model (non-synonymous subs/site)":1e-10,
       "Full adaptive model (synonymous subs/site)":0.00420303349166455,
       "LRT":0,
       "Nucleotide GTR":0.003924867959725303,
       "Rate Distributions":        [
[0, 1] 
        ],
       "Rate classes":1,
       "Uncorrected P-value":1
      },
     "Node5":{
       "Baseline MG94xREV":0.004230703626078013,
       "Baseline MG94xREV omega ratio":0,
       "Corrected P-value":1,
       "Full adaptive model":0.004231676241595489,
       "Full adaptive model (non-synonymous subs/site)":1e-10,
       "Full adaptive model (synonymous subs/site)":0.004231676241595489,
       "LRT":0,
       "Nucleotide GTR":0.003944176354243475,
       "Rate Distributions":        [
[0, 1] 
        ],
       "Rate classes":1,
       "Uncorrected P-value":1
      },
     "OC43_lcl_NC_006213_1_cds_YP_009555243_1_6_locus_tag_EYW02_gp6_db_xref_GeneID_39105217_protein_envelope_protein_protein_id_YP_009555243_1_location_28108_28362_gbkey_CDS__23":{
       "Baseline MG94xREV":0,
       "Baseline MG94xREV omega ratio":1,
       "Corrected P-value":null,
       "Full adaptive model":0,
       "Full adaptive model (non-synonymous subs/site)":1e-10,
       "Full adaptive model (synonymous subs/site)":1e-10,
       "LRT":null,
       "Nucleotide GTR":0,
       "Rate Distributions":        [
[1, 1] 
        ],
       "Rate classes":1,
       "Uncorrected P-value":null,
       "original name":"OC43_lcl_NC_006213_1_cds_YP_009555243_1_6_locus_tag_EYW02_gp6_db_xref_GeneID_39105217_protein_envelope_protein_protein_id_YP_009555243_1_location_28108_28362_gbkey_CDS__23"
      },
     "gb_FJ415324_Organism_Human_enteric_coronavirus_4408_Strain_Name_4408_Segment_null_Host_Human_1":{
       "Baseline MG94xREV":0.01221862673311443,
       "Baseline MG94xREV omega ratio":0.6843535545740695,
       "Corrected P-value":null,
       "Full adaptive model":0.01220591949164344,
       "Full adaptive model (non-synonymous subs/site)":0.007860834260301977,
       "Full adaptive model (synonymous subs/site)":0.004345085231341471,
       "LRT":null,
       "Nucleotide GTR":0.01202673944144926,
       "Rate Distributions":        [
[0.6725415332110705, 1] 
        ],
       "Rate classes":1,
       "Uncorrected P-value":null,
       "original name":"gb_FJ415324_Organism_Human_enteric_coronavirus_4408_Strain_Name_4408_Segment_null_Host_Human_1"
      },
     "gb_KY967356_Organism_Human_coronavirus_OC43_Strain_Name_HCoV_OC43_Seattle_USA_SC2924_2015_Segment_null_Host_Human_1":{
       "Baseline MG94xREV":0.004337876242475042,
       "Baseline MG94xREV omega ratio":0,
       "Corrected P-value":null,
       "Full adaptive model":0.004338151026686391,
       "Full adaptive model (non-synonymous subs/site)":1e-10,
       "Full adaptive model (synonymous subs/site)":0.004338151026686391,
       "LRT":null,
       "Nucleotide GTR":0.003977864917717234,
       "Rate Distributions":        [
[0, 1] 
        ],
       "Rate classes":1,
       "Uncorrected P-value":null,
       "original name":"gb_KY967356_Organism_Human_coronavirus_OC43_Strain_Name_HCoV_OC43_Seattle_USA_SC2924_2015_Segment_null_Host_Human_1"
      },
     "gb_MN306042_Organism_Human_coronavirus_OC43_Strain_Name_HCoV_OC43_Seattle_USA_SC0839_2019_Segment_null_Host_Human_1":{
       "Baseline MG94xREV":0,
       "Baseline MG94xREV omega ratio":1,
       "Corrected P-value":null,
       "Full adaptive model":0,
       "Full adaptive model (non-synonymous subs/site)":1e-10,
       "Full adaptive model (synonymous subs/site)":1e-10,
       "LRT":null,
       "Nucleotide GTR":0,
       "Rate Distributions":        [
[1, 1] 
        ],
       "Rate classes":1,
       "Uncorrected P-value":null,
       "original name":"gb_MN306042_Organism_Human_coronavirus_OC43_Strain_Name_HCoV_OC43_Seattle_USA_SC0839_2019_Segment_null_Host_Human_1"
      },
     "kf530059_OC43_e_usa_nashville_tn_11_jan_1995_6":{
       "Baseline MG94xREV":0,
       "Baseline MG94xREV omega ratio":1,
       "Corrected P-value":null,
       "Full adaptive model":0,
       "Full adaptive model (non-synonymous subs/site)":1e-10,
       "Full adaptive model (synonymous subs/site)":1e-10,
       "LRT":null,
       "Nucleotide GTR":0,
       "Rate Distributions":        [
[1, 1] 
        ],
       "Rate classes":1,
       "Uncorrected P-value":null,
       "original name":"kf530059_OC43_e_usa_nashville_tn_11_jan_1995_6"
      },
     "kf530060_OC43_e_usa_nashville_tn_08_jan_1985_27":{
       "Baseline MG94xREV":0,
       "Baseline MG94xREV omega ratio":1,
       "Corrected P-value":null,
       "Full adaptive model":0,
       "Full adaptive model (non-synonymous subs/site)":1e-10,
       "Full adaptive model (synonymous subs/site)":1e-10,
       "LRT":null,
       "Nucleotide GTR":0,
       "Rate Distributions":        [
[1, 1] 
        ],
       "Rate classes":1,
       "Uncorrected P-value":null,
       "original name":"kf530060_OC43_e_usa_nashville_tn_08_jan_1985_27"
      },
     "kf530063_OC43_e_usa_nashville_tn_30_dec_1996_19":{
       "Baseline MG94xREV":0,
       "Baseline MG94xREV omega ratio":1,
       "Corrected P-value":null,
       "Full adaptive model":0,
       "Full adaptive model (non-synonymous subs/site)":1e-10,
       "Full adaptive model (synonymous subs/site)":1e-10,
       "LRT":null,
       "Nucleotide GTR":0,
       "Rate Distributions":        [
[1, 1] 
        ],
       "Rate classes":1,
       "Uncorrected P-value":null,
       "original name":"kf530063_OC43_e_usa_nashville_tn_30_dec_1996_19"
      },
     "kf530064_OC43_e_usa_nashville_tn_04_dec_1996_2":{
       "Baseline MG94xREV":0.003902339565856744,
       "Baseline MG94xREV omega ratio":10000000000,
       "Corrected P-value":null,
       "Full adaptive model":0.003895512407995426,
       "Full adaptive model (non-synonymous subs/site)":0.003895512407995426,
       "Full adaptive model (synonymous subs/site)":1e-10,
       "LRT":null,
       "Nucleotide GTR":0.003938055303493099,
       "Rate Distributions":        [
[10000000000, 1] 
        ],
       "Rate classes":1,
       "Uncorrected P-value":null,
       "original name":"kf530064_OC43_e_usa_nashville_tn_04_dec_1996_2"
      },
     "kf530068_OC43_e_usa_nashville_tn_27_jul_2000_3":{
       "Baseline MG94xREV":0.004303707926672416,
       "Baseline MG94xREV omega ratio":0,
       "Corrected P-value":null,
       "Full adaptive model":0.004314433765537606,
       "Full adaptive model (non-synonymous subs/site)":1e-10,
       "Full adaptive model (synonymous subs/site)":0.004314433765537606,
       "LRT":null,
       "Nucleotide GTR":0.003977596647013408,
       "Rate Distributions":        [
[0, 1] 
        ],
       "Rate classes":1,
       "Uncorrected P-value":null,
       "original name":"kf530068_OC43_e_usa_nashville_tn_27_jul_2000_3"
      },
     "kf530072_OC43_e_usa_nashville_tn_11_dec_1997_2":{
       "Baseline MG94xREV":0.00388951776368497,
       "Baseline MG94xREV omega ratio":10000000000,
       "Corrected P-value":null,
       "Full adaptive model":0.003880744640347938,
       "Full adaptive model (non-synonymous subs/site)":0.003880744640347938,
       "Full adaptive model (synonymous subs/site)":1e-10,
       "LRT":null,
       "Nucleotide GTR":0.003946244535073573,
       "Rate Distributions":        [
[10000000000, 1] 
        ],
       "Rate classes":1,
       "Uncorrected P-value":null,
       "original name":"kf530072_OC43_e_usa_nashville_tn_11_dec_1997_2"
      },
     "kf530084_OC43_e_usa_nashville_tn_12_jan_1995_2":{
       "Baseline MG94xREV":0.004245155888681431,
       "Baseline MG94xREV omega ratio":0,
       "Corrected P-value":null,
       "Full adaptive model":0.004244930102765345,
       "Full adaptive model (non-synonymous subs/site)":1e-10,
       "Full adaptive model (synonymous subs/site)":0.004244930102765345,
       "LRT":null,
       "Nucleotide GTR":0.003959576056933514,
       "Rate Distributions":        [
[0, 1] 
        ],
       "Rate classes":1,
       "Uncorrected P-value":null,
       "original name":"kf530084_OC43_e_usa_nashville_tn_12_jan_1995_2"
      },
     "ku131570_OC43_e_united_kingdom_20_aug_2011_2":{
       "Baseline MG94xREV":0.003911830376143808,
       "Baseline MG94xREV omega ratio":10000000000,
       "Corrected P-value":null,
       "Full adaptive model":0.003902995827292165,
       "Full adaptive model (non-synonymous subs/site)":0.003902995827292165,
       "Full adaptive model (synonymous subs/site)":1e-10,
       "LRT":null,
       "Nucleotide GTR":0.003958154471716518,
       "Rate Distributions":        [
[10000000000, 1] 
        ],
       "Rate classes":1,
       "Uncorrected P-value":null,
       "original name":"ku131570_OC43_e_united_kingdom_20_aug_2011_2"
      },
     "kx344031_OC43_e_mexico_09_feb_2011_2":{
       "Baseline MG94xREV":0.003915273888945949,
       "Baseline MG94xREV omega ratio":10000000000,
       "Corrected P-value":null,
       "Full adaptive model":0.003909603564826211,
       "Full adaptive model (non-synonymous subs/site)":0.003909603564826211,
       "Full adaptive model (synonymous subs/site)":1e-10,
       "LRT":null,
       "Nucleotide GTR":0.003983273980995287,
       "Rate Distributions":        [
[10000000000, 1] 
        ],
       "Rate classes":1,
       "Uncorrected P-value":null,
       "original name":"kx344031_OC43_e_mexico_09_feb_2011_2"
      },
     "mf314143_OC43_e_usa_little_rock_arkansas_07_mar_2016_15":{
       "Baseline MG94xREV":0,
       "Baseline MG94xREV omega ratio":1,
       "Corrected P-value":null,
       "Full adaptive model":0,
       "Full adaptive model (non-synonymous subs/site)":1e-10,
       "Full adaptive model (synonymous subs/site)":1e-10,
       "LRT":null,
       "Nucleotide GTR":0,
       "Rate Distributions":        [
[1, 1] 
        ],
       "Rate classes":1,
       "Uncorrected P-value":null,
       "original name":"mf314143_OC43_e_usa_little_rock_arkansas_07_mar_2016_15"
      },
     "mh121121_OC43_e_usa_little_rock_arkansas_19_dec_2016_108":{
       "Baseline MG94xREV":0,
       "Baseline MG94xREV omega ratio":1,
       "Corrected P-value":null,
       "Full adaptive model":0,
       "Full adaptive model (non-synonymous subs/site)":1e-10,
       "Full adaptive model (synonymous subs/site)":1e-10,
       "LRT":null,
       "Nucleotide GTR":0,
       "Rate Distributions":        [
[1, 1] 
        ],
       "Rate classes":1,
       "Uncorrected P-value":null,
       "original name":"mh121121_OC43_e_usa_little_rock_arkansas_19_dec_2016_108"
      }
    },
   "attributes":{
     "Baseline MG94xREV":{
       "attribute type":"branch length",
       "display order":1
      },
     "Baseline MG94xREV omega ratio":{
       "attribute type":"branch label",
       "display order":1
      },
     "Corrected P-value":{
       "attribute type":"branch label",
       "display order":6
      },
     "Full adaptive model":{
       "attribute type":"branch length",
       "display order":2
      },
     "Full adaptive model (non-synonymous subs/site)":{
       "attribute type":"branch label",
       "display order":10
      },
     "Full adaptive model (synonymous subs/site)":{
       "attribute type":"branch label",
       "display order":9
      },
     "LRT":{
       "attribute type":"branch label",
       "display order":4
      },
     "Nucleotide GTR":{
       "attribute type":"branch length",
       "display order":0
      },
     "Rate Distributions":{
       "attribute type":"branch label",
       "display order":3
      },
     "Rate classes":{
       "attribute type":"branch label",
       "display order":2
      },
     "Uncorrected P-value":{
       "attribute type":"branch label",
       "display order":5
      },
     "original name":{
       "attribute type":"node label",
       "display order":-1
      }
    }
  },
 "data partitions":{
   "0":{
     "coverage":      [
[0, 1, 2, 3, 4, 5, 6, 7, 8, 9, 10, 11, 12, 13, 14, 15, 16, 17, 18, 19, 20, 21, 22, 23, 24, 25, 26, 27, 28, 29, 30, 31, 32, 33, 34, 35, 36, 37, 38, 39, 40, 41, 42, 43, 44, 45, 46, 47, 48, 49, 50, 51, 52, 53, 54, 55, 56, 57, 58, 59, 60, 61, 62, 63, 64, 65, 66, 67, 68, 69, 70, 71, 72, 73, 74, 75, 76, 77, 78, 79, 80, 81, 82, 83, 84] 
      ],
     "name":"absrel.filter.default"
    }
  },
 "fits":{
   "Baseline MG94xREV":{
     "AIC-c":919.5369925425476,
     "Equilibrium frequencies":      [
[0.01657353286810234],
      [0.005998610278653484],
      [0.01440868257369194],
      [0.03019068789605463],
      [0.01051418900014877],
      [0.003805496553446626],
      [0.00914081584346556],
      [0.01915286264611414],
      [0.007730175285285203],
      [0.002797853016079023],
      [0.006720452592159135],
      [0.0140814460789471],
      [0.02782897455400785],
      [0.01007239519374554],
      [0.02419392798693988],
      [0.05069383166001449],
      [0.007667415879406682],
      [0.002775137930515725],
      [0.006665890878310092],
      [0.01396712225610865],
      [0.004864180759793209],
      [0.001760537414390452],
      [0.004228816940038739],
      [0.008860691583237873],
      [0.003576212097003509],
      [0.001294371140688875],
      [0.003109083943176247],
      [0.006514501411978695],
      [0.012874522475149],
      [0.00465979362799712],
      [0.01119284036231708],
      [0.02345249458587336],
      [0.02167475072933735],
      [0.007844940698340207],
      [0.01884357460828316],
      [0.03948317113206606],
      [0.01375038306636302],
      [0.004976801859551404],
      [0.01195429522761605],
      [0.02504798022917205],
      [0.01010946934103045],
      [0.003659012666970447],
      [0.008788961043045058],
      [0.01841561700204538],
      [0.03639453888990034],
      [0.0131726082066658],
      [0.0316406503341073],
      [0.06629703959259793],
      [0.008267331324400724],
      [0.04160904078674128],
      [0.01449073702636196],
      [0.005244764937166487],
      [0.0125979434640359],
      [0.02639662420971736],
      [0.00385602277967812],
      [0.009262180013097789],
      [0.01940715846728939],
      [0.03835410909673968],
      [0.01388185336749164],
      [0.03334425965602519],
      [0.06986663293132146] 
      ],
     "Log Likelihood":-405.542760156949,
     "Rate Distributions":{
       "Per-branch omega":{
         "2.5%":0,
         "97.5%":10000000000,
         "Mean":2500000000.421088,
         "Median":0.8421767772870348
        }
      },
     "display order":1,
     "estimated parameters":52
    },
   "Full adaptive model":{
     "AIC-c":919.5369925425476,
     "Log Likelihood":-405.5131771223377,
     "Rate Distributions":{
      },
     "display order":2,
     "estimated parameters":52
    },
   "Nucleotide GTR":{
     "AIC-c":919.5369925425476,
     "Equilibrium frequencies":      [
[0.2388275499474238],
      [0.1294689800210305],
      [0.2191114616193481],
      [0.4125920084121977] 
      ],
     "Log Likelihood":-425.5810340091722,
     "Rate Distributions":{
       "Substitution rate from nucleotide A to nucleotide C":0,
       "Substitution rate from nucleotide A to nucleotide G":1,
       "Substitution rate from nucleotide A to nucleotide T":0.08818803414385831,
       "Substitution rate from nucleotide C to nucleotide G":0,
       "Substitution rate from nucleotide C to nucleotide T":0.8193347580307075,
       "Substitution rate from nucleotide G to nucleotide T":0.1923684141167964
      },
     "display order":0,
     "estimated parameters":35
    }
  },
 "input":{
   "file name":"/data/shares/veg/SARS-CoV-2/coronavirus-comparative-data/data/catted/OC43_E.catted.qa.fasta_protein.aligned.compressed.codon.fas",
   "number of sequences":15,
   "number of sites":85,
   "partition count":1,
   "trees":{
     "0":"((OC43_lcl_NC_006213_1_cds_YP_009555243_1_6_locus_tag_EYW02_gp6_db_xref_GeneID_39105217_protein_envelope_protein_protein_id_YP_009555243_1_location_28108_28362_gbkey_CDS__23,kf530060_OC43_e_usa_nashville_tn_08_jan_1985_27,((kf530063_OC43_e_usa_nashville_tn_30_dec_1996_19,kf530068_OC43_e_usa_nashville_tn_27_jul_2000_3,kf530084_OC43_e_usa_nashville_tn_12_jan_1995_2)Node16,gb_MN306042_Organism_Human_coronavirus_OC43_Strain_Name_HCoV_OC43_Seattle_USA_SC0839_2019_Segment_null_Host_Human_1,gb_KY967356_Organism_Human_coronavirus_OC43_Strain_Name_HCoV_OC43_Seattle_USA_SC2924_2015_Segment_null_Host_Human_1,mh121121_OC43_e_usa_little_rock_arkansas_19_dec_2016_108)Node15,gb_FJ415324_Organism_Human_enteric_coronavirus_4408_Strain_Name_4408_Segment_null_Host_Human_1)Node10,kx344031_OC43_e_mexico_09_feb_2011_2,kf530059_OC43_e_usa_nashville_tn_11_jan_1995_6,kf530064_OC43_e_usa_nashville_tn_04_dec_1996_2,(kf530072_OC43_e_usa_nashville_tn_11_dec_1997_2,ku131570_OC43_e_united_kingdom_20_aug_2011_2,mf314143_OC43_e_usa_little_rock_arkansas_07_mar_2016_15)Node5)"
    }
  },
 "test results":{
   "P-value threshold":0.05,
   "positive test results":0,
   "tested":4
  },
 "tested":{
   "0":{
     "Node10":"test",
     "Node15":"test",
     "Node16":"test",
     "Node5":"test",
     "OC43_lcl_NC_006213_1_cds_YP_009555243_1_6_locus_tag_EYW02_gp6_db_xref_GeneID_39105217_protein_envelope_protein_protein_id_YP_009555243_1_location_28108_28362_gbkey_CDS__23":"background",
     "gb_FJ415324_Organism_Human_enteric_coronavirus_4408_Strain_Name_4408_Segment_null_Host_Human_1":"background",
     "gb_KY967356_Organism_Human_coronavirus_OC43_Strain_Name_HCoV_OC43_Seattle_USA_SC2924_2015_Segment_null_Host_Human_1":"background",
     "gb_MN306042_Organism_Human_coronavirus_OC43_Strain_Name_HCoV_OC43_Seattle_USA_SC0839_2019_Segment_null_Host_Human_1":"background",
     "kf530059_OC43_e_usa_nashville_tn_11_jan_1995_6":"background",
     "kf530060_OC43_e_usa_nashville_tn_08_jan_1985_27":"background",
     "kf530063_OC43_e_usa_nashville_tn_30_dec_1996_19":"background",
     "kf530064_OC43_e_usa_nashville_tn_04_dec_1996_2":"background",
     "kf530068_OC43_e_usa_nashville_tn_27_jul_2000_3":"background",
     "kf530072_OC43_e_usa_nashville_tn_11_dec_1997_2":"background",
     "kf530084_OC43_e_usa_nashville_tn_12_jan_1995_2":"background",
     "ku131570_OC43_e_united_kingdom_20_aug_2011_2":"background",
     "kx344031_OC43_e_mexico_09_feb_2011_2":"background",
     "mf314143_OC43_e_usa_little_rock_arkansas_07_mar_2016_15":"background",
     "mh121121_OC43_e_usa_little_rock_arkansas_19_dec_2016_108":"background"
    }
  },
 "timers":{
   "Baseline model fitting":{
     "order":2,
     "timer":1
    },
   "Complexity analysis":{
     "order":3,
     "timer":24
    },
   "Full adaptive model fitting":{
     "order":4,
     "timer":1
    },
   "Overall":{
     "order":0,
     "timer":30
    },
   "Preliminary model fitting":{
     "order":1,
     "timer":0
    },
   "Testing for selection":{
     "order":5,
     "timer":3
    }
  }
}