{
 "analysis":{
   "authors":"Sergei L Kosakovsky Pond, Ben Murrell, Steven Weaver and Temple iGEM / UCSD viral evolution group",
   "citation":"Less Is More: An Adaptive Branch-Site Random Effects Model for Efficient Detection of Episodic Diversifying Selection (2015). Mol Biol Evol 32 (5): 1342-1353. v2.2 adds support for multiple-hit models",
   "contact":"spond@temple.edu",
   "info":"aBSREL (Adaptive branch-site random effects likelihood)\n                            uses an adaptive random effects branch-site model framework\n                            to test whether each branch has evolved under positive selection,\n                            using a procedure which infers an optimal number of rate categories per branch.",
   "requirements":"in-frame codon alignment and a phylogenetic tree",
   "version":"2.2"
  },
 "branch attributes":{
   "0":{
     "Node16":{
       "Baseline MG94xREV":0.000265307522858405,
       "Baseline MG94xREV omega ratio":10000000000,
       "Corrected P-value":1,
       "Full adaptive model":0.0002650504781468431,
       "Full adaptive model (non-synonymous subs/site)":0.0002650504781468431,
       "Full adaptive model (synonymous subs/site)":1e-10,
       "LRT":0.8022230674469029,
       "Nucleotide GTR":0.0002656434266016931,
       "Rate Distributions":        [
[10000000000, 1] 
        ],
       "Rate classes":1,
       "Uncorrected P-value":0.2749585207907493
      },
     "Node2":{
       "Baseline MG94xREV":0.0005485863650486641,
       "Baseline MG94xREV omega ratio":0,
       "Corrected P-value":1,
       "Full adaptive model":0.0005493151045468169,
       "Full adaptive model (non-synonymous subs/site)":1e-10,
       "Full adaptive model (synonymous subs/site)":0.0005493151045468169,
       "LRT":0,
       "Nucleotide GTR":0.0005313032849486006,
       "Rate Distributions":        [
[0, 1] 
        ],
       "Rate classes":1,
       "Uncorrected P-value":1
      },
     "Node21":{
       "Baseline MG94xREV":0.0002653167332958479,
       "Baseline MG94xREV omega ratio":10000000000,
       "Corrected P-value":1,
       "Full adaptive model":0.0002650625976961003,
       "Full adaptive model (non-synonymous subs/site)":0.0002650625976961003,
       "Full adaptive model (synonymous subs/site)":1e-10,
       "LRT":0.8061086908055586,
       "Nucleotide GTR":0.0002656481168518995,
       "Rate Distributions":        [
[10000000000, 1] 
        ],
       "Rate classes":1,
       "Uncorrected P-value":0.2743373790174367
      },
     "Node25":{
       "Baseline MG94xREV":0.0002653483845438833,
       "Baseline MG94xREV omega ratio":10000000000,
       "Corrected P-value":1,
       "Full adaptive model":0.0002650957304731716,
       "Full adaptive model (non-synonymous subs/site)":0.0002650957304731716,
       "Full adaptive model (synonymous subs/site)":1e-10,
       "LRT":0.8607675945222582,
       "Nucleotide GTR":0.0002656523179974933,
       "Rate Distributions":        [
[10000000000, 1] 
        ],
       "Rate classes":1,
       "Uncorrected P-value":0.2657826386815882
      },
     "Node29":{
       "Baseline MG94xREV":0.0002654111386251251,
       "Baseline MG94xREV omega ratio":10000000000,
       "Corrected P-value":1,
       "Full adaptive model":0.0002653131876515742,
       "Full adaptive model (non-synonymous subs/site)":0.0002653131876515742,
       "Full adaptive model (synonymous subs/site)":1e-10,
       "LRT":0.6823999504649692,
       "Nucleotide GTR":0.000265703344426051,
       "Rate Distributions":        [
[10000000000, 1] 
        ],
       "Rate classes":1,
       "Uncorrected P-value":0.2950273250574763
      },
     "Node31":{
       "Baseline MG94xREV":0.0008138600481631176,
       "Baseline MG94xREV omega ratio":0.2016646691224378,
       "Corrected P-value":1,
       "Full adaptive model":0.0008144209690072179,
       "Full adaptive model (non-synonymous subs/site)":0.0002653513165327371,
       "Full adaptive model (synonymous subs/site)":0.0005490696524744807,
       "LRT":0,
       "Nucleotide GTR":0.0007979983983458701,
       "Rate Distributions":        [
[0.2033987452470453, 1] 
        ],
       "Rate classes":1,
       "Uncorrected P-value":1
      },
     "Node32":{
       "Baseline MG94xREV":0.0005307757105745553,
       "Baseline MG94xREV omega ratio":10000000000,
       "Corrected P-value":1,
       "Full adaptive model":0.0005302206031716771,
       "Full adaptive model (non-synonymous subs/site)":0.0005302206031716771,
       "Full adaptive model (synonymous subs/site)":1e-10,
       "LRT":1.369411749663414,
       "Nucleotide GTR":0.0005310552508292501,
       "Rate Distributions":        [
[10000000000, 1] 
        ],
       "Rate classes":1,
       "Uncorrected P-value":0.1996541508967491
      },
     "Node34":{
       "Baseline MG94xREV":0.0002736532857556899,
       "Baseline MG94xREV omega ratio":0,
       "Corrected P-value":1,
       "Full adaptive model":0.0002738970203013823,
       "Full adaptive model (non-synonymous subs/site)":1e-10,
       "Full adaptive model (synonymous subs/site)":0.0002738970203013823,
       "LRT":0,
       "Nucleotide GTR":0.0002655407338285073,
       "Rate Distributions":        [
[0, 1] 
        ],
       "Rate classes":1,
       "Uncorrected P-value":1
      },
     "Node37":{
       "Baseline MG94xREV":0.003210548348161889,
       "Baseline MG94xREV omega ratio":2.021289774263446,
       "Corrected P-value":1,
       "Full adaptive model":0.003209193656916345,
       "Full adaptive model (non-synonymous subs/site)":0.002659847977545998,
       "Full adaptive model (synonymous subs/site)":0.0005493456793703518,
       "LRT":0.9589363769373449,
       "Nucleotide GTR":0.00319814076468896,
       "Rate Distributions":        [
[2.037818805146638, 1] 
        ],
       "Rate classes":1,
       "Uncorrected P-value":0.25122476712625
      },
     "Node6":{
       "Baseline MG94xREV":0.000814406366536323,
       "Baseline MG94xREV omega ratio":0.2014768571155358,
       "Corrected P-value":1,
       "Full adaptive model":0.0008147681053313928,
       "Full adaptive model (non-synonymous subs/site)":0.0002650844323539724,
       "Full adaptive model (synonymous subs/site)":0.0005496836729774215,
       "LRT":0,
       "Nucleotide GTR":0.0007973105111698733,
       "Rate Distributions":        [
[0.2029671948203984, 1] 
        ],
       "Rate classes":1,
       "Uncorrected P-value":1
      },
     "SARS_coronavirus_lcl_NC_004718_3_cds_YP_009825051_1_2_gene_S_locus_tag_sars2_db_xref_GeneID_1489668_protein_spike_glycoprotein_protein_id_YP_009825051_1_location_21492_25259_gbkey_CDS__3":{
       "Baseline MG94xREV":0.0002653389201343988,
       "Baseline MG94xREV omega ratio":10000000000,
       "Corrected P-value":null,
       "Full adaptive model":0.0002652403517019405,
       "Full adaptive model (non-synonymous subs/site)":0.0002652403517019405,
       "Full adaptive model (synonymous subs/site)":1e-10,
       "LRT":null,
       "Nucleotide GTR":0.0002656788515936228,
       "Rate Distributions":        [
[10000000000, 1] 
        ],
       "Rate classes":1,
       "Uncorrected P-value":null,
       "original name":"SARS_coronavirus_lcl_NC_004718_3_cds_YP_009825051_1_2_gene_S_locus_tag_sars2_db_xref_GeneID_1489668_protein_spike_glycoprotein_protein_id_YP_009825051_1_location_21492_25259_gbkey_CDS__3"
      },
     "gb_AY278487_Organism_SARS_coronavirus_BJ02_Strain_Name_BJ02_Segment_null_Host_Human_1":{
       "Baseline MG94xREV":0.0008143523960784832,
       "Baseline MG94xREV omega ratio":0.2013918290327878,
       "Corrected P-value":null,
       "Full adaptive model":0.0008149571412841545,
       "Full adaptive model (non-synonymous subs/site)":0.0002652342888960782,
       "Full adaptive model (synonymous subs/site)":0.0005497228523880758,
       "LRT":null,
       "Nucleotide GTR":0.0007974945551915182,
       "Rate Distributions":        [
[0.2030674615831216, 1] 
        ],
       "Rate classes":1,
       "Uncorrected P-value":null,
       "original name":"gb_AY278487_Organism_SARS_coronavirus_BJ02_Strain_Name_BJ02_Segment_null_Host_Human_1"
      },
     "gb_AY278488_Organism_SARS_coronavirus_BJ01_Strain_Name_BJ01_Segment_null_Host_Human_3":{
       "Baseline MG94xREV":0,
       "Baseline MG94xREV omega ratio":1,
       "Corrected P-value":null,
       "Full adaptive model":0,
       "Full adaptive model (non-synonymous subs/site)":1e-10,
       "Full adaptive model (synonymous subs/site)":1e-10,
       "LRT":null,
       "Nucleotide GTR":0,
       "Rate Distributions":        [
[1, 1] 
        ],
       "Rate classes":1,
       "Uncorrected P-value":null,
       "original name":"gb_AY278488_Organism_SARS_coronavirus_BJ01_Strain_Name_BJ01_Segment_null_Host_Human_3"
      },
     "gb_AY278489_Organism_SARS_coronavirus_GD01_Strain_Name_GD01_Segment_null_Host_Human_1":{
       "Baseline MG94xREV":0.0005312345842670718,
       "Baseline MG94xREV omega ratio":10000000000,
       "Corrected P-value":null,
       "Full adaptive model":0.0005307242614865611,
       "Full adaptive model (non-synonymous subs/site)":0.0005307242614865611,
       "Full adaptive model (synonymous subs/site)":1e-10,
       "LRT":null,
       "Nucleotide GTR":0.0005317039302077188,
       "Rate Distributions":        [
[10000000000, 1] 
        ],
       "Rate classes":1,
       "Uncorrected P-value":null,
       "original name":"gb_AY278489_Organism_SARS_coronavirus_GD01_Strain_Name_GD01_Segment_null_Host_Human_1"
      },
     "gb_AY279354_Organism_SARS_coronavirus_BJ04_Strain_Name_BJ04_Segment_null_Host_Human_1":{
       "Baseline MG94xREV":0.0005396824355542448,
       "Baseline MG94xREV omega ratio":0.4029943270962177,
       "Corrected P-value":null,
       "Full adaptive model":0.0005398288845255196,
       "Full adaptive model (non-synonymous subs/site)":0.0002652463426325887,
       "Full adaptive model (synonymous subs/site)":0.0002745825418929308,
       "LRT":null,
       "Nucleotide GTR":0.0005314279671144169,
       "Rate Distributions":        [
[0.4065658966189703, 1] 
        ],
       "Rate classes":1,
       "Uncorrected P-value":null,
       "original name":"gb_AY279354_Organism_SARS_coronavirus_BJ04_Strain_Name_BJ04_Segment_null_Host_Human_1"
      },
     "gb_AY304495_Organism_SARS_coronavirus_GZ50_Strain_Name_GZ50_Segment_null_Host_Human_1":{
       "Baseline MG94xREV":0.0002653791061230104,
       "Baseline MG94xREV omega ratio":10000000000,
       "Corrected P-value":null,
       "Full adaptive model":0.0002652882570150863,
       "Full adaptive model (non-synonymous subs/site)":0.0002652882570150863,
       "Full adaptive model (synonymous subs/site)":1e-10,
       "LRT":null,
       "Nucleotide GTR":0.0002656836715503316,
       "Rate Distributions":        [
[10000000000, 1] 
        ],
       "Rate classes":1,
       "Uncorrected P-value":null,
       "original name":"gb_AY304495_Organism_SARS_coronavirus_GZ50_Strain_Name_GZ50_Segment_null_Host_Human_1"
      },
     "gb_AY310120_Organism_SARS_coronavirus_FRA_Strain_Name_FRA_Segment_null_Host_Human_2":{
       "Baseline MG94xREV":0.0002653355201198854,
       "Baseline MG94xREV omega ratio":10000000000,
       "Corrected P-value":null,
       "Full adaptive model":0.0002652387293112702,
       "Full adaptive model (non-synonymous subs/site)":0.0002652387293112702,
       "Full adaptive model (synonymous subs/site)":1e-10,
       "LRT":null,
       "Nucleotide GTR":0.000265680086836213,
       "Rate Distributions":        [
[10000000000, 1] 
        ],
       "Rate classes":1,
       "Uncorrected P-value":null,
       "original name":"gb_AY310120_Organism_SARS_coronavirus_FRA_Strain_Name_FRA_Segment_null_Host_Human_2"
      },
     "gb_AY313906_Organism_SARS_coronavirus_GD69_Strain_Name_GD69_Segment_null_Host_Human_1":{
       "Baseline MG94xREV":0.0002741576774154179,
       "Baseline MG94xREV omega ratio":0,
       "Corrected P-value":null,
       "Full adaptive model":0.0002744017698781882,
       "Full adaptive model (non-synonymous subs/site)":1e-10,
       "Full adaptive model (synonymous subs/site)":0.0002744017698781882,
       "LRT":null,
       "Nucleotide GTR":0.000265643428416285,
       "Rate Distributions":        [
[0, 1] 
        ],
       "Rate classes":1,
       "Uncorrected P-value":null,
       "original name":"gb_AY313906_Organism_SARS_coronavirus_GD69_Strain_Name_GD69_Segment_null_Host_Human_1"
      },
     "gb_AY390556_Organism_SARS_coronavirus_GZ02_Strain_Name_GZ02_Segment_null_Host_Human_1":{
       "Baseline MG94xREV":0.0002652341209700716,
       "Baseline MG94xREV omega ratio":10000000000,
       "Corrected P-value":null,
       "Full adaptive model":0.0002651293672361013,
       "Full adaptive model (non-synonymous subs/site)":0.0002651293672361013,
       "Full adaptive model (synonymous subs/site)":1e-10,
       "LRT":null,
       "Nucleotide GTR":0.0002655103469918429,
       "Rate Distributions":        [
[10000000000, 1] 
        ],
       "Rate classes":1,
       "Uncorrected P-value":null,
       "original name":"gb_AY390556_Organism_SARS_coronavirus_GZ02_Strain_Name_GZ02_Segment_null_Host_Human_1"
      },
     "gb_AY394991_Organism_SARS_coronavirus_HZS2_Fc_Strain_Name_HZS2_Fc_Segment_null_Host_Human_1":{
       "Baseline MG94xREV":0,
       "Baseline MG94xREV omega ratio":1,
       "Corrected P-value":null,
       "Full adaptive model":0,
       "Full adaptive model (non-synonymous subs/site)":1e-10,
       "Full adaptive model (synonymous subs/site)":1e-10,
       "LRT":null,
       "Nucleotide GTR":0,
       "Rate Distributions":        [
[1, 1] 
        ],
       "Rate classes":1,
       "Uncorrected P-value":null,
       "original name":"gb_AY394991_Organism_SARS_coronavirus_HZS2_Fc_Strain_Name_HZS2_Fc_Segment_null_Host_Human_1"
      },
     "gb_AY394995_Organism_SARS_coronavirus_HSZ_Cc_Strain_Name_HSZ_Cc_Segment_null_Host_Human_1":{
       "Baseline MG94xREV":0.000530828365650306,
       "Baseline MG94xREV omega ratio":10000000000,
       "Corrected P-value":null,
       "Full adaptive model":0.0005305560614065017,
       "Full adaptive model (non-synonymous subs/site)":0.0005305560614065017,
       "Full adaptive model (synonymous subs/site)":1e-10,
       "LRT":null,
       "Nucleotide GTR":0.0005313112469894417,
       "Rate Distributions":        [
[10000000000, 1] 
        ],
       "Rate classes":1,
       "Uncorrected P-value":null,
       "original name":"gb_AY394995_Organism_SARS_coronavirus_HSZ_Cc_Strain_Name_HSZ_Cc_Segment_null_Host_Human_1"
      },
     "gb_AY395002_Organism_SARS_coronavirus_LC5_Strain_Name_LC5_Segment_null_Host_Human_1":{
       "Baseline MG94xREV":0.0005394621225889074,
       "Baseline MG94xREV omega ratio":0.4032892112989781,
       "Corrected P-value":null,
       "Full adaptive model":0.0005397300849499438,
       "Full adaptive model (non-synonymous subs/site)":0.0002652278934249887,
       "Full adaptive model (synonymous subs/site)":0.0002745021915249559,
       "LRT":null,
       "Nucleotide GTR":0.0005313810052948471,
       "Rate Distributions":        [
[0.406656616788317, 1] 
        ],
       "Rate classes":1,
       "Uncorrected P-value":null,
       "original name":"gb_AY395002_Organism_SARS_coronavirus_LC5_Strain_Name_LC5_Segment_null_Host_Human_1"
      },
     "gb_AY395003_Organism_SARS_coronavirus_ZS_C_Strain_Name_ZS_C_Segment_null_Host_Human_1":{
       "Baseline MG94xREV":0.000265321620634665,
       "Baseline MG94xREV omega ratio":10000000000,
       "Corrected P-value":null,
       "Full adaptive model":0.0002652092969390088,
       "Full adaptive model (non-synonymous subs/site)":0.0002652092969390088,
       "Full adaptive model (synonymous subs/site)":1e-10,
       "LRT":null,
       "Nucleotide GTR":0.000265911149852347,
       "Rate Distributions":        [
[10000000000, 1] 
        ],
       "Rate classes":1,
       "Uncorrected P-value":null,
       "original name":"gb_AY395003_Organism_SARS_coronavirus_ZS_C_Strain_Name_ZS_C_Segment_null_Host_Human_1"
      },
     "gb_AY427439_Organism_SARS_coronavirus_AS_Strain_Name_AS_Segment_null_Host_Human_18":{
       "Baseline MG94xREV":0,
       "Baseline MG94xREV omega ratio":1,
       "Corrected P-value":null,
       "Full adaptive model":0,
       "Full adaptive model (non-synonymous subs/site)":1e-10,
       "Full adaptive model (synonymous subs/site)":1e-10,
       "LRT":null,
       "Nucleotide GTR":0,
       "Rate Distributions":        [
[1, 1] 
        ],
       "Rate classes":1,
       "Uncorrected P-value":null,
       "original name":"gb_AY427439_Organism_SARS_coronavirus_AS_Strain_Name_AS_Segment_null_Host_Human_18"
      },
     "gb_AY559081_Organism_SARS_coronavirus_Sin842_Strain_Name_Sin842_Segment_null_Host_Human_5":{
       "Baseline MG94xREV":0,
       "Baseline MG94xREV omega ratio":1,
       "Corrected P-value":null,
       "Full adaptive model":0,
       "Full adaptive model (non-synonymous subs/site)":1e-10,
       "Full adaptive model (synonymous subs/site)":1e-10,
       "LRT":null,
       "Nucleotide GTR":0,
       "Rate Distributions":        [
[1, 1] 
        ],
       "Rate classes":1,
       "Uncorrected P-value":null,
       "original name":"gb_AY559081_Organism_SARS_coronavirus_Sin842_Strain_Name_Sin842_Segment_null_Host_Human_5"
      },
     "gb_AY559082_Organism_SARS_coronavirus_Sin852_Strain_Name_Sin852_Segment_null_Host_Human_1":{
       "Baseline MG94xREV":0.0002741702273594709,
       "Baseline MG94xREV omega ratio":0,
       "Corrected P-value":null,
       "Full adaptive model":0.0002744143270769959,
       "Full adaptive model (non-synonymous subs/site)":1e-10,
       "Full adaptive model (synonymous subs/site)":0.0002744143270769959,
       "LRT":null,
       "Nucleotide GTR":0.0002656711861778585,
       "Rate Distributions":        [
[0, 1] 
        ],
       "Rate classes":1,
       "Uncorrected P-value":null,
       "original name":"gb_AY559082_Organism_SARS_coronavirus_Sin852_Strain_Name_Sin852_Segment_null_Host_Human_1"
      },
     "gb_AY568539_Organism_SARS_coronavirus_GZ0401_Strain_Name_GZ0401_Segment_null_Host_Human_1":{
       "Baseline MG94xREV":0.001337869252676903,
       "Baseline MG94xREV omega ratio":1.610767335950614,
       "Corrected P-value":null,
       "Full adaptive model":0.00207949307097227,
       "Full adaptive model (non-synonymous subs/site)":0.001801088535839572,
       "Full adaptive model (synonymous subs/site)":0.0002784045351326984,
       "LRT":null,
       "Nucleotide GTR":0.001331639817401874,
       "Rate Distributions":        [
[0, 0.9967373863047378],
        [834.5407826761622, 0.003262613695262151] 
        ],
       "Rate classes":2,
       "Uncorrected P-value":null,
       "original name":"gb_AY568539_Organism_SARS_coronavirus_GZ0401_Strain_Name_GZ0401_Segment_null_Host_Human_1"
      },
     "gb_AY613947_Organism_SARS_coronavirus_GZ0402_Strain_Name_GZ0402_Segment_null_Host_Human_1":{
       "Baseline MG94xREV":0.0010683103780908,
       "Baseline MG94xREV omega ratio":1.211086668510488,
       "Corrected P-value":null,
       "Full adaptive model":0.001068617494168871,
       "Full adaptive model (non-synonymous subs/site)":0.0007948784188822844,
       "Full adaptive model (synonymous subs/site)":0.0002737390752865881,
       "LRT":null,
       "Nucleotide GTR":0.001061852804211872,
       "Rate Distributions":        [
[1.222132725259239, 1] 
        ],
       "Rate classes":1,
       "Uncorrected P-value":null,
       "original name":"gb_AY613947_Organism_SARS_coronavirus_GZ0402_Strain_Name_GZ0402_Segment_null_Host_Human_1"
      },
     "gb_AY714217_Organism_SARS_Coronavirus_CDC_200301157_Strain_Name_CDC_200301157_Segment_null_Host_Human_1":{
       "Baseline MG94xREV":0,
       "Baseline MG94xREV omega ratio":1,
       "Corrected P-value":null,
       "Full adaptive model":0,
       "Full adaptive model (non-synonymous subs/site)":1e-10,
       "Full adaptive model (synonymous subs/site)":1e-10,
       "LRT":null,
       "Nucleotide GTR":0,
       "Rate Distributions":        [
[1, 1] 
        ],
       "Rate classes":1,
       "Uncorrected P-value":null,
       "original name":"gb_AY714217_Organism_SARS_Coronavirus_CDC_200301157_Strain_Name_CDC_200301157_Segment_null_Host_Human_1"
      },
     "gb_DQ182595_Organism_SARS_coronavirus_ZJ0301_Strain_Name_ZJ0301_Segment_null_Host_Human_1":{
       "Baseline MG94xREV":0.0002743298177925335,
       "Baseline MG94xREV omega ratio":0,
       "Corrected P-value":null,
       "Full adaptive model":0.000274574032180668,
       "Full adaptive model (non-synonymous subs/site)":1e-10,
       "Full adaptive model (synonymous subs/site)":0.000274574032180668,
       "LRT":null,
       "Nucleotide GTR":0.0002656800874472633,
       "Rate Distributions":        [
[0, 1] 
        ],
       "Rate classes":1,
       "Uncorrected P-value":null,
       "original name":"gb_DQ182595_Organism_SARS_coronavirus_ZJ0301_Strain_Name_ZJ0301_Segment_null_Host_Human_1"
      },
     "gb_FJ882963_Organism_SARS_coronavirus_P2_Strain_Name_P2_Segment_null_Host_Human_1":{
       "Baseline MG94xREV":0.0002652738559814739,
       "Baseline MG94xREV omega ratio":10000000000,
       "Corrected P-value":null,
       "Full adaptive model":0.0002651510235927575,
       "Full adaptive model (non-synonymous subs/site)":0.0002651510235927575,
       "Full adaptive model (synonymous subs/site)":1e-10,
       "LRT":null,
       "Nucleotide GTR":0.0002655939089819895,
       "Rate Distributions":        [
[10000000000, 1] 
        ],
       "Rate classes":1,
       "Uncorrected P-value":null,
       "original name":"gb_FJ882963_Organism_SARS_coronavirus_P2_Strain_Name_P2_Segment_null_Host_Human_1"
      },
     "gb_GU553363_Organism_SARS_coronavirus_HKU_39849_Strain_Name_HKU_39849_Segment_null_Host_Human_2":{
       "Baseline MG94xREV":0.0002653233479910384,
       "Baseline MG94xREV omega ratio":10000000000,
       "Corrected P-value":null,
       "Full adaptive model":0.0002652273403809156,
       "Full adaptive model (non-synonymous subs/site)":0.0002652273403809156,
       "Full adaptive model (synonymous subs/site)":1e-10,
       "LRT":null,
       "Nucleotide GTR":0.0002656800866605539,
       "Rate Distributions":        [
[10000000000, 1] 
        ],
       "Rate classes":1,
       "Uncorrected P-value":null,
       "original name":"gb_GU553363_Organism_SARS_coronavirus_HKU_39849_Strain_Name_HKU_39849_Segment_null_Host_Human_2"
      },
     "gb_MK062179_Organism_SARS_coronavirus_Urbani_Strain_Name_Urbani_Segment_null_Host_Human_3":{
       "Baseline MG94xREV":0,
       "Baseline MG94xREV omega ratio":1,
       "Corrected P-value":null,
       "Full adaptive model":0,
       "Full adaptive model (non-synonymous subs/site)":1e-10,
       "Full adaptive model (synonymous subs/site)":1e-10,
       "LRT":null,
       "Nucleotide GTR":0,
       "Rate Distributions":        [
[1, 1] 
        ],
       "Rate classes":1,
       "Uncorrected P-value":null,
       "original name":"gb_MK062179_Organism_SARS_coronavirus_Urbani_Strain_Name_Urbani_Segment_null_Host_Human_3"
      },
     "gb_MK062180_Organism_SARS_coronavirus_Urbani_Strain_Name_Urbani_Segment_null_Host_Human_3":{
       "Baseline MG94xREV":0.0002653015930183536,
       "Baseline MG94xREV omega ratio":10000000000,
       "Corrected P-value":null,
       "Full adaptive model":0.0002651869649974044,
       "Full adaptive model (non-synonymous subs/site)":0.0002651869649974044,
       "Full adaptive model (synonymous subs/site)":1e-10,
       "LRT":null,
       "Nucleotide GTR":0.0002655858992138084,
       "Rate Distributions":        [
[10000000000, 1] 
        ],
       "Rate classes":1,
       "Uncorrected P-value":null,
       "original name":"gb_MK062180_Organism_SARS_coronavirus_Urbani_Strain_Name_Urbani_Segment_null_Host_Human_3"
      }
    },
   "attributes":{
     "Baseline MG94xREV":{
       "attribute type":"branch length",
       "display order":1
      },
     "Baseline MG94xREV omega ratio":{
       "attribute type":"branch label",
       "display order":1
      },
     "Corrected P-value":{
       "attribute type":"branch label",
       "display order":6
      },
     "Full adaptive model":{
       "attribute type":"branch length",
       "display order":2
      },
     "Full adaptive model (non-synonymous subs/site)":{
       "attribute type":"branch label",
       "display order":10
      },
     "Full adaptive model (synonymous subs/site)":{
       "attribute type":"branch label",
       "display order":9
      },
     "LRT":{
       "attribute type":"branch label",
       "display order":4
      },
     "Nucleotide GTR":{
       "attribute type":"branch length",
       "display order":0
      },
     "Rate Distributions":{
       "attribute type":"branch label",
       "display order":3
      },
     "Rate classes":{
       "attribute type":"branch label",
       "display order":2
      },
     "Uncorrected P-value":{
       "attribute type":"branch label",
       "display order":5
      },
     "original name":{
       "attribute type":"node label",
       "display order":-1
      }
    }
  },
 "data partitions":{
   "0":{
     "coverage":      [
[0, 1, 2, 3, 4, 5, 6, 7, 8, 9, 10, 11, 12, 13, 14, 15, 16, 17, 18, 19, 20, 21, 22, 23, 24, 25, 26, 27, 28, 29, 30, 31, 32, 33, 34, 35, 36, 37, 38, 39, 40, 41, 42, 43, 44, 45, 46, 47, 48, 49, 50, 51, 52, 53, 54, 55, 56, 57, 58, 59, 60, 61, 62, 63, 64, 65, 66, 67, 68, 69, 70, 71, 72, 73, 74, 75, 76, 77, 78, 79, 80, 81, 82, 83, 84, 85, 86, 87, 88, 89, 90, 91, 92, 93, 94, 95, 96, 97, 98, 99, 100, 101, 102, 103, 104, 105, 106, 107, 108, 109, 110, 111, 112, 113, 114, 115, 116, 117, 118, 119, 120, 121, 122, 123, 124, 125, 126, 127, 128, 129, 130, 131, 132, 133, 134, 135, 136, 137, 138, 139, 140, 141, 142, 143, 144, 145, 146, 147, 148, 149, 150, 151, 152, 153, 154, 155, 156, 157, 158, 159, 160, 161, 162, 163, 164, 165, 166, 167, 168, 169, 170, 171, 172, 173, 174, 175, 176, 177, 178, 179, 180, 181, 182, 183, 184, 185, 186, 187, 188, 189, 190, 191, 192, 193, 194, 195, 196, 197, 198, 199, 200, 201, 202, 203, 204, 205, 206, 207, 208, 209, 210, 211, 212, 213, 214, 215, 216, 217, 218, 219, 220, 221, 222, 223, 224, 225, 226, 227, 228, 229, 230, 231, 232, 233, 234, 235, 236, 237, 238, 239, 240, 241, 242, 243, 244, 245, 246, 247, 248, 249, 250, 251, 252, 253, 254, 255, 256, 257, 258, 259, 260, 261, 262, 263, 264, 265, 266, 267, 268, 269, 270, 271, 272, 273, 274, 275, 276, 277, 278, 279, 280, 281, 282, 283, 284, 285, 286, 287, 288, 289, 290, 291, 292, 293, 294, 295, 296, 297, 298, 299, 300, 301, 302, 303, 304, 305, 306, 307, 308, 309, 310, 311, 312, 313, 314, 315, 316, 317, 318, 319, 320, 321, 322, 323, 324, 325, 326, 327, 328, 329, 330, 331, 332, 333, 334, 335, 336, 337, 338, 339, 340, 341, 342, 343, 344, 345, 346, 347, 348, 349, 350, 351, 352, 353, 354, 355, 356, 357, 358, 359, 360, 361, 362, 363, 364, 365, 366, 367, 368, 369, 370, 371, 372, 373, 374, 375, 376, 377, 378, 379, 380, 381, 382, 383, 384, 385, 386, 387, 388, 389, 390, 391, 392, 393, 394, 395, 396, 397, 398, 399, 400, 401, 402, 403, 404, 405, 406, 407, 408, 409, 410, 411, 412, 413, 414, 415, 416, 417, 418, 419, 420, 421, 422, 423, 424, 425, 426, 427, 428, 429, 430, 431, 432, 433, 434, 435, 436, 437, 438, 439, 440, 441, 442, 443, 444, 445, 446, 447, 448, 449, 450, 451, 452, 453, 454, 455, 456, 457, 458, 459, 460, 461, 462, 463, 464, 465, 466, 467, 468, 469, 470, 471, 472, 473, 474, 475, 476, 477, 478, 479, 480, 481, 482, 483, 484, 485, 486, 487, 488, 489, 490, 491, 492, 493, 494, 495, 496, 497, 498, 499, 500, 501, 502, 503, 504, 505, 506, 507, 508, 509, 510, 511, 512, 513, 514, 515, 516, 517, 518, 519, 520, 521, 522, 523, 524, 525, 526, 527, 528, 529, 530, 531, 532, 533, 534, 535, 536, 537, 538, 539, 540, 541, 542, 543, 544, 545, 546, 547, 548, 549, 550, 551, 552, 553, 554, 555, 556, 557, 558, 559, 560, 561, 562, 563, 564, 565, 566, 567, 568, 569, 570, 571, 572, 573, 574, 575, 576, 577, 578, 579, 580, 581, 582, 583, 584, 585, 586, 587, 588, 589, 590, 591, 592, 593, 594, 595, 596, 597, 598, 599, 600, 601, 602, 603, 604, 605, 606, 607, 608, 609, 610, 611, 612, 613, 614, 615, 616, 617, 618, 619, 620, 621, 622, 623, 624, 625, 626, 627, 628, 629, 630, 631, 632, 633, 634, 635, 636, 637, 638, 639, 640, 641, 642, 643, 644, 645, 646, 647, 648, 649, 650, 651, 652, 653, 654, 655, 656, 657, 658, 659, 660, 661, 662, 663, 664, 665, 666, 667, 668, 669, 670, 671, 672, 673, 674, 675, 676, 677, 678, 679, 680, 681, 682, 683, 684, 685, 686, 687, 688, 689, 690, 691, 692, 693, 694, 695, 696, 697, 698, 699, 700, 701, 702, 703, 704, 705, 706, 707, 708, 709, 710, 711, 712, 713, 714, 715, 716, 717, 718, 719, 720, 721, 722, 723, 724, 725, 726, 727, 728, 729, 730, 731, 732, 733, 734, 735, 736, 737, 738, 739, 740, 741, 742, 743, 744, 745, 746, 747, 748, 749, 750, 751, 752, 753, 754, 755, 756, 757, 758, 759, 760, 761, 762, 763, 764, 765, 766, 767, 768, 769, 770, 771, 772, 773, 774, 775, 776, 777, 778, 779, 780, 781, 782, 783, 784, 785, 786, 787, 788, 789, 790, 791, 792, 793, 794, 795, 796, 797, 798, 799, 800, 801, 802, 803, 804, 805, 806, 807, 808, 809, 810, 811, 812, 813, 814, 815, 816, 817, 818, 819, 820, 821, 822, 823, 824, 825, 826, 827, 828, 829, 830, 831, 832, 833, 834, 835, 836, 837, 838, 839, 840, 841, 842, 843, 844, 845, 846, 847, 848, 849, 850, 851, 852, 853, 854, 855, 856, 857, 858, 859, 860, 861, 862, 863, 864, 865, 866, 867, 868, 869, 870, 871, 872, 873, 874, 875, 876, 877, 878, 879, 880, 881, 882, 883, 884, 885, 886, 887, 888, 889, 890, 891, 892, 893, 894, 895, 896, 897, 898, 899, 900, 901, 902, 903, 904, 905, 906, 907, 908, 909, 910, 911, 912, 913, 914, 915, 916, 917, 918, 919, 920, 921, 922, 923, 924, 925, 926, 927, 928, 929, 930, 931, 932, 933, 934, 935, 936, 937, 938, 939, 940, 941, 942, 943, 944, 945, 946, 947, 948, 949, 950, 951, 952, 953, 954, 955, 956, 957, 958, 959, 960, 961, 962, 963, 964, 965, 966, 967, 968, 969, 970, 971, 972, 973, 974, 975, 976, 977, 978, 979, 980, 981, 982, 983, 984, 985, 986, 987, 988, 989, 990, 991, 992, 993, 994, 995, 996, 997, 998, 999, 1000, 1001, 1002, 1003, 1004, 1005, 1006, 1007, 1008, 1009, 1010, 1011, 1012, 1013, 1014, 1015, 1016, 1017, 1018, 1019, 1020, 1021, 1022, 1023, 1024, 1025, 1026, 1027, 1028, 1029, 1030, 1031, 1032, 1033, 1034, 1035, 1036, 1037, 1038, 1039, 1040, 1041, 1042, 1043, 1044, 1045, 1046, 1047, 1048, 1049, 1050, 1051, 1052, 1053, 1054, 1055, 1056, 1057, 1058, 1059, 1060, 1061, 1062, 1063, 1064, 1065, 1066, 1067, 1068, 1069, 1070, 1071, 1072, 1073, 1074, 1075, 1076, 1077, 1078, 1079, 1080, 1081, 1082, 1083, 1084, 1085, 1086, 1087, 1088, 1089, 1090, 1091, 1092, 1093, 1094, 1095, 1096, 1097, 1098, 1099, 1100, 1101, 1102, 1103, 1104, 1105, 1106, 1107, 1108, 1109, 1110, 1111, 1112, 1113, 1114, 1115, 1116, 1117, 1118, 1119, 1120, 1121, 1122, 1123, 1124, 1125, 1126, 1127, 1128, 1129, 1130, 1131, 1132, 1133, 1134, 1135, 1136, 1137, 1138, 1139, 1140, 1141, 1142, 1143, 1144, 1145, 1146, 1147, 1148, 1149, 1150, 1151, 1152, 1153, 1154, 1155, 1156, 1157, 1158, 1159, 1160, 1161, 1162, 1163, 1164, 1165, 1166, 1167, 1168, 1169, 1170, 1171, 1172, 1173, 1174, 1175, 1176, 1177, 1178, 1179, 1180, 1181, 1182, 1183, 1184, 1185, 1186, 1187, 1188, 1189, 1190, 1191, 1192, 1193, 1194, 1195, 1196, 1197, 1198, 1199, 1200, 1201, 1202, 1203, 1204, 1205, 1206, 1207, 1208, 1209, 1210, 1211, 1212, 1213, 1214, 1215, 1216, 1217, 1218, 1219, 1220, 1221, 1222, 1223, 1224, 1225, 1226, 1227, 1228, 1229, 1230, 1231, 1232, 1233, 1234, 1235, 1236, 1237, 1238, 1239, 1240, 1241, 1242, 1243, 1244, 1245, 1246, 1247, 1248, 1249, 1250, 1251, 1252, 1253, 1254, 1255] 
      ],
     "name":"absrel.filter.default"
    }
  },
 "fits":{
   "Baseline MG94xREV":{
     "AIC-c":11028.00591074528,
     "Equilibrium frequencies":      [
[0.02484404661066243],
      [0.01695421958106812],
      [0.01224962954182496],
      [0.0434015504122054],
      [0.01870041335226687],
      [0.01276164544366136],
      [0.009220443812319764],
      [0.03266887015455687],
      [0.01167692063697646],
      [0.007968632470083985],
      [0.005757433731864924],
      [0.02039911080619013],
      [0.02176861873067806],
      [0.01485546810148363],
      [0.01073325611028259],
      [0.0380289015734708],
      [0.01369214122603795],
      [0.009343871089889768],
      [0.006751060335771997],
      [0.02391962014021824],
      [0.01030623974496305],
      [0.007033244399736537],
      [0.005081604491550409],
      [0.01800458640499073],
      [0.006435426923490851],
      [0.004391701676809578],
      [0.003173057794957474],
      [0.0112424320571062],
      [0.01199720023984738],
      [0.008187199549735194],
      [0.005915351101223257],
      [0.02095862639347927],
      [0.02420064079573947],
      [0.01651514282208078],
      [0.01193239125124472],
      [0.04227754632585417],
      [0.01821611403980513],
      [0.01243114707457068],
      [0.008981654727031583],
      [0.0318228187300927],
      [0.01137451423934073],
      [0.007762262527675508],
      [0.005608328942288267],
      [0.01987081898973831],
      [0.02120485969038757],
      [0.01447074436023147],
      [0.01045528853508695],
      [0.03704403719968546],
      [0.01589570309456348],
      [0.04069182635610778],
      [0.01753287533949219],
      [0.01196488732498473],
      [0.008644776395629666],
      [0.03062922819470565],
      [0.007471120402120745],
      [0.005397975220902722],
      [0.01912551664308877],
      [0.02040952097305631],
      [0.01392798466144825],
      [0.01006313806136353],
      [0.0356546124422783] 
      ],
     "Log Likelihood":-5435.216069705935,
     "Rate Distributions":{
       "Per-branch omega":{
         "2.5%":0,
         "97.5%":2.021289774263446,
         "Mean":909090909.7503601,
         "Median":0.4032892112989781
        }
      },
     "display order":1,
     "estimated parameters":82
    },
   "Full adaptive model":{
     "AIC-c":11028.00591074528,
     "Log Likelihood":-5429.765422520584,
     "Rate Distributions":{
      },
     "display order":2,
     "estimated parameters":84
    },
   "Nucleotide GTR":{
     "AIC-c":11028.00591074528,
     "Equilibrium frequencies":      [
[0.2790061974324923],
      [0.2008410801239487],
      [0.1873063302346171],
      [0.332846392208942] 
      ],
     "Log Likelihood":-5628.748985380005,
     "Rate Distributions":{
       "Substitution rate from nucleotide A to nucleotide C":0.1164544903448902,
       "Substitution rate from nucleotide A to nucleotide G":1,
       "Substitution rate from nucleotide A to nucleotide T":0.07019381297673362,
       "Substitution rate from nucleotide C to nucleotide G":0.3462961618963468,
       "Substitution rate from nucleotide C to nucleotide T":1.318402400362468,
       "Substitution rate from nucleotide G to nucleotide T":0.3661530818537455
      },
     "display order":0,
     "estimated parameters":53
    }
  },
 "input":{
   "file name":"/data/shares/veg/SARS-CoV-2/coronavirus-comparative-data/data/catted/SARS_S.catted.qa.fasta_protein.aligned.compressed.codon.fas",
   "number of sequences":24,
   "number of sites":1256,
   "partition count":1,
   "trees":{
     "0":"(gb_MK062179_Organism_SARS_coronavirus_Urbani_Strain_Name_Urbani_Segment_null_Host_Human_3,(gb_AY395002_Organism_SARS_coronavirus_LC5_Strain_Name_LC5_Segment_null_Host_Human_1,gb_AY427439_Organism_SARS_coronavirus_AS_Strain_Name_AS_Segment_null_Host_Human_18,gb_GU553363_Organism_SARS_coronavirus_HKU_39849_Strain_Name_HKU_39849_Segment_null_Host_Human_2,gb_AY310120_Organism_SARS_coronavirus_FRA_Strain_Name_FRA_Segment_null_Host_Human_2,(gb_FJ882963_Organism_SARS_coronavirus_P2_Strain_Name_P2_Segment_null_Host_Human_1,gb_AY714217_Organism_SARS_Coronavirus_CDC_200301157_Strain_Name_CDC_200301157_Segment_null_Host_Human_1)Node16,gb_AY313906_Organism_SARS_coronavirus_GD69_Strain_Name_GD69_Segment_null_Host_Human_1,(gb_AY394991_Organism_SARS_coronavirus_HZS2_Fc_Strain_Name_HZS2_Fc_Segment_null_Host_Human_1,gb_AY279354_Organism_SARS_coronavirus_BJ04_Strain_Name_BJ04_Segment_null_Host_Human_1,(gb_AY278487_Organism_SARS_coronavirus_BJ02_Strain_Name_BJ02_Segment_null_Host_Human_1,gb_AY278488_Organism_SARS_coronavirus_BJ01_Strain_Name_BJ01_Segment_null_Host_Human_3,(gb_AY304495_Organism_SARS_coronavirus_GZ50_Strain_Name_GZ50_Segment_null_Host_Human_1,((gb_AY395003_Organism_SARS_coronavirus_ZS_C_Strain_Name_ZS_C_Segment_null_Host_Human_1,(gb_AY278489_Organism_SARS_coronavirus_GD01_Strain_Name_GD01_Segment_null_Host_Human_1,gb_AY390556_Organism_SARS_coronavirus_GZ02_Strain_Name_GZ02_Segment_null_Host_Human_1)Node34)Node32,(gb_AY613947_Organism_SARS_coronavirus_GZ0402_Strain_Name_GZ0402_Segment_null_Host_Human_1,gb_AY568539_Organism_SARS_coronavirus_GZ0401_Strain_Name_GZ0401_Segment_null_Host_Human_1)Node37)Node31,gb_AY394995_Organism_SARS_coronavirus_HSZ_Cc_Strain_Name_HSZ_Cc_Segment_null_Host_Human_1)Node29)Node25)Node21,SARS_coronavirus_lcl_NC_004718_3_cds_YP_009825051_1_2_gene_S_locus_tag_sars2_db_xref_GeneID_1489668_protein_spike_glycoprotein_protein_id_YP_009825051_1_location_21492_25259_gbkey_CDS__3,(gb_AY559082_Organism_SARS_coronavirus_Sin852_Strain_Name_Sin852_Segment_null_Host_Human_1,gb_AY559081_Organism_SARS_coronavirus_Sin842_Strain_Name_Sin842_Segment_null_Host_Human_5)Node6,gb_DQ182595_Organism_SARS_coronavirus_ZJ0301_Strain_Name_ZJ0301_Segment_null_Host_Human_1)Node2,gb_MK062180_Organism_SARS_coronavirus_Urbani_Strain_Name_Urbani_Segment_null_Host_Human_3)"
    }
  },
 "test results":{
   "P-value threshold":0.05,
   "positive test results":0,
   "tested":10
  },
 "tested":{
   "0":{
     "Node16":"test",
     "Node2":"test",
     "Node21":"test",
     "Node25":"test",
     "Node29":"test",
     "Node31":"test",
     "Node32":"test",
     "Node34":"test",
     "Node37":"test",
     "Node6":"test",
     "SARS_coronavirus_lcl_NC_004718_3_cds_YP_009825051_1_2_gene_S_locus_tag_sars2_db_xref_GeneID_1489668_protein_spike_glycoprotein_protein_id_YP_009825051_1_location_21492_25259_gbkey_CDS__3":"background",
     "gb_AY278487_Organism_SARS_coronavirus_BJ02_Strain_Name_BJ02_Segment_null_Host_Human_1":"background",
     "gb_AY278488_Organism_SARS_coronavirus_BJ01_Strain_Name_BJ01_Segment_null_Host_Human_3":"background",
     "gb_AY278489_Organism_SARS_coronavirus_GD01_Strain_Name_GD01_Segment_null_Host_Human_1":"background",
     "gb_AY279354_Organism_SARS_coronavirus_BJ04_Strain_Name_BJ04_Segment_null_Host_Human_1":"background",
     "gb_AY304495_Organism_SARS_coronavirus_GZ50_Strain_Name_GZ50_Segment_null_Host_Human_1":"background",
     "gb_AY310120_Organism_SARS_coronavirus_FRA_Strain_Name_FRA_Segment_null_Host_Human_2":"background",
     "gb_AY313906_Organism_SARS_coronavirus_GD69_Strain_Name_GD69_Segment_null_Host_Human_1":"background",
     "gb_AY390556_Organism_SARS_coronavirus_GZ02_Strain_Name_GZ02_Segment_null_Host_Human_1":"background",
     "gb_AY394991_Organism_SARS_coronavirus_HZS2_Fc_Strain_Name_HZS2_Fc_Segment_null_Host_Human_1":"background",
     "gb_AY394995_Organism_SARS_coronavirus_HSZ_Cc_Strain_Name_HSZ_Cc_Segment_null_Host_Human_1":"background",
     "gb_AY395002_Organism_SARS_coronavirus_LC5_Strain_Name_LC5_Segment_null_Host_Human_1":"background",
     "gb_AY395003_Organism_SARS_coronavirus_ZS_C_Strain_Name_ZS_C_Segment_null_Host_Human_1":"background",
     "gb_AY427439_Organism_SARS_coronavirus_AS_Strain_Name_AS_Segment_null_Host_Human_18":"background",
     "gb_AY559081_Organism_SARS_coronavirus_Sin842_Strain_Name_Sin842_Segment_null_Host_Human_5":"background",
     "gb_AY559082_Organism_SARS_coronavirus_Sin852_Strain_Name_Sin852_Segment_null_Host_Human_1":"background",
     "gb_AY568539_Organism_SARS_coronavirus_GZ0401_Strain_Name_GZ0401_Segment_null_Host_Human_1":"background",
     "gb_AY613947_Organism_SARS_coronavirus_GZ0402_Strain_Name_GZ0402_Segment_null_Host_Human_1":"background",
     "gb_AY714217_Organism_SARS_Coronavirus_CDC_200301157_Strain_Name_CDC_200301157_Segment_null_Host_Human_1":"background",
     "gb_DQ182595_Organism_SARS_coronavirus_ZJ0301_Strain_Name_ZJ0301_Segment_null_Host_Human_1":"background",
     "gb_FJ882963_Organism_SARS_coronavirus_P2_Strain_Name_P2_Segment_null_Host_Human_1":"background",
     "gb_GU553363_Organism_SARS_coronavirus_HKU_39849_Strain_Name_HKU_39849_Segment_null_Host_Human_2":"background",
     "gb_MK062179_Organism_SARS_coronavirus_Urbani_Strain_Name_Urbani_Segment_null_Host_Human_3":"background",
     "gb_MK062180_Organism_SARS_coronavirus_Urbani_Strain_Name_Urbani_Segment_null_Host_Human_3":"background"
    }
  },
 "timers":{
   "Baseline model fitting":{
     "order":2,
     "timer":3
    },
   "Complexity analysis":{
     "order":3,
     "timer":46
    },
   "Full adaptive model fitting":{
     "order":4,
     "timer":6
    },
   "Overall":{
     "order":0,
     "timer":86
    },
   "Preliminary model fitting":{
     "order":1,
     "timer":0
    },
   "Testing for selection":{
     "order":5,
     "timer":31
    }
  }
}