{
 "analysis":{
   "authors":"Sergei L Kosakovsky Pond, Ben Murrell, Steven Weaver and Temple iGEM / UCSD viral evolution group",
   "citation":"Less Is More: An Adaptive Branch-Site Random Effects Model for Efficient Detection of Episodic Diversifying Selection (2015). Mol Biol Evol 32 (5): 1342-1353. v2.2 adds support for multiple-hit models",
   "contact":"spond@temple.edu",
   "info":"aBSREL (Adaptive branch-site random effects likelihood)\n                            uses an adaptive random effects branch-site model framework\n                            to test whether each branch has evolved under positive selection,\n                            using a procedure which infers an optimal number of rate categories per branch.",
   "requirements":"in-frame codon alignment and a phylogenetic tree",
   "version":"2.2"
  },
 "branch attributes":{
   "0":{
     "Node1":{
       "Baseline MG94xREV":0.009479243026540627,
       "Baseline MG94xREV omega ratio":0,
       "Corrected P-value":1,
       "Full adaptive model":0.009473530492957379,
       "Full adaptive model (non-synonymous subs/site)":1e-10,
       "Full adaptive model (synonymous subs/site)":0.009473530492957379,
       "LRT":0,
       "Nucleotide GTR":0.009130168071322935,
       "Rate Distributions":        [
[0, 1] 
        ],
       "Rate classes":1,
       "Uncorrected P-value":1
      },
     "Node14":{
       "Baseline MG94xREV":0.001523841912108388,
       "Baseline MG94xREV omega ratio":0,
       "Corrected P-value":1,
       "Full adaptive model":0.001523286559746704,
       "Full adaptive model (non-synonymous subs/site)":1e-10,
       "Full adaptive model (synonymous subs/site)":0.001523286559746704,
       "LRT":0,
       "Nucleotide GTR":0.001509802229341497,
       "Rate Distributions":        [
[0, 1] 
        ],
       "Rate classes":1,
       "Uncorrected P-value":1
      },
     "Node17":{
       "Baseline MG94xREV":0.001517122040513208,
       "Baseline MG94xREV omega ratio":10000000000,
       "Corrected P-value":1,
       "Full adaptive model":0.001516131572032373,
       "Full adaptive model (non-synonymous subs/site)":0.001516131572032373,
       "Full adaptive model (synonymous subs/site)":1e-10,
       "LRT":0.7257525766463004,
       "Nucleotide GTR":0.001510999782678846,
       "Rate Distributions":        [
[10000000000, 1] 
        ],
       "Rate classes":1,
       "Uncorrected P-value":0.2875544308772081
      },
     "Node2":{
       "Baseline MG94xREV":0.004593000998219803,
       "Baseline MG94xREV omega ratio":0.2221315187313354,
       "Corrected P-value":1,
       "Full adaptive model":0.004591243327916348,
       "Full adaptive model (non-synonymous subs/site)":0.001513855398099902,
       "Full adaptive model (synonymous subs/site)":0.003077387929816441,
       "LRT":0,
       "Nucleotide GTR":0.004542186422186377,
       "Rate Distributions":        [
[0.2161234971072597, 1] 
        ],
       "Rate classes":1,
       "Uncorrected P-value":1
      },
     "Node3":{
       "Baseline MG94xREV":0.0015167412825514,
       "Baseline MG94xREV omega ratio":10000000000,
       "Corrected P-value":1,
       "Full adaptive model":0.001516047539715766,
       "Full adaptive model (non-synonymous subs/site)":0.001516047539715766,
       "Full adaptive model (synonymous subs/site)":1e-10,
       "LRT":0.725422659560536,
       "Nucleotide GTR":0.001509802234808961,
       "Rate Distributions":        [
[10000000000, 1] 
        ],
       "Rate classes":1,
       "Uncorrected P-value":0.2876103609586042
      },
     "Node9":{
       "Baseline MG94xREV":0.001517050457472317,
       "Baseline MG94xREV omega ratio":10000000000,
       "Corrected P-value":1,
       "Full adaptive model":0.001516240659982376,
       "Full adaptive model (non-synonymous subs/site)":0.001516240659982376,
       "Full adaptive model (synonymous subs/site)":1e-10,
       "LRT":0.7256052129014279,
       "Nucleotide GTR":0.001509802583119945,
       "Rate Distributions":        [
[10000000000, 1] 
        ],
       "Rate classes":1,
       "Uncorrected P-value":0.2875794113682716
      },
     "gb_AY310120_Organism_SARS_coronavirus_FRA_Strain_Name_FRA_Segment_null_Host_Human_5":{
       "Baseline MG94xREV":0,
       "Baseline MG94xREV omega ratio":1,
       "Corrected P-value":null,
       "Full adaptive model":0,
       "Full adaptive model (non-synonymous subs/site)":1e-10,
       "Full adaptive model (synonymous subs/site)":1e-10,
       "LRT":null,
       "Nucleotide GTR":0,
       "Rate Distributions":        [
[1, 1] 
        ],
       "Rate classes":1,
       "Uncorrected P-value":null,
       "original name":"gb_AY310120_Organism_SARS_coronavirus_FRA_Strain_Name_FRA_Segment_null_Host_Human_5"
      },
     "gb_AY345986_Organism_SARS_coronavirus_CUHK_AG01_Strain_Name_CUHK_AG01_Segment_null_Host_Human_11":{
       "Baseline MG94xREV":0,
       "Baseline MG94xREV omega ratio":1,
       "Corrected P-value":null,
       "Full adaptive model":0,
       "Full adaptive model (non-synonymous subs/site)":1e-10,
       "Full adaptive model (synonymous subs/site)":1e-10,
       "LRT":null,
       "Nucleotide GTR":0,
       "Rate Distributions":        [
[1, 1] 
        ],
       "Rate classes":1,
       "Uncorrected P-value":null,
       "original name":"gb_AY345986_Organism_SARS_coronavirus_CUHK_AG01_Strain_Name_CUHK_AG01_Segment_null_Host_Human_11"
      },
     "gb_AY390556_Organism_SARS_coronavirus_GZ02_Strain_Name_GZ02_Segment_null_Host_Human_2":{
       "Baseline MG94xREV":0,
       "Baseline MG94xREV omega ratio":1,
       "Corrected P-value":null,
       "Full adaptive model":0,
       "Full adaptive model (non-synonymous subs/site)":1e-10,
       "Full adaptive model (synonymous subs/site)":1e-10,
       "LRT":null,
       "Nucleotide GTR":0,
       "Rate Distributions":        [
[1, 1] 
        ],
       "Rate classes":1,
       "Uncorrected P-value":null,
       "original name":"gb_AY390556_Organism_SARS_coronavirus_GZ02_Strain_Name_GZ02_Segment_null_Host_Human_2"
      },
     "gb_AY394850_Organism_SARS_coronavirus_WHU_Strain_Name_WHU_Segment_null_Host_Human_1":{
       "Baseline MG94xREV":0.00151800222529258,
       "Baseline MG94xREV omega ratio":10000000000,
       "Corrected P-value":null,
       "Full adaptive model":0.001517171205162247,
       "Full adaptive model (non-synonymous subs/site)":0.001517171205162247,
       "Full adaptive model (synonymous subs/site)":1e-10,
       "LRT":null,
       "Nucleotide GTR":0.001509802583119945,
       "Rate Distributions":        [
[10000000000, 1] 
        ],
       "Rate classes":1,
       "Uncorrected P-value":null,
       "original name":"gb_AY394850_Organism_SARS_coronavirus_WHU_Strain_Name_WHU_Segment_null_Host_Human_1"
      },
     "gb_AY502924_Organism_SARS_coronavirus_TW11_Strain_Name_TW11_Segment_null_Host_Human_1":{
       "Baseline MG94xREV":0.00151682118359154,
       "Baseline MG94xREV omega ratio":10000000000,
       "Corrected P-value":null,
       "Full adaptive model":0.00151597955302189,
       "Full adaptive model (non-synonymous subs/site)":0.00151597955302189,
       "Full adaptive model (synonymous subs/site)":1e-10,
       "LRT":null,
       "Nucleotide GTR":0.001510069681229156,
       "Rate Distributions":        [
[10000000000, 1] 
        ],
       "Rate classes":1,
       "Uncorrected P-value":null,
       "original name":"gb_AY502924_Organism_SARS_coronavirus_TW11_Strain_Name_TW11_Segment_null_Host_Human_1"
      },
     "gb_AY559085_Organism_SARS_coronavirus_Sin848_Strain_Name_Sin848_Segment_null_Host_Human_1":{
       "Baseline MG94xREV":0.001516070611679451,
       "Baseline MG94xREV omega ratio":10000000000,
       "Corrected P-value":null,
       "Full adaptive model":0.001515628099811042,
       "Full adaptive model (non-synonymous subs/site)":0.001515628099811042,
       "Full adaptive model (synonymous subs/site)":1e-10,
       "LRT":null,
       "Nucleotide GTR":0.00150980223917334,
       "Rate Distributions":        [
[10000000000, 1] 
        ],
       "Rate classes":1,
       "Uncorrected P-value":null,
       "original name":"gb_AY559085_Organism_SARS_coronavirus_Sin848_Strain_Name_Sin848_Segment_null_Host_Human_1"
      },
     "gb_AY559096_Organism_SARS_coronavirus_Sin850_Strain_Name_Sin850_Segment_null_Host_Human_1":{
       "Baseline MG94xREV":0.00151705045089027,
       "Baseline MG94xREV omega ratio":10000000000,
       "Corrected P-value":null,
       "Full adaptive model":0.001516241297736197,
       "Full adaptive model (non-synonymous subs/site)":0.001516241297736197,
       "Full adaptive model (synonymous subs/site)":1e-10,
       "LRT":null,
       "Nucleotide GTR":0.001509802583119945,
       "Rate Distributions":        [
[10000000000, 1] 
        ],
       "Rate classes":1,
       "Uncorrected P-value":null,
       "original name":"gb_AY559096_Organism_SARS_coronavirus_Sin850_Strain_Name_Sin850_Segment_null_Host_Human_1"
      },
     "gb_AY613947_Organism_SARS_coronavirus_GZ0402_Strain_Name_GZ0402_Segment_null_Host_Human_1":{
       "Baseline MG94xREV":0.007617433664757222,
       "Baseline MG94xREV omega ratio":1.807914197089734,
       "Corrected P-value":null,
       "Full adaptive model":0.007616708325430353,
       "Full adaptive model (non-synonymous subs/site)":0.006094167583935254,
       "Full adaptive model (synonymous subs/site)":0.001522540741495101,
       "LRT":null,
       "Nucleotide GTR":0.007591217166825471,
       "Rate Distributions":        [
[1.758511887915469, 1] 
        ],
       "Rate classes":1,
       "Uncorrected P-value":null,
       "original name":"gb_AY613947_Organism_SARS_coronavirus_GZ0402_Strain_Name_GZ0402_Segment_null_Host_Human_1"
      },
     "gb_MK062179_Organism_SARS_coronavirus_Urbani_Strain_Name_Urbani_Segment_null_Host_Human_1":{
       "Baseline MG94xREV":0,
       "Baseline MG94xREV omega ratio":1,
       "Corrected P-value":null,
       "Full adaptive model":0,
       "Full adaptive model (non-synonymous subs/site)":1e-10,
       "Full adaptive model (synonymous subs/site)":1e-10,
       "LRT":null,
       "Nucleotide GTR":0,
       "Rate Distributions":        [
[1, 1] 
        ],
       "Rate classes":1,
       "Uncorrected P-value":null,
       "original name":"gb_MK062179_Organism_SARS_coronavirus_Urbani_Strain_Name_Urbani_Segment_null_Host_Human_1"
      },
     "gb_MK062180_Organism_SARS_coronavirus_Urbani_Strain_Name_Urbani_Segment_null_Host_Human_1":{
       "Baseline MG94xREV":0.001516745525335716,
       "Baseline MG94xREV omega ratio":10000000000,
       "Corrected P-value":null,
       "Full adaptive model":0.001516127946125654,
       "Full adaptive model (non-synonymous subs/site)":0.001516127946125654,
       "Full adaptive model (synonymous subs/site)":1e-10,
       "LRT":null,
       "Nucleotide GTR":0.00151054282716316,
       "Rate Distributions":        [
[10000000000, 1] 
        ],
       "Rate classes":1,
       "Uncorrected P-value":null,
       "original name":"gb_MK062180_Organism_SARS_coronavirus_Urbani_Strain_Name_Urbani_Segment_null_Host_Human_1"
      },
     "gb_MK062181_Organism_SARS_coronavirus_Urbani_Strain_Name_Urbani_Segment_null_Host_Human_1":{
       "Baseline MG94xREV":0,
       "Baseline MG94xREV omega ratio":1,
       "Corrected P-value":null,
       "Full adaptive model":0,
       "Full adaptive model (non-synonymous subs/site)":1e-10,
       "Full adaptive model (synonymous subs/site)":1e-10,
       "LRT":null,
       "Nucleotide GTR":0,
       "Rate Distributions":        [
[1, 1] 
        ],
       "Rate classes":1,
       "Uncorrected P-value":null,
       "original name":"gb_MK062181_Organism_SARS_coronavirus_Urbani_Strain_Name_Urbani_Segment_null_Host_Human_1"
      },
     "gb_MK062182_Organism_SARS_coronavirus_Urbani_Strain_Name_Urbani_Segment_null_Host_Human_1":{
       "Baseline MG94xREV":0.00151153644159244,
       "Baseline MG94xREV omega ratio":10000000000,
       "Corrected P-value":null,
       "Full adaptive model":0.00151046126219598,
       "Full adaptive model (non-synonymous subs/site)":0.00151046126219598,
       "Full adaptive model (synonymous subs/site)":1e-10,
       "LRT":null,
       "Nucleotide GTR":0.001508277211268226,
       "Rate Distributions":        [
[10000000000, 1] 
        ],
       "Rate classes":1,
       "Uncorrected P-value":null,
       "original name":"gb_MK062182_Organism_SARS_coronavirus_Urbani_Strain_Name_Urbani_Segment_null_Host_Human_1"
      },
     "gb_MK062183_Organism_SARS_coronavirus_Urbani_Strain_Name_Urbani_Segment_null_Host_Human_1":{
       "Baseline MG94xREV":0,
       "Baseline MG94xREV omega ratio":1,
       "Corrected P-value":null,
       "Full adaptive model":0,
       "Full adaptive model (non-synonymous subs/site)":1e-10,
       "Full adaptive model (synonymous subs/site)":1e-10,
       "LRT":null,
       "Nucleotide GTR":0,
       "Rate Distributions":        [
[1, 1] 
        ],
       "Rate classes":1,
       "Uncorrected P-value":null,
       "original name":"gb_MK062183_Organism_SARS_coronavirus_Urbani_Strain_Name_Urbani_Segment_null_Host_Human_1"
      },
     "gb_MK062184_Organism_SARS_coronavirus_Urbani_Strain_Name_Urbani_Segment_null_Host_Human_1":{
       "Baseline MG94xREV":0.00151044880707141,
       "Baseline MG94xREV omega ratio":10000000000,
       "Corrected P-value":null,
       "Full adaptive model":0.001510570744110082,
       "Full adaptive model (non-synonymous subs/site)":0.001510570744110082,
       "Full adaptive model (synonymous subs/site)":1e-10,
       "LRT":null,
       "Nucleotide GTR":0.001509047034834758,
       "Rate Distributions":        [
[10000000000, 1] 
        ],
       "Rate classes":1,
       "Uncorrected P-value":null,
       "original name":"gb_MK062184_Organism_SARS_coronavirus_Urbani_Strain_Name_Urbani_Segment_null_Host_Human_1"
      },
     "nc_004718_SARS_m_canada__25":{
       "Baseline MG94xREV":0,
       "Baseline MG94xREV omega ratio":1,
       "Corrected P-value":null,
       "Full adaptive model":0,
       "Full adaptive model (non-synonymous subs/site)":1e-10,
       "Full adaptive model (synonymous subs/site)":1e-10,
       "LRT":null,
       "Nucleotide GTR":0,
       "Rate Distributions":        [
[1, 1] 
        ],
       "Rate classes":1,
       "Uncorrected P-value":null,
       "original name":"nc_004718_SARS_m_canada__25"
      }
    },
   "attributes":{
     "Baseline MG94xREV":{
       "attribute type":"branch length",
       "display order":1
      },
     "Baseline MG94xREV omega ratio":{
       "attribute type":"branch label",
       "display order":1
      },
     "Corrected P-value":{
       "attribute type":"branch label",
       "display order":6
      },
     "Full adaptive model":{
       "attribute type":"branch length",
       "display order":2
      },
     "Full adaptive model (non-synonymous subs/site)":{
       "attribute type":"branch label",
       "display order":10
      },
     "Full adaptive model (synonymous subs/site)":{
       "attribute type":"branch label",
       "display order":9
      },
     "LRT":{
       "attribute type":"branch label",
       "display order":4
      },
     "Nucleotide GTR":{
       "attribute type":"branch length",
       "display order":0
      },
     "Rate Distributions":{
       "attribute type":"branch label",
       "display order":3
      },
     "Rate classes":{
       "attribute type":"branch label",
       "display order":2
      },
     "Uncorrected P-value":{
       "attribute type":"branch label",
       "display order":5
      },
     "original name":{
       "attribute type":"node label",
       "display order":-1
      }
    }
  },
 "data partitions":{
   "0":{
     "coverage":      [
[0, 1, 2, 3, 4, 5, 6, 7, 8, 9, 10, 11, 12, 13, 14, 15, 16, 17, 18, 19, 20, 21, 22, 23, 24, 25, 26, 27, 28, 29, 30, 31, 32, 33, 34, 35, 36, 37, 38, 39, 40, 41, 42, 43, 44, 45, 46, 47, 48, 49, 50, 51, 52, 53, 54, 55, 56, 57, 58, 59, 60, 61, 62, 63, 64, 65, 66, 67, 68, 69, 70, 71, 72, 73, 74, 75, 76, 77, 78, 79, 80, 81, 82, 83, 84, 85, 86, 87, 88, 89, 90, 91, 92, 93, 94, 95, 96, 97, 98, 99, 100, 101, 102, 103, 104, 105, 106, 107, 108, 109, 110, 111, 112, 113, 114, 115, 116, 117, 118, 119, 120, 121, 122, 123, 124, 125, 126, 127, 128, 129, 130, 131, 132, 133, 134, 135, 136, 137, 138, 139, 140, 141, 142, 143, 144, 145, 146, 147, 148, 149, 150, 151, 152, 153, 154, 155, 156, 157, 158, 159, 160, 161, 162, 163, 164, 165, 166, 167, 168, 169, 170, 171, 172, 173, 174, 175, 176, 177, 178, 179, 180, 181, 182, 183, 184, 185, 186, 187, 188, 189, 190, 191, 192, 193, 194, 195, 196, 197, 198, 199, 200, 201, 202, 203, 204, 205, 206, 207, 208, 209, 210, 211, 212, 213, 214, 215, 216, 217, 218, 219, 220, 221] 
      ],
     "name":"absrel.filter.default"
    }
  },
 "fits":{
   "Baseline MG94xREV":{
     "AIC-c":2251.099615109697,
     "Equilibrium frequencies":      [
[0.01674557385839123],
      [0.01687862170645857],
      [0.0153746326622406],
      [0.0208240277337515],
      [0.01384534248129158],
      [0.01395534725261019],
      [0.01271183994844732],
      [0.01721743299165756],
      [0.01390423914671734],
      [0.01401471186703904],
      [0.01276591481047412],
      [0.01729067418390473],
      [0.02529593978796187],
      [0.02549692247043608],
      [0.02322498980177881],
      [0.03145687070209685],
      [0.01236191368894332],
      [0.01246013224079569],
      [0.01134985779389028],
      [0.01537270897239523],
      [0.01022090554763645],
      [0.01030211324466208],
      [0.009384131568093326],
      [0.01271024942996393],
      [0.01026438423046433],
      [0.01034593737669558],
      [0.00942405070032311],
      [0.01276431752608839],
      [0.01867396286229954],
      [0.01882233225200985],
      [0.01714514663899139],
      [0.0232220838671772],
      [0.01633377494982057],
      [0.01646355095070698],
      [0.01499654726465878],
      [0.02031193349527863],
      [0.01350486463497843],
      [0.01361216422311552],
      [0.01239923663840475],
      [0.0167940303555753],
      [0.01356231294260255],
      [0.01367006897217122],
      [0.01245198171804534],
      [0.01686547043647897],
      [0.02467387448974984],
      [0.02486991470503933],
      [0.02265385228610959],
      [0.03068329882383718],
      [0.01449109974425174],
      [0.01787841852343834],
      [0.0118868852196],
      [0.01198132954931156],
      [0.01091371936817726],
      [0.0147819853517192],
      [0.01203229689510132],
      [0.01096014520986711],
      [0.01484486639975143],
      [0.02171776777553323],
      [0.02189032097029359],
      [0.01993975868586614],
      [0.02700722007482919] 
      ],
     "Log Likelihood":-1068.613224253689,
     "Rate Distributions":{
       "Per-branch omega":{
         "2.5%":0,
         "97.5%":10000000000,
         "Mean":2000000000.606009,
         "Median":1
        }
      },
     "display order":1,
     "estimated parameters":56
    },
   "Full adaptive model":{
     "AIC-c":2251.099615109697,
     "Log Likelihood":-1068.57455549252,
     "Rate Distributions":{
      },
     "display order":2,
     "estimated parameters":56
    },
   "Nucleotide GTR":{
     "AIC-c":2251.099615109697,
     "Equilibrium frequencies":      [
[0.2452488687782805],
      [0.224132730015083],
      [0.2315736551030669],
      [0.2990447461035697] 
      ],
     "Log Likelihood":-1099.775226014584,
     "Rate Distributions":{
       "Substitution rate from nucleotide A to nucleotide C":0.170349977875642,
       "Substitution rate from nucleotide A to nucleotide G":1,
       "Substitution rate from nucleotide A to nucleotide T":0.2546258962897931,
       "Substitution rate from nucleotide C to nucleotide G":0.1777046260017253,
       "Substitution rate from nucleotide C to nucleotide T":1.542467086472905,
       "Substitution rate from nucleotide G to nucleotide T":0.5423913418174708
      },
     "display order":0,
     "estimated parameters":35
    }
  },
 "input":{
   "file name":"/data/shares/veg/SARS-CoV-2/coronavirus-comparative-data/data/catted/SARS_M.catted.qa.fasta_protein.aligned.compressed.codon.fas",
   "number of sequences":15,
   "number of sites":222,
   "partition count":1,
   "trees":{
     "0":"((((gb_AY559085_Organism_SARS_coronavirus_Sin848_Strain_Name_Sin848_Segment_null_Host_Human_1,(gb_AY613947_Organism_SARS_coronavirus_GZ0402_Strain_Name_GZ0402_Segment_null_Host_Human_1,gb_AY390556_Organism_SARS_coronavirus_GZ02_Strain_Name_GZ02_Segment_null_Host_Human_2)Node14,(gb_AY502924_Organism_SARS_coronavirus_TW11_Strain_Name_TW11_Segment_null_Host_Human_1,gb_AY345986_Organism_SARS_coronavirus_CUHK_AG01_Strain_Name_CUHK_AG01_Segment_null_Host_Human_11)Node17,nc_004718_SARS_m_canada__25,(gb_AY394850_Organism_SARS_coronavirus_WHU_Strain_Name_WHU_Segment_null_Host_Human_1,gb_AY310120_Organism_SARS_coronavirus_FRA_Strain_Name_FRA_Segment_null_Host_Human_5)Node9,gb_AY559096_Organism_SARS_coronavirus_Sin850_Strain_Name_Sin850_Segment_null_Host_Human_1)Node3,gb_MK062180_Organism_SARS_coronavirus_Urbani_Strain_Name_Urbani_Segment_null_Host_Human_1,gb_MK062179_Organism_SARS_coronavirus_Urbani_Strain_Name_Urbani_Segment_null_Host_Human_1)Node2,gb_MK062182_Organism_SARS_coronavirus_Urbani_Strain_Name_Urbani_Segment_null_Host_Human_1,gb_MK062181_Organism_SARS_coronavirus_Urbani_Strain_Name_Urbani_Segment_null_Host_Human_1)Node1,gb_MK062184_Organism_SARS_coronavirus_Urbani_Strain_Name_Urbani_Segment_null_Host_Human_1,gb_MK062183_Organism_SARS_coronavirus_Urbani_Strain_Name_Urbani_Segment_null_Host_Human_1)"
    }
  },
 "test results":{
   "P-value threshold":0.05,
   "positive test results":0,
   "tested":6
  },
 "tested":{
   "0":{
     "Node1":"test",
     "Node14":"test",
     "Node17":"test",
     "Node2":"test",
     "Node3":"test",
     "Node9":"test",
     "gb_AY310120_Organism_SARS_coronavirus_FRA_Strain_Name_FRA_Segment_null_Host_Human_5":"background",
     "gb_AY345986_Organism_SARS_coronavirus_CUHK_AG01_Strain_Name_CUHK_AG01_Segment_null_Host_Human_11":"background",
     "gb_AY390556_Organism_SARS_coronavirus_GZ02_Strain_Name_GZ02_Segment_null_Host_Human_2":"background",
     "gb_AY394850_Organism_SARS_coronavirus_WHU_Strain_Name_WHU_Segment_null_Host_Human_1":"background",
     "gb_AY502924_Organism_SARS_coronavirus_TW11_Strain_Name_TW11_Segment_null_Host_Human_1":"background",
     "gb_AY559085_Organism_SARS_coronavirus_Sin848_Strain_Name_Sin848_Segment_null_Host_Human_1":"background",
     "gb_AY559096_Organism_SARS_coronavirus_Sin850_Strain_Name_Sin850_Segment_null_Host_Human_1":"background",
     "gb_AY613947_Organism_SARS_coronavirus_GZ0402_Strain_Name_GZ0402_Segment_null_Host_Human_1":"background",
     "gb_MK062179_Organism_SARS_coronavirus_Urbani_Strain_Name_Urbani_Segment_null_Host_Human_1":"background",
     "gb_MK062180_Organism_SARS_coronavirus_Urbani_Strain_Name_Urbani_Segment_null_Host_Human_1":"background",
     "gb_MK062181_Organism_SARS_coronavirus_Urbani_Strain_Name_Urbani_Segment_null_Host_Human_1":"background",
     "gb_MK062182_Organism_SARS_coronavirus_Urbani_Strain_Name_Urbani_Segment_null_Host_Human_1":"background",
     "gb_MK062183_Organism_SARS_coronavirus_Urbani_Strain_Name_Urbani_Segment_null_Host_Human_1":"background",
     "gb_MK062184_Organism_SARS_coronavirus_Urbani_Strain_Name_Urbani_Segment_null_Host_Human_1":"background",
     "nc_004718_SARS_m_canada__25":"background"
    }
  },
 "timers":{
   "Baseline model fitting":{
     "order":2,
     "timer":1
    },
   "Complexity analysis":{
     "order":3,
     "timer":24
    },
   "Full adaptive model fitting":{
     "order":4,
     "timer":1
    },
   "Overall":{
     "order":0,
     "timer":30
    },
   "Preliminary model fitting":{
     "order":1,
     "timer":0
    },
   "Testing for selection":{
     "order":5,
     "timer":4
    }
  }
}