{
 "analysis":{
   "authors":"Sergei L Kosakovsky Pond, Ben Murrell, Steven Weaver and Temple iGEM / UCSD viral evolution group",
   "citation":"Less Is More: An Adaptive Branch-Site Random Effects Model for Efficient Detection of Episodic Diversifying Selection (2015). Mol Biol Evol 32 (5): 1342-1353. v2.2 adds support for multiple-hit models",
   "contact":"spond@temple.edu",
   "info":"aBSREL (Adaptive branch-site random effects likelihood)\n                            uses an adaptive random effects branch-site model framework\n                            to test whether each branch has evolved under positive selection,\n                            using a procedure which infers an optimal number of rate categories per branch.",
   "requirements":"in-frame codon alignment and a phylogenetic tree",
   "version":"2.2"
  },
 "branch attributes":{
   "0":{
     "Node127":{
       "Baseline MG94xREV":0.004535943924309273,
       "Baseline MG94xREV omega ratio":10000000000,
       "Corrected P-value":0.2770141766977349,
       "Full adaptive model":0.004539322150770841,
       "Full adaptive model (non-synonymous subs/site)":0.004539322150770841,
       "Full adaptive model (synonymous subs/site)":1e-10,
       "LRT":0.7894420688346599,
       "Nucleotide GTR":0.004458860100595669,
       "Rate Distributions":        [
[10000000000, 1] 
        ],
       "Rate classes":1,
       "Uncorrected P-value":0.2770141766977349
      },
     "Node160":{
       "Baseline MG94xREV":0.004548701584045872,
       "Baseline MG94xREV omega ratio":10000000000,
       "Corrected P-value":1,
       "Full adaptive model":0.004551638976758786,
       "Full adaptive model (non-synonymous subs/site)":0.004551638976758786,
       "Full adaptive model (synonymous subs/site)":1e-10,
       "LRT":0.7912741015850315,
       "Nucleotide GTR":0.004461936504492992,
       "Rate Distributions":        [
[10000000000, 1] 
        ],
       "Rate classes":1,
       "Uncorrected P-value":0.2767183308674428
      },
     "Node168":{
       "Baseline MG94xREV":0.004553061937627684,
       "Baseline MG94xREV omega ratio":10000000000,
       "Corrected P-value":1,
       "Full adaptive model":0.00455602116936162,
       "Full adaptive model (non-synonymous subs/site)":0.00455602116936162,
       "Full adaptive model (synonymous subs/site)":1e-10,
       "LRT":0.7930964538945773,
       "Nucleotide GTR":0.0044620034543156,
       "Rate Distributions":        [
[10000000000, 1] 
        ],
       "Rate classes":1,
       "Uncorrected P-value":0.2764244440206113
      },
     "Node180":{
       "Baseline MG94xREV":0.00453836574831215,
       "Baseline MG94xREV omega ratio":10000000000,
       "Corrected P-value":0.8307022858878105,
       "Full adaptive model":0.004541699079448356,
       "Full adaptive model (non-synonymous subs/site)":0.004541699079448356,
       "Full adaptive model (synonymous subs/site)":1e-10,
       "LRT":0.7901441001517924,
       "Nucleotide GTR":0.004458860088629783,
       "Rate Distributions":        [
[10000000000, 1] 
        ],
       "Rate classes":1,
       "Uncorrected P-value":0.2769007619626035
      },
     "Node203":{
       "Baseline MG94xREV":0.004535304528980904,
       "Baseline MG94xREV omega ratio":10000000000,
       "Corrected P-value":0.5539413973154184,
       "Full adaptive model":0.00453942901427187,
       "Full adaptive model (non-synonymous subs/site)":0.00453942901427187,
       "Full adaptive model (synonymous subs/site)":1e-10,
       "LRT":0.7897111527092875,
       "Nucleotide GTR":0.00445752485807558,
       "Rate Distributions":        [
[10000000000, 1] 
        ],
       "Rate classes":1,
       "Uncorrected P-value":0.2769706986577092
      },
     "Node22":{
       "Baseline MG94xREV":0.004539834384022593,
       "Baseline MG94xREV omega ratio":10000000000,
       "Corrected P-value":1,
       "Full adaptive model":0.004542901778595509,
       "Full adaptive model (non-synonymous subs/site)":0.004542901778595509,
       "Full adaptive model (synonymous subs/site)":1e-10,
       "LRT":0.7914910608005812,
       "Nucleotide GTR":0.0044581109620789,
       "Rate Distributions":        [
[10000000000, 1] 
        ],
       "Rate classes":1,
       "Uncorrected P-value":0.2766833216406133
      },
     "Node40":{
       "Baseline MG94xREV":0.004544278074532496,
       "Baseline MG94xREV omega ratio":10000000000,
       "Corrected P-value":1,
       "Full adaptive model":0.00454792339029575,
       "Full adaptive model (non-synonymous subs/site)":0.00454792339029575,
       "Full adaptive model (synonymous subs/site)":1e-10,
       "LRT":0.7920227594424887,
       "Nucleotide GTR":0.00445886009329772,
       "Rate Distributions":        [
[10000000000, 1] 
        ],
       "Rate classes":1,
       "Uncorrected P-value":0.2765975487066359
      },
     "lc549340_SARS2_e_japan_tokyo_2020_03_2":{
       "Baseline MG94xREV":0.004218896857797568,
       "Baseline MG94xREV omega ratio":0,
       "Corrected P-value":null,
       "Full adaptive model":0.004202368505554089,
       "Full adaptive model (non-synonymous subs/site)":1e-10,
       "Full adaptive model (synonymous subs/site)":0.004202368505554089,
       "LRT":null,
       "Nucleotide GTR":0.004458111052328227,
       "Rate Distributions":        [
[0, 1] 
        ],
       "Rate classes":1,
       "Uncorrected P-value":null,
       "original name":"lc549340_SARS2_e_japan_tokyo_2020_03_2"
      },
     "mt039890_SARS2_e_south_korea_jan_2020_2":{
       "Baseline MG94xREV":0.004541644878558349,
       "Baseline MG94xREV omega ratio":10000000000,
       "Corrected P-value":null,
       "Full adaptive model":0.004545017822161925,
       "Full adaptive model (non-synonymous subs/site)":0.004545017822161925,
       "Full adaptive model (synonymous subs/site)":1e-10,
       "LRT":null,
       "Nucleotide GTR":0.004461133747939178,
       "Rate Distributions":        [
[10000000000, 1] 
        ],
       "Rate classes":1,
       "Uncorrected P-value":null,
       "original name":"mt039890_SARS2_e_south_korea_jan_2020_2"
      },
     "mt263389_SARS2_e_usa_wa_2020_03_16_1":{
       "Baseline MG94xREV":0,
       "Baseline MG94xREV omega ratio":1,
       "Corrected P-value":null,
       "Full adaptive model":0,
       "Full adaptive model (non-synonymous subs/site)":1e-10,
       "Full adaptive model (synonymous subs/site)":1e-10,
       "LRT":null,
       "Nucleotide GTR":0,
       "Rate Distributions":        [
[1, 1] 
        ],
       "Rate classes":1,
       "Uncorrected P-value":null,
       "original name":"mt263389_SARS2_e_usa_wa_2020_03_16_1"
      },
     "mt350246_SARS2_e_usa_va_2020_04_2":{
       "Baseline MG94xREV":0.004553061902380337,
       "Baseline MG94xREV omega ratio":10000000000,
       "Corrected P-value":null,
       "Full adaptive model":0.004556021201642692,
       "Full adaptive model (non-synonymous subs/site)":0.004556021201642692,
       "Full adaptive model (synonymous subs/site)":1e-10,
       "LRT":null,
       "Nucleotide GTR":0.004462003456398871,
       "Rate Distributions":        [
[10000000000, 1] 
        ],
       "Rate classes":1,
       "Uncorrected P-value":null,
       "original name":"mt350246_SARS2_e_usa_va_2020_04_2"
      },
     "mt396242_SARS2_e_india_2020_04_08_2":{
       "Baseline MG94xREV":0,
       "Baseline MG94xREV omega ratio":1,
       "Corrected P-value":null,
       "Full adaptive model":0,
       "Full adaptive model (non-synonymous subs/site)":1e-10,
       "Full adaptive model (synonymous subs/site)":1e-10,
       "LRT":null,
       "Nucleotide GTR":0,
       "Rate Distributions":        [
[1, 1] 
        ],
       "Rate classes":1,
       "Uncorrected P-value":null,
       "original name":"mt396242_SARS2_e_india_2020_04_08_2"
      },
     "mt450923_SARS2_e_australia_victoria_2020_03_06_2":{
       "Baseline MG94xREV":0,
       "Baseline MG94xREV omega ratio":1,
       "Corrected P-value":null,
       "Full adaptive model":0,
       "Full adaptive model (non-synonymous subs/site)":1e-10,
       "Full adaptive model (synonymous subs/site)":1e-10,
       "LRT":null,
       "Nucleotide GTR":0,
       "Rate Distributions":        [
[1, 1] 
        ],
       "Rate classes":1,
       "Uncorrected P-value":null,
       "original name":"mt450923_SARS2_e_australia_victoria_2020_03_06_2"
      },
     "mt451200_SARS2_e_australia_victoria_2020_03_23_1":{
       "Baseline MG94xREV":0,
       "Baseline MG94xREV omega ratio":1,
       "Corrected P-value":null,
       "Full adaptive model":0,
       "Full adaptive model (non-synonymous subs/site)":1e-10,
       "Full adaptive model (synonymous subs/site)":1e-10,
       "LRT":null,
       "Nucleotide GTR":0,
       "Rate Distributions":        [
[1, 1] 
        ],
       "Rate classes":1,
       "Uncorrected P-value":null,
       "original name":"mt451200_SARS2_e_australia_victoria_2020_03_23_1"
      },
     "mt451205_SARS2_e_australia_victoria_2020_03_24_4":{
       "Baseline MG94xREV":0,
       "Baseline MG94xREV omega ratio":1,
       "Corrected P-value":null,
       "Full adaptive model":0,
       "Full adaptive model (non-synonymous subs/site)":1e-10,
       "Full adaptive model (synonymous subs/site)":1e-10,
       "LRT":null,
       "Nucleotide GTR":0,
       "Rate Distributions":        [
[1, 1] 
        ],
       "Rate classes":1,
       "Uncorrected P-value":null,
       "original name":"mt451205_SARS2_e_australia_victoria_2020_03_24_4"
      },
     "mt451283_SARS2_e_australia_victoria_2020_03_24_2":{
       "Baseline MG94xREV":0,
       "Baseline MG94xREV omega ratio":1,
       "Corrected P-value":null,
       "Full adaptive model":0,
       "Full adaptive model (non-synonymous subs/site)":1e-10,
       "Full adaptive model (synonymous subs/site)":1e-10,
       "LRT":null,
       "Nucleotide GTR":0,
       "Rate Distributions":        [
[1, 1] 
        ],
       "Rate classes":1,
       "Uncorrected P-value":null,
       "original name":"mt451283_SARS2_e_australia_victoria_2020_03_24_2"
      },
     "mt451294_SARS2_e_australia_victoria_2020_03_25_1":{
       "Baseline MG94xREV":0,
       "Baseline MG94xREV omega ratio":1,
       "Corrected P-value":null,
       "Full adaptive model":0,
       "Full adaptive model (non-synonymous subs/site)":1e-10,
       "Full adaptive model (synonymous subs/site)":1e-10,
       "LRT":null,
       "Nucleotide GTR":0,
       "Rate Distributions":        [
[1, 1] 
        ],
       "Rate classes":1,
       "Uncorrected P-value":null,
       "original name":"mt451294_SARS2_e_australia_victoria_2020_03_25_1"
      },
     "mt451306_SARS2_e_australia_victoria_2020_03_25_2":{
       "Baseline MG94xREV":0,
       "Baseline MG94xREV omega ratio":1,
       "Corrected P-value":null,
       "Full adaptive model":0,
       "Full adaptive model (non-synonymous subs/site)":1e-10,
       "Full adaptive model (synonymous subs/site)":1e-10,
       "LRT":null,
       "Nucleotide GTR":0,
       "Rate Distributions":        [
[1, 1] 
        ],
       "Rate classes":1,
       "Uncorrected P-value":null,
       "original name":"mt451306_SARS2_e_australia_victoria_2020_03_25_2"
      },
     "mt451307_SARS2_e_australia_victoria_2020_03_25_2":{
       "Baseline MG94xREV":0,
       "Baseline MG94xREV omega ratio":1,
       "Corrected P-value":null,
       "Full adaptive model":0,
       "Full adaptive model (non-synonymous subs/site)":1e-10,
       "Full adaptive model (synonymous subs/site)":1e-10,
       "LRT":null,
       "Nucleotide GTR":0,
       "Rate Distributions":        [
[1, 1] 
        ],
       "Rate classes":1,
       "Uncorrected P-value":null,
       "original name":"mt451307_SARS2_e_australia_victoria_2020_03_25_2"
      },
     "mt451330_SARS2_e_australia_victoria_2020_03_27_1":{
       "Baseline MG94xREV":0,
       "Baseline MG94xREV omega ratio":1,
       "Corrected P-value":null,
       "Full adaptive model":0,
       "Full adaptive model (non-synonymous subs/site)":1e-10,
       "Full adaptive model (synonymous subs/site)":1e-10,
       "LRT":null,
       "Nucleotide GTR":0,
       "Rate Distributions":        [
[1, 1] 
        ],
       "Rate classes":1,
       "Uncorrected P-value":null,
       "original name":"mt451330_SARS2_e_australia_victoria_2020_03_27_1"
      },
     "mt451333_SARS2_e_australia_victoria_2020_03_26_2":{
       "Baseline MG94xREV":0,
       "Baseline MG94xREV omega ratio":1,
       "Corrected P-value":null,
       "Full adaptive model":0,
       "Full adaptive model (non-synonymous subs/site)":1e-10,
       "Full adaptive model (synonymous subs/site)":1e-10,
       "LRT":null,
       "Nucleotide GTR":0,
       "Rate Distributions":        [
[1, 1] 
        ],
       "Rate classes":1,
       "Uncorrected P-value":null,
       "original name":"mt451333_SARS2_e_australia_victoria_2020_03_26_2"
      },
     "mt451336_SARS2_e_australia_victoria_2020_03_28_2":{
       "Baseline MG94xREV":0,
       "Baseline MG94xREV omega ratio":1,
       "Corrected P-value":null,
       "Full adaptive model":0,
       "Full adaptive model (non-synonymous subs/site)":1e-10,
       "Full adaptive model (synonymous subs/site)":1e-10,
       "LRT":null,
       "Nucleotide GTR":0,
       "Rate Distributions":        [
[1, 1] 
        ],
       "Rate classes":1,
       "Uncorrected P-value":null,
       "original name":"mt451336_SARS2_e_australia_victoria_2020_03_28_2"
      },
     "mt451413_SARS2_e_australia_victoria_2020_03_26_2":{
       "Baseline MG94xREV":0,
       "Baseline MG94xREV omega ratio":1,
       "Corrected P-value":null,
       "Full adaptive model":0,
       "Full adaptive model (non-synonymous subs/site)":1e-10,
       "Full adaptive model (synonymous subs/site)":1e-10,
       "LRT":null,
       "Nucleotide GTR":0,
       "Rate Distributions":        [
[1, 1] 
        ],
       "Rate classes":1,
       "Uncorrected P-value":null,
       "original name":"mt451413_SARS2_e_australia_victoria_2020_03_26_2"
      },
     "mt451417_SARS2_e_australia_victoria_2020_03_27_2":{
       "Baseline MG94xREV":0,
       "Baseline MG94xREV omega ratio":1,
       "Corrected P-value":null,
       "Full adaptive model":0,
       "Full adaptive model (non-synonymous subs/site)":1e-10,
       "Full adaptive model (synonymous subs/site)":1e-10,
       "LRT":null,
       "Nucleotide GTR":0,
       "Rate Distributions":        [
[1, 1] 
        ],
       "Rate classes":1,
       "Uncorrected P-value":null,
       "original name":"mt451417_SARS2_e_australia_victoria_2020_03_27_2"
      },
     "mt451450_SARS2_e_australia_victoria_2020_03_28_1":{
       "Baseline MG94xREV":0,
       "Baseline MG94xREV omega ratio":1,
       "Corrected P-value":null,
       "Full adaptive model":0,
       "Full adaptive model (non-synonymous subs/site)":1e-10,
       "Full adaptive model (synonymous subs/site)":1e-10,
       "LRT":null,
       "Nucleotide GTR":0,
       "Rate Distributions":        [
[1, 1] 
        ],
       "Rate classes":1,
       "Uncorrected P-value":null,
       "original name":"mt451450_SARS2_e_australia_victoria_2020_03_28_1"
      },
     "mt451579_SARS2_e_australia_victoria_2020_04_03_2":{
       "Baseline MG94xREV":0,
       "Baseline MG94xREV omega ratio":1,
       "Corrected P-value":null,
       "Full adaptive model":0,
       "Full adaptive model (non-synonymous subs/site)":1e-10,
       "Full adaptive model (synonymous subs/site)":1e-10,
       "LRT":null,
       "Nucleotide GTR":0,
       "Rate Distributions":        [
[1, 1] 
        ],
       "Rate classes":1,
       "Uncorrected P-value":null,
       "original name":"mt451579_SARS2_e_australia_victoria_2020_04_03_2"
      },
     "mt451643_SARS2_e_australia_victoria_2020_03_26_8":{
       "Baseline MG94xREV":0,
       "Baseline MG94xREV omega ratio":1,
       "Corrected P-value":null,
       "Full adaptive model":0,
       "Full adaptive model (non-synonymous subs/site)":1e-10,
       "Full adaptive model (synonymous subs/site)":1e-10,
       "LRT":null,
       "Nucleotide GTR":0,
       "Rate Distributions":        [
[1, 1] 
        ],
       "Rate classes":1,
       "Uncorrected P-value":null,
       "original name":"mt451643_SARS2_e_australia_victoria_2020_03_26_8"
      },
     "mt451688_SARS2_e_australia_victoria_2020_03_31_2":{
       "Baseline MG94xREV":0,
       "Baseline MG94xREV omega ratio":1,
       "Corrected P-value":null,
       "Full adaptive model":0,
       "Full adaptive model (non-synonymous subs/site)":1e-10,
       "Full adaptive model (synonymous subs/site)":1e-10,
       "LRT":null,
       "Nucleotide GTR":0,
       "Rate Distributions":        [
[1, 1] 
        ],
       "Rate classes":1,
       "Uncorrected P-value":null,
       "original name":"mt451688_SARS2_e_australia_victoria_2020_03_31_2"
      },
     "mt451750_SARS2_e_australia_victoria_2020_04_07_2":{
       "Baseline MG94xREV":0,
       "Baseline MG94xREV omega ratio":1,
       "Corrected P-value":null,
       "Full adaptive model":0,
       "Full adaptive model (non-synonymous subs/site)":1e-10,
       "Full adaptive model (synonymous subs/site)":1e-10,
       "LRT":null,
       "Nucleotide GTR":0,
       "Rate Distributions":        [
[1, 1] 
        ],
       "Rate classes":1,
       "Uncorrected P-value":null,
       "original name":"mt451750_SARS2_e_australia_victoria_2020_04_07_2"
      },
     "mt451773_SARS2_e_australia_victoria_2020_04_09_1":{
       "Baseline MG94xREV":0,
       "Baseline MG94xREV omega ratio":1,
       "Corrected P-value":null,
       "Full adaptive model":0,
       "Full adaptive model (non-synonymous subs/site)":1e-10,
       "Full adaptive model (synonymous subs/site)":1e-10,
       "LRT":null,
       "Nucleotide GTR":0,
       "Rate Distributions":        [
[1, 1] 
        ],
       "Rate classes":1,
       "Uncorrected P-value":null,
       "original name":"mt451773_SARS2_e_australia_victoria_2020_04_09_1"
      },
     "mt459833_SARS2_e_greece_athens_2020_03_20_2":{
       "Baseline MG94xREV":0.004591789748548051,
       "Baseline MG94xREV omega ratio":10000000000,
       "Corrected P-value":null,
       "Full adaptive model":0.004596519874025021,
       "Full adaptive model (non-synonymous subs/site)":0.004596519874025021,
       "Full adaptive model (synonymous subs/site)":1e-10,
       "LRT":null,
       "Nucleotide GTR":0.004503182777726465,
       "Rate Distributions":        [
[10000000000, 1] 
        ],
       "Rate classes":1,
       "Uncorrected P-value":null,
       "original name":"mt459833_SARS2_e_greece_athens_2020_03_20_2"
      },
     "mt509699_SARS2_e_usa_michigan_2020_03_30_1":{
       "Baseline MG94xREV":0,
       "Baseline MG94xREV omega ratio":1,
       "Corrected P-value":null,
       "Full adaptive model":0,
       "Full adaptive model (non-synonymous subs/site)":1e-10,
       "Full adaptive model (synonymous subs/site)":1e-10,
       "LRT":null,
       "Nucleotide GTR":0,
       "Rate Distributions":        [
[1, 1] 
        ],
       "Rate classes":1,
       "Uncorrected P-value":null,
       "original name":"mt509699_SARS2_e_usa_michigan_2020_03_30_1"
      },
     "mt533224_SARS2_e_usa_ca_2020_04_30_1":{
       "Baseline MG94xREV":0,
       "Baseline MG94xREV omega ratio":1,
       "Corrected P-value":null,
       "Full adaptive model":0,
       "Full adaptive model (non-synonymous subs/site)":1e-10,
       "Full adaptive model (synonymous subs/site)":1e-10,
       "LRT":null,
       "Nucleotide GTR":0,
       "Rate Distributions":        [
[1, 1] 
        ],
       "Rate classes":1,
       "Uncorrected P-value":null,
       "original name":"mt533224_SARS2_e_usa_ca_2020_04_30_1"
      },
     "mt534321_SARS2_e_usa_ca_2020_04_12_2":{
       "Baseline MG94xREV":0,
       "Baseline MG94xREV omega ratio":1,
       "Corrected P-value":null,
       "Full adaptive model":0,
       "Full adaptive model (non-synonymous subs/site)":1e-10,
       "Full adaptive model (synonymous subs/site)":1e-10,
       "LRT":null,
       "Nucleotide GTR":0,
       "Rate Distributions":        [
[1, 1] 
        ],
       "Rate classes":1,
       "Uncorrected P-value":null,
       "original name":"mt534321_SARS2_e_usa_ca_2020_04_12_2"
      },
     "mt568638_SARS2_e_china_guangzhou_2020_02_25_2":{
       "Baseline MG94xREV":0.004557734339511468,
       "Baseline MG94xREV omega ratio":10000000000,
       "Corrected P-value":null,
       "Full adaptive model":0.004559326132248301,
       "Full adaptive model (non-synonymous subs/site)":0.004559326132248301,
       "Full adaptive model (synonymous subs/site)":1e-10,
       "LRT":null,
       "Nucleotide GTR":0.00446776624150145,
       "Rate Distributions":        [
[10000000000, 1] 
        ],
       "Rate classes":1,
       "Uncorrected P-value":null,
       "original name":"mt568638_SARS2_e_china_guangzhou_2020_02_25_2"
      },
     "mt585052_SARS2_e_usa_michigan_2020_04_30_3":{
       "Baseline MG94xREV":0,
       "Baseline MG94xREV omega ratio":1,
       "Corrected P-value":null,
       "Full adaptive model":0,
       "Full adaptive model (non-synonymous subs/site)":1e-10,
       "Full adaptive model (synonymous subs/site)":1e-10,
       "LRT":null,
       "Nucleotide GTR":0,
       "Rate Distributions":        [
[1, 1] 
        ],
       "Rate classes":1,
       "Uncorrected P-value":null,
       "original name":"mt585052_SARS2_e_usa_michigan_2020_04_30_3"
      },
     "mt598173_SARS2_e_usa_san_diego_california_2020_03_24_2":{
       "Baseline MG94xREV":0.004538576940336165,
       "Baseline MG94xREV omega ratio":10000000000,
       "Corrected P-value":null,
       "Full adaptive model":0.004542173719340827,
       "Full adaptive model (non-synonymous subs/site)":0.004542173719340827,
       "Full adaptive model (synonymous subs/site)":1e-10,
       "LRT":null,
       "Nucleotide GTR":0.004461746033881555,
       "Rate Distributions":        [
[10000000000, 1] 
        ],
       "Rate classes":1,
       "Uncorrected P-value":null,
       "original name":"mt598173_SARS2_e_usa_san_diego_california_2020_03_24_2"
      },
     "mt612112_SARS2_e_australia_victoria_2020_04_14_2":{
       "Baseline MG94xREV":0,
       "Baseline MG94xREV omega ratio":1,
       "Corrected P-value":null,
       "Full adaptive model":0,
       "Full adaptive model (non-synonymous subs/site)":1e-10,
       "Full adaptive model (synonymous subs/site)":1e-10,
       "LRT":null,
       "Nucleotide GTR":0,
       "Rate Distributions":        [
[1, 1] 
        ],
       "Rate classes":1,
       "Uncorrected P-value":null,
       "original name":"mt612112_SARS2_e_australia_victoria_2020_04_14_2"
      },
     "mt612146_SARS2_e_australia_victoria_2020_04_25_11":{
       "Baseline MG94xREV":0,
       "Baseline MG94xREV omega ratio":1,
       "Corrected P-value":null,
       "Full adaptive model":0,
       "Full adaptive model (non-synonymous subs/site)":1e-10,
       "Full adaptive model (synonymous subs/site)":1e-10,
       "LRT":null,
       "Nucleotide GTR":0,
       "Rate Distributions":        [
[1, 1] 
        ],
       "Rate classes":1,
       "Uncorrected P-value":null,
       "original name":"mt612146_SARS2_e_australia_victoria_2020_04_25_11"
      },
     "mt612148_SARS2_e_australia_victoria_2020_04_27_4":{
       "Baseline MG94xREV":0.004277585894030467,
       "Baseline MG94xREV omega ratio":0,
       "Corrected P-value":null,
       "Full adaptive model":0.004261872987511832,
       "Full adaptive model (non-synonymous subs/site)":1e-10,
       "Full adaptive model (synonymous subs/site)":0.004261872987511832,
       "LRT":null,
       "Nucleotide GTR":0.00446186910563723,
       "Rate Distributions":        [
[0, 1] 
        ],
       "Rate classes":1,
       "Uncorrected P-value":null,
       "original name":"mt612148_SARS2_e_australia_victoria_2020_04_27_4"
      },
     "mt612172_SARS2_e_australia_victoria_2020_05_03_1":{
       "Baseline MG94xREV":0,
       "Baseline MG94xREV omega ratio":1,
       "Corrected P-value":null,
       "Full adaptive model":0,
       "Full adaptive model (non-synonymous subs/site)":1e-10,
       "Full adaptive model (synonymous subs/site)":1e-10,
       "LRT":null,
       "Nucleotide GTR":0,
       "Rate Distributions":        [
[1, 1] 
        ],
       "Rate classes":1,
       "Uncorrected P-value":null,
       "original name":"mt612172_SARS2_e_australia_victoria_2020_05_03_1"
      },
     "mt612204_SARS2_e_australia_victoria_2020_05_10_1":{
       "Baseline MG94xREV":0.004532320907415287,
       "Baseline MG94xREV omega ratio":10000000000,
       "Corrected P-value":null,
       "Full adaptive model":0.004537191708099026,
       "Full adaptive model (non-synonymous subs/site)":0.004537191708099026,
       "Full adaptive model (synonymous subs/site)":1e-10,
       "LRT":null,
       "Nucleotide GTR":0.004451223314584714,
       "Rate Distributions":        [
[10000000000, 1] 
        ],
       "Rate classes":1,
       "Uncorrected P-value":null,
       "original name":"mt612204_SARS2_e_australia_victoria_2020_05_10_1"
      },
     "mt612218_SARS2_e_australia_victoria_2020_05_07_1":{
       "Baseline MG94xREV":0,
       "Baseline MG94xREV omega ratio":1,
       "Corrected P-value":null,
       "Full adaptive model":0,
       "Full adaptive model (non-synonymous subs/site)":1e-10,
       "Full adaptive model (synonymous subs/site)":1e-10,
       "LRT":null,
       "Nucleotide GTR":0,
       "Rate Distributions":        [
[1, 1] 
        ],
       "Rate classes":1,
       "Uncorrected P-value":null,
       "original name":"mt612218_SARS2_e_australia_victoria_2020_05_07_1"
      },
     "mt612224_SARS2_e_australia_victoria_2020_05_14_1":{
       "Baseline MG94xREV":0,
       "Baseline MG94xREV omega ratio":1,
       "Corrected P-value":null,
       "Full adaptive model":0,
       "Full adaptive model (non-synonymous subs/site)":1e-10,
       "Full adaptive model (synonymous subs/site)":1e-10,
       "LRT":null,
       "Nucleotide GTR":0,
       "Rate Distributions":        [
[1, 1] 
        ],
       "Rate classes":1,
       "Uncorrected P-value":null,
       "original name":"mt612224_SARS2_e_australia_victoria_2020_05_14_1"
      },
     "mt612235_SARS2_e_australia_victoria_2020_05_02_1":{
       "Baseline MG94xREV":0,
       "Baseline MG94xREV omega ratio":1,
       "Corrected P-value":null,
       "Full adaptive model":0,
       "Full adaptive model (non-synonymous subs/site)":1e-10,
       "Full adaptive model (synonymous subs/site)":1e-10,
       "LRT":null,
       "Nucleotide GTR":0,
       "Rate Distributions":        [
[1, 1] 
        ],
       "Rate classes":1,
       "Uncorrected P-value":null,
       "original name":"mt612235_SARS2_e_australia_victoria_2020_05_02_1"
      },
     "mt612257_SARS2_e_australia_victoria_2020_05_10_1":{
       "Baseline MG94xREV":0,
       "Baseline MG94xREV omega ratio":1,
       "Corrected P-value":null,
       "Full adaptive model":0,
       "Full adaptive model (non-synonymous subs/site)":1e-10,
       "Full adaptive model (synonymous subs/site)":1e-10,
       "LRT":null,
       "Nucleotide GTR":0,
       "Rate Distributions":        [
[1, 1] 
        ],
       "Rate classes":1,
       "Uncorrected P-value":null,
       "original name":"mt612257_SARS2_e_australia_victoria_2020_05_10_1"
      },
     "mt612280_SARS2_e_timor_leste_2020_35":{
       "Baseline MG94xREV":0,
       "Baseline MG94xREV omega ratio":1,
       "Corrected P-value":null,
       "Full adaptive model":0,
       "Full adaptive model (non-synonymous subs/site)":1e-10,
       "Full adaptive model (synonymous subs/site)":1e-10,
       "LRT":null,
       "Nucleotide GTR":0,
       "Rate Distributions":        [
[1, 1] 
        ],
       "Rate classes":1,
       "Uncorrected P-value":null,
       "original name":"mt612280_SARS2_e_timor_leste_2020_35"
      },
     "mt612286_SARS2_e_timor_leste_2020_04_12_2":{
       "Baseline MG94xREV":0,
       "Baseline MG94xREV omega ratio":1,
       "Corrected P-value":null,
       "Full adaptive model":0,
       "Full adaptive model (non-synonymous subs/site)":1e-10,
       "Full adaptive model (synonymous subs/site)":1e-10,
       "LRT":null,
       "Nucleotide GTR":0,
       "Rate Distributions":        [
[1, 1] 
        ],
       "Rate classes":1,
       "Uncorrected P-value":null,
       "original name":"mt612286_SARS2_e_timor_leste_2020_04_12_2"
      },
     "mt627612_SARS2_e_usa_washington_king_county_2020_03_05_4":{
       "Baseline MG94xREV":0.004268459200621267,
       "Baseline MG94xREV omega ratio":0,
       "Corrected P-value":null,
       "Full adaptive model":0.004256929287117294,
       "Full adaptive model (non-synonymous subs/site)":1e-10,
       "Full adaptive model (synonymous subs/site)":0.004256929287117294,
       "LRT":null,
       "Nucleotide GTR":0.004461812883341292,
       "Rate Distributions":        [
[0, 1] 
        ],
       "Rate classes":1,
       "Uncorrected P-value":null,
       "original name":"mt627612_SARS2_e_usa_washington_king_county_2020_03_05_4"
      },
     "mt627619_SARS2_e_usa_washington_king_county_2020_03_13_2":{
       "Baseline MG94xREV":0.004541544632507145,
       "Baseline MG94xREV omega ratio":10000000000,
       "Corrected P-value":null,
       "Full adaptive model":0.004544981965606391,
       "Full adaptive model (non-synonymous subs/site)":0.004544981965606391,
       "Full adaptive model (synonymous subs/site)":1e-10,
       "LRT":null,
       "Nucleotide GTR":0.004458860095914315,
       "Rate Distributions":        [
[10000000000, 1] 
        ],
       "Rate classes":1,
       "Uncorrected P-value":null,
       "original name":"mt627619_SARS2_e_usa_washington_king_county_2020_03_13_2"
      },
     "mt628088_SARS2_e_usa_ca_2020_05_06_4":{
       "Baseline MG94xREV":0,
       "Baseline MG94xREV omega ratio":1,
       "Corrected P-value":null,
       "Full adaptive model":0,
       "Full adaptive model (non-synonymous subs/site)":1e-10,
       "Full adaptive model (synonymous subs/site)":1e-10,
       "LRT":null,
       "Nucleotide GTR":0,
       "Rate Distributions":        [
[1, 1] 
        ],
       "Rate classes":1,
       "Uncorrected P-value":null,
       "original name":"mt628088_SARS2_e_usa_ca_2020_05_06_4"
      },
     "mt628094_SARS2_e_usa_ca_2020_03_22_1":{
       "Baseline MG94xREV":0,
       "Baseline MG94xREV omega ratio":1,
       "Corrected P-value":null,
       "Full adaptive model":0,
       "Full adaptive model (non-synonymous subs/site)":1e-10,
       "Full adaptive model (synonymous subs/site)":1e-10,
       "LRT":null,
       "Nucleotide GTR":0,
       "Rate Distributions":        [
[1, 1] 
        ],
       "Rate classes":1,
       "Uncorrected P-value":null,
       "original name":"mt628094_SARS2_e_usa_ca_2020_03_22_1"
      },
     "mt630422_SARS2_e_saudi_arabia_jeddah_2020_03_15_2":{
       "Baseline MG94xREV":0.004538441642796101,
       "Baseline MG94xREV omega ratio":10000000000,
       "Corrected P-value":null,
       "Full adaptive model":0.004541379901675421,
       "Full adaptive model (non-synonymous subs/site)":0.004541379901675421,
       "Full adaptive model (synonymous subs/site)":1e-10,
       "LRT":null,
       "Nucleotide GTR":0.004462003349793821,
       "Rate Distributions":        [
[10000000000, 1] 
        ],
       "Rate classes":1,
       "Uncorrected P-value":null,
       "original name":"mt630422_SARS2_e_saudi_arabia_jeddah_2020_03_15_2"
      },
     "mt632491_SARS2_e_usa_washington_king_county_2020_03_18_2":{
       "Baseline MG94xREV":0.004557771939598779,
       "Baseline MG94xREV omega ratio":10000000000,
       "Corrected P-value":null,
       "Full adaptive model":0.004561119022271123,
       "Full adaptive model (non-synonymous subs/site)":0.004561119022271123,
       "Full adaptive model (synonymous subs/site)":1e-10,
       "LRT":null,
       "Nucleotide GTR":0.004548780510880934,
       "Rate Distributions":        [
[10000000000, 1] 
        ],
       "Rate classes":1,
       "Uncorrected P-value":null,
       "original name":"mt632491_SARS2_e_usa_washington_king_county_2020_03_18_2"
      },
     "mt632864_SARS2_e_usa_washington_2020_03_23_4":{
       "Baseline MG94xREV":0.004548697129423877,
       "Baseline MG94xREV omega ratio":10000000000,
       "Corrected P-value":null,
       "Full adaptive model":0.004551638956877062,
       "Full adaptive model (non-synonymous subs/site)":0.004551638956877062,
       "Full adaptive model (synonymous subs/site)":1e-10,
       "LRT":null,
       "Nucleotide GTR":0.004461869000498219,
       "Rate Distributions":        [
[10000000000, 1] 
        ],
       "Rate classes":1,
       "Uncorrected P-value":null,
       "original name":"mt632864_SARS2_e_usa_washington_2020_03_23_4"
      },
     "mt641773_SARS2_e_timor_leste_2020_04_12_4":{
       "Baseline MG94xREV":0.00427457812434637,
       "Baseline MG94xREV omega ratio":0,
       "Corrected P-value":null,
       "Full adaptive model":0.004258060091787036,
       "Full adaptive model (non-synonymous subs/site)":1e-10,
       "Full adaptive model (synonymous subs/site)":0.004258060091787036,
       "LRT":null,
       "Nucleotide GTR":0.004461936502544501,
       "Rate Distributions":        [
[0, 1] 
        ],
       "Rate classes":1,
       "Uncorrected P-value":null,
       "original name":"mt641773_SARS2_e_timor_leste_2020_04_12_4"
      },
     "mt642069_SARS2_e_usa_washington_yakima_county_2020_05_04_2":{
       "Baseline MG94xREV":0.004277593838118074,
       "Baseline MG94xREV omega ratio":0,
       "Corrected P-value":null,
       "Full adaptive model":0.004261874351262388,
       "Full adaptive model (non-synonymous subs/site)":1e-10,
       "Full adaptive model (synonymous subs/site)":0.004261874351262388,
       "LRT":null,
       "Nucleotide GTR":0.004461936502544501,
       "Rate Distributions":        [
[0, 1] 
        ],
       "Rate classes":1,
       "Uncorrected P-value":null,
       "original name":"mt642069_SARS2_e_usa_washington_yakima_county_2020_05_04_2"
      },
     "mt658505_SARS2_e_egypt_2020_06_02_2":{
       "Baseline MG94xREV":0,
       "Baseline MG94xREV omega ratio":1,
       "Corrected P-value":null,
       "Full adaptive model":0,
       "Full adaptive model (non-synonymous subs/site)":1e-10,
       "Full adaptive model (synonymous subs/site)":1e-10,
       "LRT":null,
       "Nucleotide GTR":0,
       "Rate Distributions":        [
[1, 1] 
        ],
       "Rate classes":1,
       "Uncorrected P-value":null,
       "original name":"mt658505_SARS2_e_egypt_2020_06_02_2"
      },
     "mt750428_SARS2_e_usa_ca_2020_05_07_4":{
       "Baseline MG94xREV":0,
       "Baseline MG94xREV omega ratio":1,
       "Corrected P-value":null,
       "Full adaptive model":0,
       "Full adaptive model (non-synonymous subs/site)":1e-10,
       "Full adaptive model (synonymous subs/site)":1e-10,
       "LRT":null,
       "Nucleotide GTR":0,
       "Rate Distributions":        [
[1, 1] 
        ],
       "Rate classes":1,
       "Uncorrected P-value":null,
       "original name":"mt750428_SARS2_e_usa_ca_2020_05_07_4"
      },
     "mt772437_SARS2_e_usa_wisconsin_dane_county_2020_06_26_2":{
       "Baseline MG94xREV":0.004222636015013538,
       "Baseline MG94xREV omega ratio":0,
       "Corrected P-value":null,
       "Full adaptive model":0.004208450555405395,
       "Full adaptive model (non-synonymous subs/site)":1e-10,
       "Full adaptive model (synonymous subs/site)":0.004208450555405395,
       "LRT":null,
       "Nucleotide GTR":0.004450510527588347,
       "Rate Distributions":        [
[0, 1] 
        ],
       "Rate classes":1,
       "Uncorrected P-value":null,
       "original name":"mt772437_SARS2_e_usa_wisconsin_dane_county_2020_06_26_2"
      },
     "mt791890_SARS2_e_usa_fl_2020_03_19_3":{
       "Baseline MG94xREV":0.004543867008094505,
       "Baseline MG94xREV omega ratio":10000000000,
       "Corrected P-value":null,
       "Full adaptive model":0.00454800889104393,
       "Full adaptive model (non-synonymous subs/site)":0.00454800889104393,
       "Full adaptive model (synonymous subs/site)":1e-10,
       "LRT":null,
       "Nucleotide GTR":0.004458860095914315,
       "Rate Distributions":        [
[10000000000, 1] 
        ],
       "Rate classes":1,
       "Uncorrected P-value":null,
       "original name":"mt791890_SARS2_e_usa_fl_2020_03_19_3"
      },
     "mt810623_SARS2_e_usa_san_diego_california_2020_04_27_4":{
       "Baseline MG94xREV":0.004539326515503501,
       "Baseline MG94xREV omega ratio":10000000000,
       "Corrected P-value":null,
       "Full adaptive model":0.004542989755464751,
       "Full adaptive model (non-synonymous subs/site)":0.004542989755464751,
       "Full adaptive model (synonymous subs/site)":1e-10,
       "LRT":null,
       "Nucleotide GTR":0.004458860097958948,
       "Rate Distributions":        [
[10000000000, 1] 
        ],
       "Rate classes":1,
       "Uncorrected P-value":null,
       "original name":"mt810623_SARS2_e_usa_san_diego_california_2020_04_27_4"
      },
     "mt811521_SARS2_e_usa_san_diego_california_2020_06_15_2":{
       "Baseline MG94xREV":0.004268458343133714,
       "Baseline MG94xREV omega ratio":0,
       "Corrected P-value":null,
       "Full adaptive model":0.004256913987896462,
       "Full adaptive model (non-synonymous subs/site)":1e-10,
       "Full adaptive model (synonymous subs/site)":0.004256913987896462,
       "LRT":null,
       "Nucleotide GTR":0.004461745998395385,
       "Rate Distributions":        [
[0, 1] 
        ],
       "Rate classes":1,
       "Uncorrected P-value":null,
       "original name":"mt811521_SARS2_e_usa_san_diego_california_2020_06_15_2"
      },
     "mt811695_SARS2_e_usa_new_orleans_louisiana_2020_04_02_2":{
       "Baseline MG94xREV":0.004226386723439452,
       "Baseline MG94xREV omega ratio":0,
       "Corrected P-value":null,
       "Full adaptive model":0.004213443865340931,
       "Full adaptive model (non-synonymous subs/site)":1e-10,
       "Full adaptive model (synonymous subs/site)":0.004213443865340931,
       "LRT":null,
       "Nucleotide GTR":0.004450510521539782,
       "Rate Distributions":        [
[0, 1] 
        ],
       "Rate classes":1,
       "Uncorrected P-value":null,
       "original name":"mt811695_SARS2_e_usa_new_orleans_louisiana_2020_04_02_2"
      },
     "mt811741_SARS2_e_usa_new_orleans_louisiana_2020_04_04_6":{
       "Baseline MG94xREV":0.004540726526981285,
       "Baseline MG94xREV omega ratio":10000000000,
       "Corrected P-value":null,
       "Full adaptive model":0.00454438209393021,
       "Full adaptive model (non-synonymous subs/site)":0.00454438209393021,
       "Full adaptive model (synonymous subs/site)":1e-10,
       "LRT":null,
       "Nucleotide GTR":0.004450510525139236,
       "Rate Distributions":        [
[10000000000, 1] 
        ],
       "Rate classes":1,
       "Uncorrected P-value":null,
       "original name":"mt811741_SARS2_e_usa_new_orleans_louisiana_2020_04_04_6"
      },
     "mt821604_SARS2_e_usa_washington_spokane_county_2020_05_19_4":{
       "Baseline MG94xREV":0.004553053068944745,
       "Baseline MG94xREV omega ratio":10000000000,
       "Corrected P-value":null,
       "Full adaptive model":0.004556021044226232,
       "Full adaptive model (non-synonymous subs/site)":0.004556021044226232,
       "Full adaptive model (synonymous subs/site)":1e-10,
       "LRT":null,
       "Nucleotide GTR":0.00446186910563723,
       "Rate Distributions":        [
[10000000000, 1] 
        ],
       "Rate classes":1,
       "Uncorrected P-value":null,
       "original name":"mt821604_SARS2_e_usa_washington_spokane_county_2020_05_19_4"
      },
     "mt825091_SARS2_e_iran_2020_05_01_1":{
       "Baseline MG94xREV":0.008885691828071382,
       "Baseline MG94xREV omega ratio":0.4763782988799792,
       "Corrected P-value":null,
       "Full adaptive model":0.008878805865627065,
       "Full adaptive model (non-synonymous subs/site)":0.004548392753157307,
       "Full adaptive model (synonymous subs/site)":0.004330413112469762,
       "LRT":null,
       "Nucleotide GTR":0.009024400030305843,
       "Rate Distributions":        [
[0.4715362524654453, 1] 
        ],
       "Rate classes":1,
       "Uncorrected P-value":null,
       "original name":"mt825091_SARS2_e_iran_2020_05_01_1"
      },
     "mt831551_SARS2_e_usa_washington_yakima_county_2020_06_14_2":{
       "Baseline MG94xREV":0,
       "Baseline MG94xREV omega ratio":1,
       "Corrected P-value":null,
       "Full adaptive model":0,
       "Full adaptive model (non-synonymous subs/site)":1e-10,
       "Full adaptive model (synonymous subs/site)":1e-10,
       "LRT":null,
       "Nucleotide GTR":0,
       "Rate Distributions":        [
[1, 1] 
        ],
       "Rate classes":1,
       "Uncorrected P-value":null,
       "original name":"mt831551_SARS2_e_usa_washington_yakima_county_2020_06_14_2"
      },
     "mt833977_SARS2_e_usa_washington_yakima_county_2020_05_27_1":{
       "Baseline MG94xREV":0.004261066604262926,
       "Baseline MG94xREV omega ratio":0,
       "Corrected P-value":null,
       "Full adaptive model":0.004246407324070189,
       "Full adaptive model (non-synonymous subs/site)":1e-10,
       "Full adaptive model (synonymous subs/site)":0.004246407324070189,
       "LRT":null,
       "Nucleotide GTR":0.004458860105256894,
       "Rate Distributions":        [
[0, 1] 
        ],
       "Rate classes":1,
       "Uncorrected P-value":null,
       "original name":"mt833977_SARS2_e_usa_washington_yakima_county_2020_05_27_1"
      },
     "mt834233_SARS2_e_usa_washington_yakima_county_2020_05_27_11":{
       "Baseline MG94xREV":0.004277585806920585,
       "Baseline MG94xREV omega ratio":0,
       "Corrected P-value":null,
       "Full adaptive model":0.004261872989876773,
       "Full adaptive model (non-synonymous subs/site)":1e-10,
       "Full adaptive model (synonymous subs/site)":0.004261872989876773,
       "LRT":null,
       "Nucleotide GTR":0.00446186910563723,
       "Rate Distributions":        [
[0, 1] 
        ],
       "Rate classes":1,
       "Uncorrected P-value":null,
       "original name":"mt834233_SARS2_e_usa_washington_yakima_county_2020_05_27_11"
      },
     "mt835383_SARS2_e_brazil_2020_07_20_2":{
       "Baseline MG94xREV":0.004527336386018977,
       "Baseline MG94xREV omega ratio":10000000000,
       "Corrected P-value":null,
       "Full adaptive model":0.004531609466194676,
       "Full adaptive model (non-synonymous subs/site)":0.004531609466194676,
       "Full adaptive model (synonymous subs/site)":1e-10,
       "LRT":null,
       "Nucleotide GTR":0.004450510527588347,
       "Rate Distributions":        [
[10000000000, 1] 
        ],
       "Rate classes":1,
       "Uncorrected P-value":null,
       "original name":"mt835383_SARS2_e_brazil_2020_07_20_2"
      },
     "mt844027_SARS2_e_belize_2020_04_09_1":{
       "Baseline MG94xREV":0,
       "Baseline MG94xREV omega ratio":1,
       "Corrected P-value":null,
       "Full adaptive model":0,
       "Full adaptive model (non-synonymous subs/site)":1e-10,
       "Full adaptive model (synonymous subs/site)":1e-10,
       "LRT":null,
       "Nucleotide GTR":0,
       "Rate Distributions":        [
[1, 1] 
        ],
       "Rate classes":1,
       "Uncorrected P-value":null,
       "original name":"mt844027_SARS2_e_belize_2020_04_09_1"
      },
     "mt846585_SARS2_e_usa_wisconsin_dane_county_2020_07_12_3":{
       "Baseline MG94xREV":0.004541421377511927,
       "Baseline MG94xREV omega ratio":10000000000,
       "Corrected P-value":null,
       "Full adaptive model":0.004545171951170246,
       "Full adaptive model (non-synonymous subs/site)":0.004545171951170246,
       "Full adaptive model (synonymous subs/site)":1e-10,
       "LRT":null,
       "Nucleotide GTR":0.0044617461030713,
       "Rate Distributions":        [
[10000000000, 1] 
        ],
       "Rate classes":1,
       "Uncorrected P-value":null,
       "original name":"mt846585_SARS2_e_usa_wisconsin_dane_county_2020_07_12_3"
      },
     "mt872498_SARS2_e_sierra_leone_freetown_2020_04_14_1":{
       "Baseline MG94xREV":0.004526109844802735,
       "Baseline MG94xREV omega ratio":10000000000,
       "Corrected P-value":null,
       "Full adaptive model":0.004527874721158612,
       "Full adaptive model (non-synonymous subs/site)":0.004527874721158612,
       "Full adaptive model (synonymous subs/site)":1e-10,
       "LRT":null,
       "Nucleotide GTR":0.004463058103074606,
       "Rate Distributions":        [
[10000000000, 1] 
        ],
       "Rate classes":1,
       "Uncorrected P-value":null,
       "original name":"mt872498_SARS2_e_sierra_leone_freetown_2020_04_14_1"
      },
     "mt873076_SARS2_e_usa_massachusetts_2020_05_06_2":{
       "Baseline MG94xREV":0.004222636057965783,
       "Baseline MG94xREV omega ratio":0,
       "Corrected P-value":null,
       "Full adaptive model":0.004208450565359719,
       "Full adaptive model (non-synonymous subs/site)":1e-10,
       "Full adaptive model (synonymous subs/site)":0.004208450565359719,
       "LRT":null,
       "Nucleotide GTR":0.004450510527588347,
       "Rate Distributions":        [
[0, 1] 
        ],
       "Rate classes":1,
       "Uncorrected P-value":null,
       "original name":"mt873076_SARS2_e_usa_massachusetts_2020_05_06_2"
      },
     "mt873219_SARS2_e_usa_massachusetts_2020_04_14_3":{
       "Baseline MG94xREV":0.004535943921040318,
       "Baseline MG94xREV omega ratio":10000000000,
       "Corrected P-value":null,
       "Full adaptive model":0.004539322153863578,
       "Full adaptive model (non-synonymous subs/site)":0.004539322153863578,
       "Full adaptive model (synonymous subs/site)":1e-10,
       "LRT":null,
       "Nucleotide GTR":0.004458860095914315,
       "Rate Distributions":        [
[10000000000, 1] 
        ],
       "Rate classes":1,
       "Uncorrected P-value":null,
       "original name":"mt873219_SARS2_e_usa_massachusetts_2020_04_14_3"
      },
     "mt873335_SARS2_e_usa_massachusetts_2020_05_02_3":{
       "Baseline MG94xREV":0.004538432533804439,
       "Baseline MG94xREV omega ratio":10000000000,
       "Corrected P-value":null,
       "Full adaptive model":0.004541379727586471,
       "Full adaptive model (non-synonymous subs/site)":0.004541379727586471,
       "Full adaptive model (synonymous subs/site)":1e-10,
       "LRT":null,
       "Nucleotide GTR":0.004461869001115486,
       "Rate Distributions":        [
[10000000000, 1] 
        ],
       "Rate classes":1,
       "Uncorrected P-value":null,
       "original name":"mt873335_SARS2_e_usa_massachusetts_2020_05_02_3"
      },
     "mt873837_SARS2_e_usa_2020_04_11_2":{
       "Baseline MG94xREV":0,
       "Baseline MG94xREV omega ratio":1,
       "Corrected P-value":null,
       "Full adaptive model":0,
       "Full adaptive model (non-synonymous subs/site)":1e-10,
       "Full adaptive model (synonymous subs/site)":1e-10,
       "LRT":null,
       "Nucleotide GTR":0,
       "Rate Distributions":        [
[1, 1] 
        ],
       "Rate classes":1,
       "Uncorrected P-value":null,
       "original name":"mt873837_SARS2_e_usa_2020_04_11_2"
      },
     "mt882312_SARS2_e_usa_2020_04_20_1":{
       "Baseline MG94xREV":0,
       "Baseline MG94xREV omega ratio":1,
       "Corrected P-value":null,
       "Full adaptive model":0,
       "Full adaptive model (non-synonymous subs/site)":1e-10,
       "Full adaptive model (synonymous subs/site)":1e-10,
       "LRT":null,
       "Nucleotide GTR":0,
       "Rate Distributions":        [
[1, 1] 
        ],
       "Rate classes":1,
       "Uncorrected P-value":null,
       "original name":"mt882312_SARS2_e_usa_2020_04_20_1"
      },
     "mt882315_SARS2_e_usa_2020_04_22_1":{
       "Baseline MG94xREV":0,
       "Baseline MG94xREV omega ratio":1,
       "Corrected P-value":null,
       "Full adaptive model":0,
       "Full adaptive model (non-synonymous subs/site)":1e-10,
       "Full adaptive model (synonymous subs/site)":1e-10,
       "LRT":null,
       "Nucleotide GTR":0,
       "Rate Distributions":        [
[1, 1] 
        ],
       "Rate classes":1,
       "Uncorrected P-value":null,
       "original name":"mt882315_SARS2_e_usa_2020_04_22_1"
      },
     "mt882317_SARS2_e_usa_2020_04_22_1":{
       "Baseline MG94xREV":0,
       "Baseline MG94xREV omega ratio":1,
       "Corrected P-value":null,
       "Full adaptive model":0,
       "Full adaptive model (non-synonymous subs/site)":1e-10,
       "Full adaptive model (synonymous subs/site)":1e-10,
       "LRT":null,
       "Nucleotide GTR":0,
       "Rate Distributions":        [
[1, 1] 
        ],
       "Rate classes":1,
       "Uncorrected P-value":null,
       "original name":"mt882317_SARS2_e_usa_2020_04_22_1"
      },
     "mt907517_SARS2_e_venezuela_2020_03_18_1":{
       "Baseline MG94xREV":0.004537285251620703,
       "Baseline MG94xREV omega ratio":10000000000,
       "Corrected P-value":null,
       "Full adaptive model":0.004540029068609902,
       "Full adaptive model (non-synonymous subs/site)":0.004540029068609902,
       "Full adaptive model (synonymous subs/site)":1e-10,
       "LRT":null,
       "Nucleotide GTR":0.004451290269487508,
       "Rate Distributions":        [
[10000000000, 1] 
        ],
       "Rate classes":1,
       "Uncorrected P-value":null,
       "original name":"mt907517_SARS2_e_venezuela_2020_03_18_1"
      },
     "mt913145_SARS2_e_usa_virginia_2020_05_11":{
       "Baseline MG94xREV":0.004277585837508753,
       "Baseline MG94xREV omega ratio":0,
       "Corrected P-value":null,
       "Full adaptive model":0.004261873002663511,
       "Full adaptive model (non-synonymous subs/site)":1e-10,
       "Full adaptive model (synonymous subs/site)":0.004261873002663511,
       "LRT":null,
       "Nucleotide GTR":0.004461869001115486,
       "Rate Distributions":        [
[0, 1] 
        ],
       "Rate classes":1,
       "Uncorrected P-value":null,
       "original name":"mt913145_SARS2_e_usa_virginia_2020_05_11"
      },
     "mt952677_SARS2_e_usa_virginia_2020_06_1":{
       "Baseline MG94xREV":0.004293134372725623,
       "Baseline MG94xREV omega ratio":0,
       "Corrected P-value":null,
       "Full adaptive model":0.004277658702240389,
       "Full adaptive model (non-synonymous subs/site)":1e-10,
       "Full adaptive model (synonymous subs/site)":0.004277658702240389,
       "LRT":null,
       "Nucleotide GTR":0.004458860095914315,
       "Rate Distributions":        [
[0, 1] 
        ],
       "Rate classes":1,
       "Uncorrected P-value":null,
       "original name":"mt952677_SARS2_e_usa_virginia_2020_06_1"
      },
     "mt966117_SARS2_e_usa_fl_2020_04_05_5":{
       "Baseline MG94xREV":0,
       "Baseline MG94xREV omega ratio":1,
       "Corrected P-value":null,
       "Full adaptive model":0,
       "Full adaptive model (non-synonymous subs/site)":1e-10,
       "Full adaptive model (synonymous subs/site)":1e-10,
       "LRT":null,
       "Nucleotide GTR":0,
       "Rate Distributions":        [
[1, 1] 
        ],
       "Rate classes":1,
       "Uncorrected P-value":null,
       "original name":"mt966117_SARS2_e_usa_fl_2020_04_05_5"
      },
     "mt966119_SARS2_e_usa_fl_2020_04_15_40":{
       "Baseline MG94xREV":0.00424777087326948,
       "Baseline MG94xREV omega ratio":0,
       "Corrected P-value":null,
       "Full adaptive model":0.00423208937456664,
       "Full adaptive model (non-synonymous subs/site)":1e-10,
       "Full adaptive model (synonymous subs/site)":0.00423208937456664,
       "LRT":null,
       "Nucleotide GTR":0.004451290324795687,
       "Rate Distributions":        [
[0, 1] 
        ],
       "Rate classes":1,
       "Uncorrected P-value":null,
       "original name":"mt966119_SARS2_e_usa_fl_2020_04_15_40"
      },
     "mt966169_SARS2_e_usa_fl_2020_07_03_13":{
       "Baseline MG94xREV":0.00428077137622363,
       "Baseline MG94xREV omega ratio":0,
       "Corrected P-value":null,
       "Full adaptive model":0.004272767851289094,
       "Full adaptive model (non-synonymous subs/site)":1e-10,
       "Full adaptive model (synonymous subs/site)":0.004272767851289094,
       "LRT":null,
       "Nucleotide GTR":0.004461869105212857,
       "Rate Distributions":        [
[0, 1] 
        ],
       "Rate classes":1,
       "Uncorrected P-value":null,
       "original name":"mt966169_SARS2_e_usa_fl_2020_07_03_13"
      },
     "mt967976_SARS2_e_usa_2020_04_14_4":{
       "Baseline MG94xREV":0.004268459672557918,
       "Baseline MG94xREV omega ratio":0,
       "Corrected P-value":null,
       "Full adaptive model":0.004256914256855674,
       "Full adaptive model (non-synonymous subs/site)":1e-10,
       "Full adaptive model (synonymous subs/site)":0.004256914256855674,
       "LRT":null,
       "Nucleotide GTR":0.004461746033881555,
       "Rate Distributions":        [
[0, 1] 
        ],
       "Rate classes":1,
       "Uncorrected P-value":null,
       "original name":"mt967976_SARS2_e_usa_2020_04_14_4"
      },
     "mt969747_SARS2_e_australia_victoria_2020_07_09_6":{
       "Baseline MG94xREV":0.004538432512306552,
       "Baseline MG94xREV omega ratio":10000000000,
       "Corrected P-value":null,
       "Full adaptive model":0.004541379734628775,
       "Full adaptive model (non-synonymous subs/site)":0.004541379734628775,
       "Full adaptive model (synonymous subs/site)":1e-10,
       "LRT":null,
       "Nucleotide GTR":0.004461869107681923,
       "Rate Distributions":        [
[10000000000, 1] 
        ],
       "Rate classes":1,
       "Uncorrected P-value":null,
       "original name":"mt969747_SARS2_e_australia_victoria_2020_07_09_6"
      },
     "mt970049_SARS2_e_australia_victoria_2020_07_11_2":{
       "Baseline MG94xREV":0,
       "Baseline MG94xREV omega ratio":1,
       "Corrected P-value":null,
       "Full adaptive model":0,
       "Full adaptive model (non-synonymous subs/site)":1e-10,
       "Full adaptive model (synonymous subs/site)":1e-10,
       "LRT":null,
       "Nucleotide GTR":0,
       "Rate Distributions":        [
[1, 1] 
        ],
       "Rate classes":1,
       "Uncorrected P-value":null,
       "original name":"mt970049_SARS2_e_australia_victoria_2020_07_11_2"
      },
     "mt970055_SARS2_e_australia_victoria_2020_07_12_1":{
       "Baseline MG94xREV":0.01336821352369345,
       "Baseline MG94xREV omega ratio":0.9696819318531956,
       "Corrected P-value":null,
       "Full adaptive model":0.01335875022642221,
       "Full adaptive model (non-synonymous subs/site)":0.009102325328791806,
       "Full adaptive model (synonymous subs/site)":0.004256424897630398,
       "LRT":null,
       "Nucleotide GTR":0.01345810183700614,
       "Rate Distributions":        [
[0.9600499661060874, 1] 
        ],
       "Rate classes":1,
       "Uncorrected P-value":null,
       "original name":"mt970055_SARS2_e_australia_victoria_2020_07_12_1"
      },
     "mt970813_SARS2_e_australia_victoria_2020_07_15_9":{
       "Baseline MG94xREV":0.004266901328300436,
       "Baseline MG94xREV omega ratio":0,
       "Corrected P-value":null,
       "Full adaptive model":0.004256626714680994,
       "Full adaptive model (non-synonymous subs/site)":1e-10,
       "Full adaptive model (synonymous subs/site)":0.004256626714680994,
       "LRT":null,
       "Nucleotide GTR":0.00446186910559865,
       "Rate Distributions":        [
[0, 1] 
        ],
       "Rate classes":1,
       "Uncorrected P-value":null,
       "original name":"mt970813_SARS2_e_australia_victoria_2020_07_15_9"
      },
     "mt971780_SARS2_e_australia_victoria_2020_07_24_4":{
       "Baseline MG94xREV":0.004519692753154014,
       "Baseline MG94xREV omega ratio":10000000000,
       "Corrected P-value":null,
       "Full adaptive model":0.004523605466484723,
       "Full adaptive model (non-synonymous subs/site)":0.004523605466484723,
       "Full adaptive model (synonymous subs/site)":1e-10,
       "LRT":null,
       "Nucleotide GTR":0.004474566927664751,
       "Rate Distributions":        [
[10000000000, 1] 
        ],
       "Rate classes":1,
       "Uncorrected P-value":null,
       "original name":"mt971780_SARS2_e_australia_victoria_2020_07_24_4"
      },
     "mt971870_SARS2_e_australia_victoria_2020_07_22_1":{
       "Baseline MG94xREV":0.004277644224416492,
       "Baseline MG94xREV omega ratio":0,
       "Corrected P-value":null,
       "Full adaptive model":0.004261882926842709,
       "Full adaptive model (non-synonymous subs/site)":1e-10,
       "Full adaptive model (synonymous subs/site)":0.004261882926842709,
       "LRT":null,
       "Nucleotide GTR":0.004461869001115486,
       "Rate Distributions":        [
[0, 1] 
        ],
       "Rate classes":1,
       "Uncorrected P-value":null,
       "original name":"mt971870_SARS2_e_australia_victoria_2020_07_22_1"
      },
     "mt972105_SARS2_e_australia_victoria_2020_04_01_1":{
       "Baseline MG94xREV":0.004280771376159454,
       "Baseline MG94xREV omega ratio":0,
       "Corrected P-value":null,
       "Full adaptive model":0.00427276785122515,
       "Full adaptive model (non-synonymous subs/site)":1e-10,
       "Full adaptive model (synonymous subs/site)":0.00427276785122515,
       "LRT":null,
       "Nucleotide GTR":0.004461869105019963,
       "Rate Distributions":        [
[0, 1] 
        ],
       "Rate classes":1,
       "Uncorrected P-value":null,
       "original name":"mt972105_SARS2_e_australia_victoria_2020_04_01_1"
      },
     "mt972876_SARS2_e_australia_victoria_2020_07_14_2":{
       "Baseline MG94xREV":0.004529546385764227,
       "Baseline MG94xREV omega ratio":10000000000,
       "Corrected P-value":null,
       "Full adaptive model":0.004533198536565119,
       "Full adaptive model (non-synonymous subs/site)":0.004533198536565119,
       "Full adaptive model (synonymous subs/site)":1e-10,
       "LRT":null,
       "Nucleotide GTR":0.004451223261268316,
       "Rate Distributions":        [
[10000000000, 1] 
        ],
       "Rate classes":1,
       "Uncorrected P-value":null,
       "original name":"mt972876_SARS2_e_australia_victoria_2020_07_14_2"
      },
     "mt973003_SARS2_e_australia_victoria_2020_07_17_1":{
       "Baseline MG94xREV":0.004274584125455984,
       "Baseline MG94xREV omega ratio":0,
       "Corrected P-value":null,
       "Full adaptive model":0.004258061116675751,
       "Full adaptive model (non-synonymous subs/site)":1e-10,
       "Full adaptive model (synonymous subs/site)":0.004258061116675751,
       "LRT":null,
       "Nucleotide GTR":0.00446186910559865,
       "Rate Distributions":        [
[0, 1] 
        ],
       "Rate classes":1,
       "Uncorrected P-value":null,
       "original name":"mt973003_SARS2_e_australia_victoria_2020_07_17_1"
      },
     "mt973097_SARS2_e_australia_victoria_2020_07_18_1":{
       "Baseline MG94xREV":0.004538820047938602,
       "Baseline MG94xREV omega ratio":10000000000,
       "Corrected P-value":null,
       "Full adaptive model":0.004542407993365974,
       "Full adaptive model (non-synonymous subs/site)":0.004542407993365974,
       "Full adaptive model (synonymous subs/site)":1e-10,
       "LRT":null,
       "Nucleotide GTR":0.004450510527588347,
       "Rate Distributions":        [
[10000000000, 1] 
        ],
       "Rate classes":1,
       "Uncorrected P-value":null,
       "original name":"mt973097_SARS2_e_australia_victoria_2020_07_18_1"
      },
     "mt981435_SARS2_e_usa_ma_worcster_horry__2020_06_19_23":{
       "Baseline MG94xREV":0,
       "Baseline MG94xREV omega ratio":1,
       "Corrected P-value":null,
       "Full adaptive model":0,
       "Full adaptive model (non-synonymous subs/site)":1e-10,
       "Full adaptive model (synonymous subs/site)":1e-10,
       "LRT":null,
       "Nucleotide GTR":0,
       "Rate Distributions":        [
[1, 1] 
        ],
       "Rate classes":1,
       "Uncorrected P-value":null,
       "original name":"mt981435_SARS2_e_usa_ma_worcster_horry__2020_06_19_23"
      },
     "mt981459_SARS2_e_usa_virginia_2020_06_5":{
       "Baseline MG94xREV":0.004543140386210123,
       "Baseline MG94xREV omega ratio":10000000000,
       "Corrected P-value":null,
       "Full adaptive model":0.004546755131603764,
       "Full adaptive model (non-synonymous subs/site)":0.004546755131603764,
       "Full adaptive model (synonymous subs/site)":1e-10,
       "LRT":null,
       "Nucleotide GTR":0.004450510527588347,
       "Rate Distributions":        [
[10000000000, 1] 
        ],
       "Rate classes":1,
       "Uncorrected P-value":null,
       "original name":"mt981459_SARS2_e_usa_virginia_2020_06_5"
      },
     "mt981466_SARS2_e_usa_virginia_2020_06_21":{
       "Baseline MG94xREV":0,
       "Baseline MG94xREV omega ratio":1,
       "Corrected P-value":null,
       "Full adaptive model":0,
       "Full adaptive model (non-synonymous subs/site)":1e-10,
       "Full adaptive model (synonymous subs/site)":1e-10,
       "LRT":null,
       "Nucleotide GTR":0,
       "Rate Distributions":        [
[1, 1] 
        ],
       "Rate classes":1,
       "Uncorrected P-value":null,
       "original name":"mt981466_SARS2_e_usa_virginia_2020_06_21"
      },
     "mt994881_SARS2_e_iran_2020_05_01_1":{
       "Baseline MG94xREV":0.004510670292265396,
       "Baseline MG94xREV omega ratio":10000000000,
       "Corrected P-value":null,
       "Full adaptive model":0.004515614713411603,
       "Full adaptive model (non-synonymous subs/site)":0.004515614713411603,
       "Full adaptive model (synonymous subs/site)":1e-10,
       "LRT":null,
       "Nucleotide GTR":0.004450510527588347,
       "Rate Distributions":        [
[10000000000, 1] 
        ],
       "Rate classes":1,
       "Uncorrected P-value":null,
       "original name":"mt994881_SARS2_e_iran_2020_05_01_1"
      },
     "mt997206_SARS2_e_usa_north_carolina_stanley_county_2020_07_30_7":{
       "Baseline MG94xREV":0.004547496284677914,
       "Baseline MG94xREV omega ratio":10000000000,
       "Corrected P-value":null,
       "Full adaptive model":0.00455111913060914,
       "Full adaptive model (non-synonymous subs/site)":0.00455111913060914,
       "Full adaptive model (synonymous subs/site)":1e-10,
       "LRT":null,
       "Nucleotide GTR":0.004462003456398871,
       "Rate Distributions":        [
[10000000000, 1] 
        ],
       "Rate classes":1,
       "Uncorrected P-value":null,
       "original name":"mt997206_SARS2_e_usa_north_carolina_stanley_county_2020_07_30_7"
      },
     "mt997771_SARS2_e_usa_2020_07_30_13":{
       "Baseline MG94xREV":0.004542035805981184,
       "Baseline MG94xREV omega ratio":10000000000,
       "Corrected P-value":null,
       "Full adaptive model":0.004545723417079822,
       "Full adaptive model (non-synonymous subs/site)":0.004545723417079822,
       "Full adaptive model (synonymous subs/site)":1e-10,
       "LRT":null,
       "Nucleotide GTR":0.004461936500499808,
       "Rate Distributions":        [
[10000000000, 1] 
        ],
       "Rate classes":1,
       "Uncorrected P-value":null,
       "original name":"mt997771_SARS2_e_usa_2020_07_30_13"
      },
     "mw000364_SARS2_e_usa_md_2020_06_03_41":{
       "Baseline MG94xREV":0,
       "Baseline MG94xREV omega ratio":1,
       "Corrected P-value":null,
       "Full adaptive model":0,
       "Full adaptive model (non-synonymous subs/site)":1e-10,
       "Full adaptive model (synonymous subs/site)":1e-10,
       "LRT":null,
       "Nucleotide GTR":0,
       "Rate Distributions":        [
[1, 1] 
        ],
       "Rate classes":1,
       "Uncorrected P-value":null,
       "original name":"mw000364_SARS2_e_usa_md_2020_06_03_41"
      },
     "mw000369_SARS2_e_usa_md_2020_06_04_5":{
       "Baseline MG94xREV":0.00454749630761972,
       "Baseline MG94xREV omega ratio":10000000000,
       "Corrected P-value":null,
       "Full adaptive model":0.004551119122126949,
       "Full adaptive model (non-synonymous subs/site)":0.004551119122126949,
       "Full adaptive model (synonymous subs/site)":1e-10,
       "LRT":null,
       "Nucleotide GTR":0.00446200335187709,
       "Rate Distributions":        [
[10000000000, 1] 
        ],
       "Rate classes":1,
       "Uncorrected P-value":null,
       "original name":"mw000369_SARS2_e_usa_md_2020_06_04_5"
      },
     "mw001262_SARS2_e_usa_pennsylvania_philadelphia_county_2020_05_01_13":{
       "Baseline MG94xREV":0.004538441619843329,
       "Baseline MG94xREV omega ratio":10000000000,
       "Corrected P-value":null,
       "Full adaptive model":0.004541379910267815,
       "Full adaptive model (non-synonymous subs/site)":0.004541379910267815,
       "Full adaptive model (synonymous subs/site)":1e-10,
       "LRT":null,
       "Nucleotide GTR":0.00446200345427702,
       "Rate Distributions":        [
[10000000000, 1] 
        ],
       "Rate classes":1,
       "Uncorrected P-value":null,
       "original name":"mw001262_SARS2_e_usa_pennsylvania_philadelphia_county_2020_05_01_13"
      },
     "mw009107_SARS2_e_usa_2020_07_07_3":{
       "Baseline MG94xREV":0.004235122905664817,
       "Baseline MG94xREV omega ratio":0,
       "Corrected P-value":null,
       "Full adaptive model":0.004218927439974875,
       "Full adaptive model (non-synonymous subs/site)":1e-10,
       "Full adaptive model (synonymous subs/site)":0.004218927439974875,
       "LRT":null,
       "Nucleotide GTR":0.004451290322346551,
       "Rate Distributions":        [
[0, 1] 
        ],
       "Rate classes":1,
       "Uncorrected P-value":null,
       "original name":"mw009107_SARS2_e_usa_2020_07_07_3"
      },
     "mw010028_SARS2_e_egypt_2020_08_01_146":{
       "Baseline MG94xREV":0,
       "Baseline MG94xREV omega ratio":1,
       "Corrected P-value":null,
       "Full adaptive model":0,
       "Full adaptive model (non-synonymous subs/site)":1e-10,
       "Full adaptive model (synonymous subs/site)":1e-10,
       "LRT":null,
       "Nucleotide GTR":0,
       "Rate Distributions":        [
[1, 1] 
        ],
       "Rate classes":1,
       "Uncorrected P-value":null,
       "original name":"mw010028_SARS2_e_egypt_2020_08_01_146"
      },
     "mw010237_SARS2_e_usa_tx_2020_05_07_160":{
       "Baseline MG94xREV":0.004277573849780348,
       "Baseline MG94xREV omega ratio":0,
       "Corrected P-value":null,
       "Full adaptive model":0.004261870967964898,
       "Full adaptive model (non-synonymous subs/site)":1e-10,
       "Full adaptive model (synonymous subs/site)":0.004261870967964898,
       "LRT":null,
       "Nucleotide GTR":0.0044620034543156,
       "Rate Distributions":        [
[0, 1] 
        ],
       "Rate classes":1,
       "Uncorrected P-value":null,
       "original name":"mw010237_SARS2_e_usa_tx_2020_05_07_160"
      },
     "nc_045512_SARS2_e_china_dec_2019_30094":{
       "Baseline MG94xREV":0,
       "Baseline MG94xREV omega ratio":1,
       "Corrected P-value":null,
       "Full adaptive model":0,
       "Full adaptive model (non-synonymous subs/site)":1e-10,
       "Full adaptive model (synonymous subs/site)":1e-10,
       "LRT":null,
       "Nucleotide GTR":0,
       "Rate Distributions":        [
[1, 1] 
        ],
       "Rate classes":1,
       "Uncorrected P-value":null,
       "original name":"nc_045512_SARS2_e_china_dec_2019_30094"
      }
    },
   "attributes":{
     "Baseline MG94xREV":{
       "attribute type":"branch length",
       "display order":1
      },
     "Baseline MG94xREV omega ratio":{
       "attribute type":"branch label",
       "display order":1
      },
     "Corrected P-value":{
       "attribute type":"branch label",
       "display order":6
      },
     "Full adaptive model":{
       "attribute type":"branch length",
       "display order":2
      },
     "Full adaptive model (non-synonymous subs/site)":{
       "attribute type":"branch label",
       "display order":10
      },
     "Full adaptive model (synonymous subs/site)":{
       "attribute type":"branch label",
       "display order":9
      },
     "LRT":{
       "attribute type":"branch label",
       "display order":4
      },
     "Nucleotide GTR":{
       "attribute type":"branch length",
       "display order":0
      },
     "Rate Distributions":{
       "attribute type":"branch label",
       "display order":3
      },
     "Rate classes":{
       "attribute type":"branch label",
       "display order":2
      },
     "Uncorrected P-value":{
       "attribute type":"branch label",
       "display order":5
      },
     "original name":{
       "attribute type":"node label",
       "display order":-1
      }
    }
  },
 "data partitions":{
   "0":{
     "coverage":      [
[0, 1, 2, 3, 4, 5, 6, 7, 8, 9, 10, 11, 12, 13, 14, 15, 16, 17, 18, 19, 20, 21, 22, 23, 24, 25, 26, 27, 28, 29, 30, 31, 32, 33, 34, 35, 36, 37, 38, 39, 40, 41, 42, 43, 44, 45, 46, 47, 48, 49, 50, 51, 52, 53, 54, 55, 56, 57, 58, 59, 60, 61, 62, 63, 64, 65, 66, 67, 68, 69, 70, 71, 72, 73, 74, 75] 
      ],
     "name":"absrel.filter.default"
    }
  },
 "fits":{
   "Baseline MG94xREV":{
     "AIC-c":1863.896800921839,
     "Equilibrium frequencies":      [
[0.01062084484440478],
      [0.008869817273707909],
      [0.008085391394922738],
      [0.02161253430142622],
      [0.0106598826605852],
      [0.008902419039514454],
      [0.008115109936869806],
      [0.02169197300461908],
      [0.006457457888638909],
      [0.005392835726723275],
      [0.004915905957649175],
      [0.01314038875087674],
      [0.02419413153521064],
      [0.02020531595717885],
      [0.01841840510696059],
      [0.04923304175500008],
      [0.00879204328061237],
      [0.007342524865396767],
      [0.006693169152386337],
      [0.01789107549970126],
      [0.008824359181509808],
      [0.007369512938397996],
      [0.006717770463380251],
      [0.01795683566538104],
      [0.00534554925445075],
      [0.004464244211190235],
      [0.00406943690226688],
      [0.01087774732747778],
      [0.02002814792143984],
      [0.01672616585558641],
      [0.01524694289697296],
      [0.04075561222177098],
      [0.01227400621164089],
      [0.01025042677004777],
      [0.009343903018893148],
      [0.02497657993796575],
      [0.01231912036266249],
      [0.01028810308317372],
      [0.009378247327072303],
      [0.02506838347626407],
      [0.007462577544225989],
      [0.006232244249668255],
      [0.005681079155564104],
      [0.01518572350076319],
      [0.02796000931177096],
      [0.02335032449864196],
      [0.02128527645429718],
      [0.05689628924738448],
      [0.0116326532632165],
      [0.02834456561051174],
      [0.01398030139636954],
      [0.01167541006707088],
      [0.01064286412847673],
      [0.0284487484658521],
      [0.007072635904283214],
      [0.006447148539285259],
      [0.01723345378668884],
      [0.03173029775799476],
      [0.02649901653558428],
      [0.02415550553739447],
      [0.06456851208502536] 
      ],
     "Log Likelihood":-688.7425374542363,
     "Rate Distributions":{
       "Per-branch omega":{
         "2.5%":0,
         "97.5%":10000000000,
         "Mean":2000000000.489212,
         "Median":0.9696819318531956
        }
      },
     "display order":1,
     "estimated parameters":236
    },
   "Full adaptive model":{
     "AIC-c":1863.896800921839,
     "Log Likelihood":-688.6532393809665,
     "Rate Distributions":{
      },
     "display order":2,
     "estimated parameters":236
    },
   "Nucleotide GTR":{
     "AIC-c":1863.896800921839,
     "Equilibrium frequencies":      [
[0.2092953651445185],
      [0.1990978279459552],
      [0.1856721395587481],
      [0.4059346673507782] 
      ],
     "Log Likelihood":-734.8294145001377,
     "Rate Distributions":{
       "Substitution rate from nucleotide A to nucleotide C":0.1843235694452975,
       "Substitution rate from nucleotide A to nucleotide G":1,
       "Substitution rate from nucleotide A to nucleotide T":0.08962468648754045,
       "Substitution rate from nucleotide C to nucleotide G":0.1019394060998974,
       "Substitution rate from nucleotide C to nucleotide T":1.720123102292215,
       "Substitution rate from nucleotide G to nucleotide T":0.6650148092446097
      },
     "display order":0,
     "estimated parameters":213
    }
  },
 "input":{
   "file name":"/data/shares/veg/SARS-CoV-2/coronavirus-comparative-data/data/catted/SARS2_E.catted.qa.fasta_protein.aligned.compressed.codon.fas",
   "number of sequences":104,
   "number of sites":76,
   "partition count":1,
   "trees":{
     "0":"((mt263389_SARS2_e_usa_wa_2020_03_16_1,mt039890_SARS2_e_south_korea_jan_2020_2)Node22,mt612257_SARS2_e_australia_victoria_2020_05_10_1,mw010237_SARS2_e_usa_tx_2020_05_07_160,mt873837_SARS2_e_usa_2020_04_11_2,mt451283_SARS2_e_australia_victoria_2020_03_24_2,mt642069_SARS2_e_usa_washington_yakima_county_2020_05_04_2,mt628094_SARS2_e_usa_ca_2020_03_22_1,mt451205_SARS2_e_australia_victoria_2020_03_24_4,(mt872498_SARS2_e_sierra_leone_freetown_2020_04_14_1,mw000364_SARS2_e_usa_md_2020_06_03_41)Node203,mt612280_SARS2_e_timor_leste_2020_35,mt882312_SARS2_e_usa_2020_04_20_1,mt772437_SARS2_e_usa_wisconsin_dane_county_2020_06_26_2,mt873076_SARS2_e_usa_massachusetts_2020_05_06_2,mt981459_SARS2_e_usa_virginia_2020_06_5,mt835383_SARS2_e_brazil_2020_07_20_2,mt509699_SARS2_e_usa_michigan_2020_03_30_1,mt972105_SARS2_e_australia_victoria_2020_04_01_1,mt598173_SARS2_e_usa_san_diego_california_2020_03_24_2,mt451450_SARS2_e_australia_victoria_2020_03_28_1,mt658505_SARS2_e_egypt_2020_06_02_2,mt971870_SARS2_e_australia_victoria_2020_07_22_1,mt913145_SARS2_e_usa_virginia_2020_05_11,(mt585052_SARS2_e_usa_michigan_2020_04_30_3,mt568638_SARS2_e_china_guangzhou_2020_02_25_2,mt981466_SARS2_e_usa_virginia_2020_06_21)Node160,mt873335_SARS2_e_usa_massachusetts_2020_05_02_3,mt810623_SARS2_e_usa_san_diego_california_2020_04_27_4,(mt628088_SARS2_e_usa_ca_2020_05_06_4,mt981435_SARS2_e_usa_ma_worcster_horry__2020_06_19_23,mt533224_SARS2_e_usa_ca_2020_04_30_1)Node168,mt451579_SARS2_e_australia_victoria_2020_04_03_2,mt967976_SARS2_e_usa_2020_04_14_4,mt632864_SARS2_e_usa_washington_2020_03_23_4,(mt396242_SARS2_e_india_2020_04_08_2,mt970055_SARS2_e_australia_victoria_2020_07_12_1)Node180,mt451306_SARS2_e_australia_victoria_2020_03_25_2,mt997206_SARS2_e_usa_north_carolina_stanley_county_2020_07_30_7,mt451333_SARS2_e_australia_victoria_2020_03_26_2,mt811695_SARS2_e_usa_new_orleans_louisiana_2020_04_02_2,mt825091_SARS2_e_iran_2020_05_01_1,mt882317_SARS2_e_usa_2020_04_22_1,mt451200_SARS2_e_australia_victoria_2020_03_23_1,mw009107_SARS2_e_usa_2020_07_07_3,mt612146_SARS2_e_australia_victoria_2020_04_25_11,mt632491_SARS2_e_usa_washington_king_county_2020_03_18_2,mt966117_SARS2_e_usa_fl_2020_04_05_5,mt612172_SARS2_e_australia_victoria_2020_05_03_1,mw001262_SARS2_e_usa_pennsylvania_philadelphia_county_2020_05_01_13,mt970049_SARS2_e_australia_victoria_2020_07_11_2,(mt831551_SARS2_e_usa_washington_yakima_county_2020_06_14_2,mt612204_SARS2_e_australia_victoria_2020_05_10_1)Node40,mt612235_SARS2_e_australia_victoria_2020_05_02_1,mt630422_SARS2_e_saudi_arabia_jeddah_2020_03_15_2,mt612224_SARS2_e_australia_victoria_2020_05_14_1,mt459833_SARS2_e_greece_athens_2020_03_20_2,lc549340_SARS2_e_japan_tokyo_2020_03_2,mt451773_SARS2_e_australia_victoria_2020_04_09_1,mt970813_SARS2_e_australia_victoria_2020_07_15_9,mt451413_SARS2_e_australia_victoria_2020_03_26_2,mt627619_SARS2_e_usa_washington_king_county_2020_03_13_2,mt969747_SARS2_e_australia_victoria_2020_07_09_6,mt997771_SARS2_e_usa_2020_07_30_13,mt534321_SARS2_e_usa_ca_2020_04_12_2,mt451688_SARS2_e_australia_victoria_2020_03_31_2,mt846585_SARS2_e_usa_wisconsin_dane_county_2020_07_12_3,(mw010028_SARS2_e_egypt_2020_08_01_146,mt972876_SARS2_e_australia_victoria_2020_07_14_2)Node127,mt451330_SARS2_e_australia_victoria_2020_03_27_1,mt821604_SARS2_e_usa_washington_spokane_county_2020_05_19_4,mt450923_SARS2_e_australia_victoria_2020_03_06_2,mt952677_SARS2_e_usa_virginia_2020_06_1,mt641773_SARS2_e_timor_leste_2020_04_12_4,mt750428_SARS2_e_usa_ca_2020_05_07_4,mt966169_SARS2_e_usa_fl_2020_07_03_13,mt907517_SARS2_e_venezuela_2020_03_18_1,mt612286_SARS2_e_timor_leste_2020_04_12_2,mt873219_SARS2_e_usa_massachusetts_2020_04_14_3,mt612218_SARS2_e_australia_victoria_2020_05_07_1,mt627612_SARS2_e_usa_washington_king_county_2020_03_05_4,mt451643_SARS2_e_australia_victoria_2020_03_26_8,mt612148_SARS2_e_australia_victoria_2020_04_27_4,mt834233_SARS2_e_usa_washington_yakima_county_2020_05_27_11,mt791890_SARS2_e_usa_fl_2020_03_19_3,mt451750_SARS2_e_australia_victoria_2020_04_07_2,mt966119_SARS2_e_usa_fl_2020_04_15_40,mt811741_SARS2_e_usa_new_orleans_louisiana_2020_04_04_6,mt882315_SARS2_e_usa_2020_04_22_1,mw000369_SARS2_e_usa_md_2020_06_04_5,mt451307_SARS2_e_australia_victoria_2020_03_25_2,mt994881_SARS2_e_iran_2020_05_01_1,mt973097_SARS2_e_australia_victoria_2020_07_18_1,mt451336_SARS2_e_australia_victoria_2020_03_28_2,mt451417_SARS2_e_australia_victoria_2020_03_27_2,mt973003_SARS2_e_australia_victoria_2020_07_17_1,mt844027_SARS2_e_belize_2020_04_09_1,nc_045512_SARS2_e_china_dec_2019_30094,mt971780_SARS2_e_australia_victoria_2020_07_24_4,mt833977_SARS2_e_usa_washington_yakima_county_2020_05_27_1,mt811521_SARS2_e_usa_san_diego_california_2020_06_15_2,mt451294_SARS2_e_australia_victoria_2020_03_25_1,mt350246_SARS2_e_usa_va_2020_04_2,mt612112_SARS2_e_australia_victoria_2020_04_14_2)"
    }
  },
 "test results":{
   "P-value threshold":0.05,
   "positive test results":0,
   "tested":7
  },
 "tested":{
   "0":{
     "Node127":"test",
     "Node160":"test",
     "Node168":"test",
     "Node180":"test",
     "Node203":"test",
     "Node22":"test",
     "Node40":"test",
     "lc549340_SARS2_e_japan_tokyo_2020_03_2":"background",
     "mt039890_SARS2_e_south_korea_jan_2020_2":"background",
     "mt263389_SARS2_e_usa_wa_2020_03_16_1":"background",
     "mt350246_SARS2_e_usa_va_2020_04_2":"background",
     "mt396242_SARS2_e_india_2020_04_08_2":"background",
     "mt450923_SARS2_e_australia_victoria_2020_03_06_2":"background",
     "mt451200_SARS2_e_australia_victoria_2020_03_23_1":"background",
     "mt451205_SARS2_e_australia_victoria_2020_03_24_4":"background",
     "mt451283_SARS2_e_australia_victoria_2020_03_24_2":"background",
     "mt451294_SARS2_e_australia_victoria_2020_03_25_1":"background",
     "mt451306_SARS2_e_australia_victoria_2020_03_25_2":"background",
     "mt451307_SARS2_e_australia_victoria_2020_03_25_2":"background",
     "mt451330_SARS2_e_australia_victoria_2020_03_27_1":"background",
     "mt451333_SARS2_e_australia_victoria_2020_03_26_2":"background",
     "mt451336_SARS2_e_australia_victoria_2020_03_28_2":"background",
     "mt451413_SARS2_e_australia_victoria_2020_03_26_2":"background",
     "mt451417_SARS2_e_australia_victoria_2020_03_27_2":"background",
     "mt451450_SARS2_e_australia_victoria_2020_03_28_1":"background",
     "mt451579_SARS2_e_australia_victoria_2020_04_03_2":"background",
     "mt451643_SARS2_e_australia_victoria_2020_03_26_8":"background",
     "mt451688_SARS2_e_australia_victoria_2020_03_31_2":"background",
     "mt451750_SARS2_e_australia_victoria_2020_04_07_2":"background",
     "mt451773_SARS2_e_australia_victoria_2020_04_09_1":"background",
     "mt459833_SARS2_e_greece_athens_2020_03_20_2":"background",
     "mt509699_SARS2_e_usa_michigan_2020_03_30_1":"background",
     "mt533224_SARS2_e_usa_ca_2020_04_30_1":"background",
     "mt534321_SARS2_e_usa_ca_2020_04_12_2":"background",
     "mt568638_SARS2_e_china_guangzhou_2020_02_25_2":"background",
     "mt585052_SARS2_e_usa_michigan_2020_04_30_3":"background",
     "mt598173_SARS2_e_usa_san_diego_california_2020_03_24_2":"background",
     "mt612112_SARS2_e_australia_victoria_2020_04_14_2":"background",
     "mt612146_SARS2_e_australia_victoria_2020_04_25_11":"background",
     "mt612148_SARS2_e_australia_victoria_2020_04_27_4":"background",
     "mt612172_SARS2_e_australia_victoria_2020_05_03_1":"background",
     "mt612204_SARS2_e_australia_victoria_2020_05_10_1":"background",
     "mt612218_SARS2_e_australia_victoria_2020_05_07_1":"background",
     "mt612224_SARS2_e_australia_victoria_2020_05_14_1":"background",
     "mt612235_SARS2_e_australia_victoria_2020_05_02_1":"background",
     "mt612257_SARS2_e_australia_victoria_2020_05_10_1":"background",
     "mt612280_SARS2_e_timor_leste_2020_35":"background",
     "mt612286_SARS2_e_timor_leste_2020_04_12_2":"background",
     "mt627612_SARS2_e_usa_washington_king_county_2020_03_05_4":"background",
     "mt627619_SARS2_e_usa_washington_king_county_2020_03_13_2":"background",
     "mt628088_SARS2_e_usa_ca_2020_05_06_4":"background",
     "mt628094_SARS2_e_usa_ca_2020_03_22_1":"background",
     "mt630422_SARS2_e_saudi_arabia_jeddah_2020_03_15_2":"background",
     "mt632491_SARS2_e_usa_washington_king_county_2020_03_18_2":"background",
     "mt632864_SARS2_e_usa_washington_2020_03_23_4":"background",
     "mt641773_SARS2_e_timor_leste_2020_04_12_4":"background",
     "mt642069_SARS2_e_usa_washington_yakima_county_2020_05_04_2":"background",
     "mt658505_SARS2_e_egypt_2020_06_02_2":"background",
     "mt750428_SARS2_e_usa_ca_2020_05_07_4":"background",
     "mt772437_SARS2_e_usa_wisconsin_dane_county_2020_06_26_2":"background",
     "mt791890_SARS2_e_usa_fl_2020_03_19_3":"background",
     "mt810623_SARS2_e_usa_san_diego_california_2020_04_27_4":"background",
     "mt811521_SARS2_e_usa_san_diego_california_2020_06_15_2":"background",
     "mt811695_SARS2_e_usa_new_orleans_louisiana_2020_04_02_2":"background",
     "mt811741_SARS2_e_usa_new_orleans_louisiana_2020_04_04_6":"background",
     "mt821604_SARS2_e_usa_washington_spokane_county_2020_05_19_4":"background",
     "mt825091_SARS2_e_iran_2020_05_01_1":"background",
     "mt831551_SARS2_e_usa_washington_yakima_county_2020_06_14_2":"background",
     "mt833977_SARS2_e_usa_washington_yakima_county_2020_05_27_1":"background",
     "mt834233_SARS2_e_usa_washington_yakima_county_2020_05_27_11":"background",
     "mt835383_SARS2_e_brazil_2020_07_20_2":"background",
     "mt844027_SARS2_e_belize_2020_04_09_1":"background",
     "mt846585_SARS2_e_usa_wisconsin_dane_county_2020_07_12_3":"background",
     "mt872498_SARS2_e_sierra_leone_freetown_2020_04_14_1":"background",
     "mt873076_SARS2_e_usa_massachusetts_2020_05_06_2":"background",
     "mt873219_SARS2_e_usa_massachusetts_2020_04_14_3":"background",
     "mt873335_SARS2_e_usa_massachusetts_2020_05_02_3":"background",
     "mt873837_SARS2_e_usa_2020_04_11_2":"background",
     "mt882312_SARS2_e_usa_2020_04_20_1":"background",
     "mt882315_SARS2_e_usa_2020_04_22_1":"background",
     "mt882317_SARS2_e_usa_2020_04_22_1":"background",
     "mt907517_SARS2_e_venezuela_2020_03_18_1":"background",
     "mt913145_SARS2_e_usa_virginia_2020_05_11":"background",
     "mt952677_SARS2_e_usa_virginia_2020_06_1":"background",
     "mt966117_SARS2_e_usa_fl_2020_04_05_5":"background",
     "mt966119_SARS2_e_usa_fl_2020_04_15_40":"background",
     "mt966169_SARS2_e_usa_fl_2020_07_03_13":"background",
     "mt967976_SARS2_e_usa_2020_04_14_4":"background",
     "mt969747_SARS2_e_australia_victoria_2020_07_09_6":"background",
     "mt970049_SARS2_e_australia_victoria_2020_07_11_2":"background",
     "mt970055_SARS2_e_australia_victoria_2020_07_12_1":"background",
     "mt970813_SARS2_e_australia_victoria_2020_07_15_9":"background",
     "mt971780_SARS2_e_australia_victoria_2020_07_24_4":"background",
     "mt971870_SARS2_e_australia_victoria_2020_07_22_1":"background",
     "mt972105_SARS2_e_australia_victoria_2020_04_01_1":"background",
     "mt972876_SARS2_e_australia_victoria_2020_07_14_2":"background",
     "mt973003_SARS2_e_australia_victoria_2020_07_17_1":"background",
     "mt973097_SARS2_e_australia_victoria_2020_07_18_1":"background",
     "mt981435_SARS2_e_usa_ma_worcster_horry__2020_06_19_23":"background",
     "mt981459_SARS2_e_usa_virginia_2020_06_5":"background",
     "mt981466_SARS2_e_usa_virginia_2020_06_21":"background",
     "mt994881_SARS2_e_iran_2020_05_01_1":"background",
     "mt997206_SARS2_e_usa_north_carolina_stanley_county_2020_07_30_7":"background",
     "mt997771_SARS2_e_usa_2020_07_30_13":"background",
     "mw000364_SARS2_e_usa_md_2020_06_03_41":"background",
     "mw000369_SARS2_e_usa_md_2020_06_04_5":"background",
     "mw001262_SARS2_e_usa_pennsylvania_philadelphia_county_2020_05_01_13":"background",
     "mw009107_SARS2_e_usa_2020_07_07_3":"background",
     "mw010028_SARS2_e_egypt_2020_08_01_146":"background",
     "mw010237_SARS2_e_usa_tx_2020_05_07_160":"background",
     "nc_045512_SARS2_e_china_dec_2019_30094":"background"
    }
  },
 "timers":{
   "Baseline model fitting":{
     "order":2,
     "timer":11
    },
   "Complexity analysis":{
     "order":3,
     "timer":309
    },
   "Full adaptive model fitting":{
     "order":4,
     "timer":26
    },
   "Overall":{
     "order":0,
     "timer":499
    },
   "Preliminary model fitting":{
     "order":1,
     "timer":1
    },
   "Testing for selection":{
     "order":5,
     "timer":151
    }
  }
}