{
 "analysis":{
   "authors":"Sergei L Kosakovsky Pond, Ben Murrell, Steven Weaver and Temple iGEM / UCSD viral evolution group",
   "citation":"Less Is More: An Adaptive Branch-Site Random Effects Model for Efficient Detection of Episodic Diversifying Selection (2015). Mol Biol Evol 32 (5): 1342-1353. v2.2 adds support for multiple-hit models",
   "contact":"spond@temple.edu",
   "info":"aBSREL (Adaptive branch-site random effects likelihood)\n                            uses an adaptive random effects branch-site model framework\n                            to test whether each branch has evolved under positive selection,\n                            using a procedure which infers an optimal number of rate categories per branch.",
   "requirements":"in-frame codon alignment and a phylogenetic tree",
   "version":"2.2"
  },
 "branch attributes":{
   "0":{
     "SARS_coronavirus_lcl_NC_004718_3_cds_YP_009825054_1_5_gene_E_locus_tag_sars4_db_xref_GeneID_1489671_protein_small_envelope_E_protein_protein_id_YP_009825054_1_location_26117_26347_gbkey_CDS__50":{
       "Baseline MG94xREV":0,
       "Baseline MG94xREV omega ratio":1,
       "Corrected P-value":null,
       "Full adaptive model":0,
       "Full adaptive model (non-synonymous subs/site)":1e-10,
       "Full adaptive model (synonymous subs/site)":1e-10,
       "LRT":null,
       "Nucleotide GTR":0,
       "Rate Distributions":        [
[1, 1] 
        ],
       "Rate classes":1,
       "Uncorrected P-value":null,
       "original name":"SARS_coronavirus_lcl_NC_004718_3_cds_YP_009825054_1_5_gene_E_locus_tag_sars4_db_xref_GeneID_1489671_protein_small_envelope_E_protein_protein_id_YP_009825054_1_location_26117_26347_gbkey_CDS__50"
      },
     "gb_AY278489_Organism_SARS_coronavirus_GD01_Strain_Name_GD01_Segment_null_Host_Human_1":{
       "Baseline MG94xREV":0.004418951872473586,
       "Baseline MG94xREV omega ratio":10000000000,
       "Corrected P-value":null,
       "Full adaptive model":0.004418507562426325,
       "Full adaptive model (non-synonymous subs/site)":0.004418507562426325,
       "Full adaptive model (synonymous subs/site)":1e-10,
       "LRT":null,
       "Nucleotide GTR":0.004400351070815982,
       "Rate Distributions":        [
[10000000000, 1] 
        ],
       "Rate classes":1,
       "Uncorrected P-value":null,
       "original name":"gb_AY278489_Organism_SARS_coronavirus_GD01_Strain_Name_GD01_Segment_null_Host_Human_1"
      },
     "gb_AY502923_Organism_SARS_coronavirus_TW10_Strain_Name_TW10_Segment_null_Host_Human_3":{
       "Baseline MG94xREV":0.004307404477499519,
       "Baseline MG94xREV omega ratio":0,
       "Corrected P-value":null,
       "Full adaptive model":0.004312266960586029,
       "Full adaptive model (non-synonymous subs/site)":1e-10,
       "Full adaptive model (synonymous subs/site)":0.004312266960586029,
       "LRT":null,
       "Nucleotide GTR":0.004406732357022387,
       "Rate Distributions":        [
[0, 1] 
        ],
       "Rate classes":1,
       "Uncorrected P-value":null,
       "original name":"gb_AY502923_Organism_SARS_coronavirus_TW10_Strain_Name_TW10_Segment_null_Host_Human_3"
      },
     "gb_AY559085_Organism_SARS_coronavirus_Sin848_Strain_Name_Sin848_Segment_null_Host_Human_1":{
       "Baseline MG94xREV":0.004447196538408788,
       "Baseline MG94xREV omega ratio":10000000000,
       "Corrected P-value":null,
       "Full adaptive model":0.004447438095116327,
       "Full adaptive model (non-synonymous subs/site)":0.004447438095116327,
       "Full adaptive model (synonymous subs/site)":1e-10,
       "LRT":null,
       "Nucleotide GTR":0.004406732357125385,
       "Rate Distributions":        [
[10000000000, 1] 
        ],
       "Rate classes":1,
       "Uncorrected P-value":null,
       "original name":"gb_AY559085_Organism_SARS_coronavirus_Sin848_Strain_Name_Sin848_Segment_null_Host_Human_1"
      }
    },
   "attributes":{
     "Baseline MG94xREV":{
       "attribute type":"branch length",
       "display order":1
      },
     "Baseline MG94xREV omega ratio":{
       "attribute type":"branch label",
       "display order":1
      },
     "Corrected P-value":{
       "attribute type":"branch label",
       "display order":6
      },
     "Full adaptive model":{
       "attribute type":"branch length",
       "display order":2
      },
     "Full adaptive model (non-synonymous subs/site)":{
       "attribute type":"branch label",
       "display order":10
      },
     "Full adaptive model (synonymous subs/site)":{
       "attribute type":"branch label",
       "display order":9
      },
     "LRT":{
       "attribute type":"branch label",
       "display order":4
      },
     "Nucleotide GTR":{
       "attribute type":"branch length",
       "display order":0
      },
     "Rate Distributions":{
       "attribute type":"branch label",
       "display order":3
      },
     "Rate classes":{
       "attribute type":"branch label",
       "display order":2
      },
     "Uncorrected P-value":{
       "attribute type":"branch label",
       "display order":5
      },
     "original name":{
       "attribute type":"node label",
       "display order":-1
      }
    }
  },
 "data partitions":{
   "0":{
     "coverage":      [
[0, 1, 2, 3, 4, 5, 6, 7, 8, 9, 10, 11, 12, 13, 14, 15, 16, 17, 18, 19, 20, 21, 22, 23, 24, 25, 26, 27, 28, 29, 30, 31, 32, 33, 34, 35, 36, 37, 38, 39, 40, 41, 42, 43, 44, 45, 46, 47, 48, 49, 50, 51, 52, 53, 54, 55, 56, 57, 58, 59, 60, 61, 62, 63, 64, 65, 66, 67, 68, 69, 70, 71, 72, 73, 74, 75, 76] 
      ],
     "name":"absrel.filter.default"
    }
  },
 "fits":{
   "Baseline MG94xREV":{
     "AIC-c":679.2566154302547,
     "Equilibrium frequencies":      [
[0.0139775756782359],
      [0.01109326491918114],
      [0.009195687023030745],
      [0.01804107052313458],
      [0.012800392051746],
      [0.01015899633585961],
      [0.008421231391594404],
      [0.01652166162755248],
      [0.007934687979389503],
      [0.006297343533146871],
      [0.005220140385108538],
      [0.01024142302717986],
      [0.02945990179011857],
      [0.02338077092722921],
      [0.01938133212993229],
      [0.03802434542548845],
      [0.01071708159816016],
      [0.008505582660803484],
      [0.007050645293977116],
      [0.01383270098946068],
      [0.009814494964288137],
      [0.007789247233792013],
      [0.006456843880389958],
      [0.01266771862844377],
      [0.006083794535519213],
      [0.00482838698569643],
      [0.004002458777466631],
      [0.007852446575157117],
      [0.02258790641714004],
      [0.01792683049072432],
      [0.01486032504484659],
      [0.02915455598470558],
      [0.01819206476925193],
      [0.01443808272320395],
      [0.01196835114842019],
      [0.02348077599569316],
      [0.01665993922249116],
      [0.01322211545027214],
      [0.01096038329102276],
      [0.02150323813965089],
      [0.01032713833698782],
      [0.008196105252187506],
      [0.006794106086533289],
      [0.01332939526343373],
      [0.03834258914413389],
      [0.03043049158556789],
      [0.02522515045088357],
      [0.0494893657321409],
      [0.01396515451719254],
      [0.02271164885601054],
      [0.01611423275163896],
      [0.0127890169939568],
      [0.01060136925111217],
      [0.02079888645862905],
      [0.007927636825492029],
      [0.006571560997648915],
      [0.01289278279140366],
      [0.03708665424990968],
      [0.02943372227280597],
      [0.02439888526195156],
      [0.04786831137187403] 
      ],
     "Log Likelihood":-315.8546911056133,
     "Rate Distributions":{
       "Per-branch omega":{
         "2.5%":0,
         "97.5%":10000000000,
         "Mean":3333333333.666667,
         "Median":1
        }
      },
     "display order":1,
     "estimated parameters":22
    },
   "Full adaptive model":{
     "AIC-c":679.2566154302547,
     "Log Likelihood":-315.8528691186361,
     "Rate Distributions":{
      },
     "display order":2,
     "estimated parameters":22
    },
   "Nucleotide GTR":{
     "AIC-c":679.2566154302547,
     "Equilibrium frequencies":      [
[0.2291666666666667],
      [0.2039473684210526],
      [0.2006578947368421],
      [0.3662280701754386] 
      ],
     "Log Likelihood":-327.078866440634,
     "Rate Distributions":{
       "Substitution rate from nucleotide A to nucleotide C":0,
       "Substitution rate from nucleotide A to nucleotide G":1,
       "Substitution rate from nucleotide A to nucleotide T":0,
       "Substitution rate from nucleotide C to nucleotide G":0,
       "Substitution rate from nucleotide C to nucleotide T":1.234716426306074,
       "Substitution rate from nucleotide G to nucleotide T":0
      },
     "display order":0,
     "estimated parameters":13
    }
  },
 "input":{
   "file name":"/data/shares/veg/SARS-CoV-2/coronavirus-comparative-data/data/catted/SARS_E.catted.qa.fasta_protein.aligned.compressed.codon.fas",
   "number of sequences":4,
   "number of sites":77,
   "partition count":1,
   "trees":{
     "0":"(gb_AY502923_Organism_SARS_coronavirus_TW10_Strain_Name_TW10_Segment_null_Host_Human_3,gb_AY559085_Organism_SARS_coronavirus_Sin848_Strain_Name_Sin848_Segment_null_Host_Human_1,SARS_coronavirus_lcl_NC_004718_3_cds_YP_009825054_1_5_gene_E_locus_tag_sars4_db_xref_GeneID_1489671_protein_small_envelope_E_protein_protein_id_YP_009825054_1_location_26117_26347_gbkey_CDS__50,gb_AY278489_Organism_SARS_coronavirus_GD01_Strain_Name_GD01_Segment_null_Host_Human_1)"
    }
  },
 "test results":{
   "P-value threshold":0.05,
   "positive test results":0,
   "tested":0
  },
 "tested":{
   "0":{
     "SARS_coronavirus_lcl_NC_004718_3_cds_YP_009825054_1_5_gene_E_locus_tag_sars4_db_xref_GeneID_1489671_protein_small_envelope_E_protein_protein_id_YP_009825054_1_location_26117_26347_gbkey_CDS__50":"background",
     "gb_AY278489_Organism_SARS_coronavirus_GD01_Strain_Name_GD01_Segment_null_Host_Human_1":"background",
     "gb_AY502923_Organism_SARS_coronavirus_TW10_Strain_Name_TW10_Segment_null_Host_Human_3":"background",
     "gb_AY559085_Organism_SARS_coronavirus_Sin848_Strain_Name_Sin848_Segment_null_Host_Human_1":"background"
    }
  },
 "timers":{
   "Baseline model fitting":{
     "order":2,
     "timer":0
    },
   "Complexity analysis":{
     "order":3,
     "timer":7
    },
   "Full adaptive model fitting":{
     "order":4,
     "timer":1
    },
   "Overall":{
     "order":0,
     "timer":8
    },
   "Preliminary model fitting":{
     "order":1,
     "timer":0
    },
   "Testing for selection":{
     "order":5,
     "timer":0
    }
  }
}