{
 "analysis":{
   "authors":"Sergei L Kosakovsky Pond, Ben Murrell, Steven Weaver and Temple iGEM / UCSD viral evolution group",
   "citation":"Less Is More: An Adaptive Branch-Site Random Effects Model for Efficient Detection of Episodic Diversifying Selection (2015). Mol Biol Evol 32 (5): 1342-1353. v2.2 adds support for multiple-hit models",
   "contact":"spond@temple.edu",
   "info":"aBSREL (Adaptive branch-site random effects likelihood)\n                            uses an adaptive random effects branch-site model framework\n                            to test whether each branch has evolved under positive selection,\n                            using a procedure which infers an optimal number of rate categories per branch.",
   "requirements":"in-frame codon alignment and a phylogenetic tree",
   "version":"2.2"
  },
 "branch attributes":{
   "0":{
     "Node11":{
       "Baseline MG94xREV":0.0008007003966582585,
       "Baseline MG94xREV omega ratio":0,
       "Corrected P-value":1,
       "Full adaptive model":0.0008008223382640483,
       "Full adaptive model (non-synonymous subs/site)":1e-10,
       "Full adaptive model (synonymous subs/site)":0.0008008223382640483,
       "LRT":0,
       "Nucleotide GTR":0.0007906058526200739,
       "Rate Distributions":        [
[0, 1] 
        ],
       "Rate classes":1,
       "Uncorrected P-value":1
      },
     "Node7":{
       "Baseline MG94xREV":0.002400663604544006,
       "Baseline MG94xREV omega ratio":1.066981935025364,
       "Corrected P-value":0.9780434539043893,
       "Full adaptive model":0.002401358343902467,
       "Full adaptive model (non-synonymous subs/site)":0.001600569771037551,
       "Full adaptive model (synonymous subs/site)":0.0008007885728649155,
       "LRT":0.004210455821066716,
       "Nucleotide GTR":0.002374567494169846,
       "Rate Distributions":        [
[1.083467197900239, 1] 
        ],
       "Rate classes":1,
       "Uncorrected P-value":0.4890217269521946
      },
     "SARS_coronavirus_lcl_NC_004718_3_cds_YP_009825061_1_12_gene_N_locus_tag_sars9a_db_xref_GeneID_1489678_protein_nucleocapsid_protein_protein_id_YP_009825061_1_location_28120_29388_gbkey_CDS__44":{
       "Baseline MG94xREV":0,
       "Baseline MG94xREV omega ratio":1,
       "Corrected P-value":null,
       "Full adaptive model":0,
       "Full adaptive model (non-synonymous subs/site)":1e-10,
       "Full adaptive model (synonymous subs/site)":1e-10,
       "LRT":null,
       "Nucleotide GTR":0,
       "Rate Distributions":        [
[1, 1] 
        ],
       "Rate classes":1,
       "Uncorrected P-value":null,
       "original name":"SARS_coronavirus_lcl_NC_004718_3_cds_YP_009825061_1_12_gene_N_locus_tag_sars9a_db_xref_GeneID_1489678_protein_nucleocapsid_protein_protein_id_YP_009825061_1_location_28120_29388_gbkey_CDS__44"
      },
     "gb_AY282752_Organism_SARS_coronavirus_CUHK_Su10_Strain_Name_CUHK_Su10_Segment_null_Host_Human_1":{
       "Baseline MG94xREV":0.0007994396839676979,
       "Baseline MG94xREV omega ratio":10000000000,
       "Corrected P-value":null,
       "Full adaptive model":0.0007994867845971047,
       "Full adaptive model (non-synonymous subs/site)":0.0007994867845971047,
       "Full adaptive model (synonymous subs/site)":1e-10,
       "LRT":null,
       "Nucleotide GTR":0.000790520693723527,
       "Rate Distributions":        [
[10000000000, 1] 
        ],
       "Rate classes":1,
       "Uncorrected P-value":null,
       "original name":"gb_AY282752_Organism_SARS_coronavirus_CUHK_Su10_Strain_Name_CUHK_Su10_Segment_null_Host_Human_1"
      },
     "gb_AY310120_Organism_SARS_coronavirus_FRA_Strain_Name_FRA_Segment_null_Host_Human_2":{
       "Baseline MG94xREV":0.0007992100720132165,
       "Baseline MG94xREV omega ratio":10000000000,
       "Corrected P-value":null,
       "Full adaptive model":0.0007992734994452092,
       "Full adaptive model (non-synonymous subs/site)":0.0007992734994452092,
       "Full adaptive model (synonymous subs/site)":1e-10,
       "LRT":null,
       "Nucleotide GTR":0.0007903527599673636,
       "Rate Distributions":        [
[10000000000, 1] 
        ],
       "Rate classes":1,
       "Uncorrected P-value":null,
       "original name":"gb_AY310120_Organism_SARS_coronavirus_FRA_Strain_Name_FRA_Segment_null_Host_Human_2"
      },
     "gb_AY313906_Organism_SARS_coronavirus_GD69_Strain_Name_GD69_Segment_null_Host_Human_1":{
       "Baseline MG94xREV":0.0007992926329854561,
       "Baseline MG94xREV omega ratio":10000000000,
       "Corrected P-value":null,
       "Full adaptive model":0.000799973381154088,
       "Full adaptive model (non-synonymous subs/site)":0.000799973381154088,
       "Full adaptive model (synonymous subs/site)":1e-10,
       "LRT":null,
       "Nucleotide GTR":0.0007904115041557565,
       "Rate Distributions":        [
[10000000000, 1] 
        ],
       "Rate classes":1,
       "Uncorrected P-value":null,
       "original name":"gb_AY313906_Organism_SARS_coronavirus_GD69_Strain_Name_GD69_Segment_null_Host_Human_1"
      },
     "gb_AY390556_Organism_SARS_coronavirus_GZ02_Strain_Name_GZ02_Segment_null_Host_Human_1":{
       "Baseline MG94xREV":0,
       "Baseline MG94xREV omega ratio":1,
       "Corrected P-value":null,
       "Full adaptive model":0,
       "Full adaptive model (non-synonymous subs/site)":1e-10,
       "Full adaptive model (synonymous subs/site)":1e-10,
       "LRT":null,
       "Nucleotide GTR":0,
       "Rate Distributions":        [
[1, 1] 
        ],
       "Rate classes":1,
       "Uncorrected P-value":null,
       "original name":"gb_AY390556_Organism_SARS_coronavirus_GZ02_Strain_Name_GZ02_Segment_null_Host_Human_1"
      },
     "gb_AY394850_Organism_SARS_coronavirus_WHU_Strain_Name_WHU_Segment_null_Host_Human_1":{
       "Baseline MG94xREV":0.0008004643864135713,
       "Baseline MG94xREV omega ratio":0,
       "Corrected P-value":null,
       "Full adaptive model":0.0007994686059920358,
       "Full adaptive model (non-synonymous subs/site)":1e-10,
       "Full adaptive model (synonymous subs/site)":0.0007994686059920358,
       "LRT":null,
       "Nucleotide GTR":0.0007903527598608756,
       "Rate Distributions":        [
[0, 1] 
        ],
       "Rate classes":1,
       "Uncorrected P-value":null,
       "original name":"gb_AY394850_Organism_SARS_coronavirus_WHU_Strain_Name_WHU_Segment_null_Host_Human_1"
      },
     "gb_AY395003_Organism_SARS_coronavirus_ZS_C_Strain_Name_ZS_C_Segment_null_Host_Human_1":{
       "Baseline MG94xREV":0.0007994204386053763,
       "Baseline MG94xREV omega ratio":10000000000,
       "Corrected P-value":null,
       "Full adaptive model":0.0007996938281920529,
       "Full adaptive model (non-synonymous subs/site)":0.0007996938281920529,
       "Full adaptive model (synonymous subs/site)":1e-10,
       "LRT":null,
       "Nucleotide GTR":0.0007905471066004114,
       "Rate Distributions":        [
[10000000000, 1] 
        ],
       "Rate classes":1,
       "Uncorrected P-value":null,
       "original name":"gb_AY395003_Organism_SARS_coronavirus_ZS_C_Strain_Name_ZS_C_Segment_null_Host_Human_1"
      },
     "gb_AY502924_Organism_SARS_coronavirus_TW11_Strain_Name_TW11_Segment_null_Host_Human_1":{
       "Baseline MG94xREV":0.0007995435367030699,
       "Baseline MG94xREV omega ratio":10000000000,
       "Corrected P-value":null,
       "Full adaptive model":0.000799696624394533,
       "Full adaptive model (non-synonymous subs/site)":0.000799696624394533,
       "Full adaptive model (synonymous subs/site)":1e-10,
       "LRT":null,
       "Nucleotide GTR":0.0007906058482041607,
       "Rate Distributions":        [
[10000000000, 1] 
        ],
       "Rate classes":1,
       "Uncorrected P-value":null,
       "original name":"gb_AY502924_Organism_SARS_coronavirus_TW11_Strain_Name_TW11_Segment_null_Host_Human_1"
      },
     "gb_AY568539_Organism_SARS_coronavirus_GZ0401_Strain_Name_GZ0401_Segment_null_Host_Human_1":{
       "Baseline MG94xREV":0.001598832318121034,
       "Baseline MG94xREV omega ratio":0.531958575353186,
       "Corrected P-value":null,
       "Full adaptive model":0.001598652981736499,
       "Full adaptive model (non-synonymous subs/site)":0.0007979063229518532,
       "Full adaptive model (synonymous subs/site)":0.0008007466587846472,
       "LRT":null,
       "Nucleotide GTR":0.001581252728874057,
       "Rate Distributions":        [
[0.5401517603340631, 1] 
        ],
       "Rate classes":1,
       "Uncorrected P-value":null,
       "original name":"gb_AY568539_Organism_SARS_coronavirus_GZ0401_Strain_Name_GZ0401_Segment_null_Host_Human_1"
      },
     "gb_AY613947_Organism_SARS_coronavirus_GZ0402_Strain_Name_GZ0402_Segment_null_Host_Human_1":{
       "Baseline MG94xREV":0,
       "Baseline MG94xREV omega ratio":1,
       "Corrected P-value":null,
       "Full adaptive model":0,
       "Full adaptive model (non-synonymous subs/site)":1e-10,
       "Full adaptive model (synonymous subs/site)":1e-10,
       "LRT":null,
       "Nucleotide GTR":0,
       "Rate Distributions":        [
[1, 1] 
        ],
       "Rate classes":1,
       "Uncorrected P-value":null,
       "original name":"gb_AY613947_Organism_SARS_coronavirus_GZ0402_Strain_Name_GZ0402_Segment_null_Host_Human_1"
      }
    },
   "attributes":{
     "Baseline MG94xREV":{
       "attribute type":"branch length",
       "display order":1
      },
     "Baseline MG94xREV omega ratio":{
       "attribute type":"branch label",
       "display order":1
      },
     "Corrected P-value":{
       "attribute type":"branch label",
       "display order":6
      },
     "Full adaptive model":{
       "attribute type":"branch length",
       "display order":2
      },
     "Full adaptive model (non-synonymous subs/site)":{
       "attribute type":"branch label",
       "display order":10
      },
     "Full adaptive model (synonymous subs/site)":{
       "attribute type":"branch label",
       "display order":9
      },
     "LRT":{
       "attribute type":"branch label",
       "display order":4
      },
     "Nucleotide GTR":{
       "attribute type":"branch length",
       "display order":0
      },
     "Rate Distributions":{
       "attribute type":"branch label",
       "display order":3
      },
     "Rate classes":{
       "attribute type":"branch label",
       "display order":2
      },
     "Uncorrected P-value":{
       "attribute type":"branch label",
       "display order":5
      },
     "original name":{
       "attribute type":"node label",
       "display order":-1
      }
    }
  },
 "data partitions":{
   "0":{
     "coverage":      [
[0, 1, 2, 3, 4, 5, 6, 7, 8, 9, 10, 11, 12, 13, 14, 15, 16, 17, 18, 19, 20, 21, 22, 23, 24, 25, 26, 27, 28, 29, 30, 31, 32, 33, 34, 35, 36, 37, 38, 39, 40, 41, 42, 43, 44, 45, 46, 47, 48, 49, 50, 51, 52, 53, 54, 55, 56, 57, 58, 59, 60, 61, 62, 63, 64, 65, 66, 67, 68, 69, 70, 71, 72, 73, 74, 75, 76, 77, 78, 79, 80, 81, 82, 83, 84, 85, 86, 87, 88, 89, 90, 91, 92, 93, 94, 95, 96, 97, 98, 99, 100, 101, 102, 103, 104, 105, 106, 107, 108, 109, 110, 111, 112, 113, 114, 115, 116, 117, 118, 119, 120, 121, 122, 123, 124, 125, 126, 127, 128, 129, 130, 131, 132, 133, 134, 135, 136, 137, 138, 139, 140, 141, 142, 143, 144, 145, 146, 147, 148, 149, 150, 151, 152, 153, 154, 155, 156, 157, 158, 159, 160, 161, 162, 163, 164, 165, 166, 167, 168, 169, 170, 171, 172, 173, 174, 175, 176, 177, 178, 179, 180, 181, 182, 183, 184, 185, 186, 187, 188, 189, 190, 191, 192, 193, 194, 195, 196, 197, 198, 199, 200, 201, 202, 203, 204, 205, 206, 207, 208, 209, 210, 211, 212, 213, 214, 215, 216, 217, 218, 219, 220, 221, 222, 223, 224, 225, 226, 227, 228, 229, 230, 231, 232, 233, 234, 235, 236, 237, 238, 239, 240, 241, 242, 243, 244, 245, 246, 247, 248, 249, 250, 251, 252, 253, 254, 255, 256, 257, 258, 259, 260, 261, 262, 263, 264, 265, 266, 267, 268, 269, 270, 271, 272, 273, 274, 275, 276, 277, 278, 279, 280, 281, 282, 283, 284, 285, 286, 287, 288, 289, 290, 291, 292, 293, 294, 295, 296, 297, 298, 299, 300, 301, 302, 303, 304, 305, 306, 307, 308, 309, 310, 311, 312, 313, 314, 315, 316, 317, 318, 319, 320, 321, 322, 323, 324, 325, 326, 327, 328, 329, 330, 331, 332, 333, 334, 335, 336, 337, 338, 339, 340, 341, 342, 343, 344, 345, 346, 347, 348, 349, 350, 351, 352, 353, 354, 355, 356, 357, 358, 359, 360, 361, 362, 363, 364, 365, 366, 367, 368, 369, 370, 371, 372, 373, 374, 375, 376, 377, 378, 379, 380, 381, 382, 383, 384, 385, 386, 387, 388, 389, 390, 391, 392, 393, 394, 395, 396, 397, 398, 399, 400, 401, 402, 403, 404, 405, 406, 407, 408, 409, 410, 411, 412, 413, 414, 415, 416, 417, 418, 419, 420, 421, 422] 
      ],
     "name":"absrel.filter.default"
    }
  },
 "fits":{
   "Baseline MG94xREV":{
     "AIC-c":3648.975356026637,
     "Equilibrium frequencies":      [
[0.03479417969007468],
      [0.02527202328120538],
      [0.01569129834410889],
      [0.0302876810846931],
      [0.02743552320007497],
      [0.01992721734555302],
      [0.01237272968047299],
      [0.02388210857325103],
      [0.02247116529723826],
      [0.01632146001446372],
      [0.01013392935138903],
      [0.01956072809264481],
      [0.01560198800355671],
      [0.0113321770356738],
      [0.00703610347206581],
      [0.01358123804464145],
      [0.02912882140141151],
      [0.02115710900983064],
      [0.01313636450386542],
      [0.025356092910867],
      [0.02296833730433466],
      [0.01668257048322663],
      [0.01035814139952978],
      [0.01999350700363802],
      [0.0188123004035519],
      [0.01366392017304008],
      [0.00848387347540595],
      [0.01637575480058689],
      [0.01306159610919664],
      [0.009487016618916891],
      [0.005890450737027176],
      [0.01136987452890765],
      [0.03395565688775985],
      [0.02466297981558325],
      [0.01531314568821473],
      [0.02955776270624662],
      [0.02677434043900349],
      [0.01944698110260183],
      [0.01207455291480796],
      [0.02330656137586323],
      [0.0219296211463441],
      [0.01592812076890301],
      [0.009889706584424032],
      [0.01908932406238275],
      [0.0152259876834182],
      [0.01105907708249423],
      [0.006866536801624753],
      [0.01325393681536872],
      [0.01520572211004443],
      [0.01822355324727787],
      [0.01650746111943748],
      [0.01198984845856331],
      [0.007444449032455845],
      [0.01436943541583522],
      [0.009820329090734353],
      [0.006097403119861903],
      [0.01176933846322057],
      [0.009387435715238654],
      [0.006818367211398996],
      [0.00423349697581667],
      [0.008171586790629577] 
      ],
     "Log Likelihood":-1786.144969880449,
     "Rate Distributions":{
       "Per-branch omega":{
         "2.5%":0,
         "97.5%":10000000000,
         "Mean":2000000000.519788,
         "Median":1
        }
      },
     "display order":1,
     "estimated parameters":38
    },
   "Full adaptive model":{
     "AIC-c":3648.975356026637,
     "Log Likelihood":-1786.13406312427,
     "Rate Distributions":{
      },
     "display order":2,
     "estimated parameters":38
    },
   "Nucleotide GTR":{
     "AIC-c":3648.975356026637,
     "Equilibrium frequencies":      [
[0.3151658767772512],
      [0.2634281200631912],
      [0.2212480252764613],
      [0.2001579778830964] 
      ],
     "Log Likelihood":-1832.382359814721,
     "Rate Distributions":{
       "Substitution rate from nucleotide A to nucleotide C":0,
       "Substitution rate from nucleotide A to nucleotide G":1,
       "Substitution rate from nucleotide A to nucleotide T":0,
       "Substitution rate from nucleotide C to nucleotide G":0,
       "Substitution rate from nucleotide C to nucleotide T":1.978592040767418,
       "Substitution rate from nucleotide G to nucleotide T":0.7836908632014112
      },
     "display order":0,
     "estimated parameters":25
    }
  },
 "input":{
   "file name":"/data/shares/veg/SARS-CoV-2/coronavirus-comparative-data/data/catted/SARS_N.catted.qa.fasta_protein.aligned.compressed.codon.fas",
   "number of sequences":10,
   "number of sites":423,
   "partition count":1,
   "trees":{
     "0":"(gb_AY394850_Organism_SARS_coronavirus_WHU_Strain_Name_WHU_Segment_null_Host_Human_1,gb_AY282752_Organism_SARS_coronavirus_CUHK_Su10_Strain_Name_CUHK_Su10_Segment_null_Host_Human_1,gb_AY313906_Organism_SARS_coronavirus_GD69_Strain_Name_GD69_Segment_null_Host_Human_1,gb_AY502924_Organism_SARS_coronavirus_TW11_Strain_Name_TW11_Segment_null_Host_Human_1,SARS_coronavirus_lcl_NC_004718_3_cds_YP_009825061_1_12_gene_N_locus_tag_sars9a_db_xref_GeneID_1489678_protein_nucleocapsid_protein_protein_id_YP_009825061_1_location_28120_29388_gbkey_CDS__44,(gb_AY395003_Organism_SARS_coronavirus_ZS_C_Strain_Name_ZS_C_Segment_null_Host_Human_1,gb_AY390556_Organism_SARS_coronavirus_GZ02_Strain_Name_GZ02_Segment_null_Host_Human_1)Node11,(gb_AY613947_Organism_SARS_coronavirus_GZ0402_Strain_Name_GZ0402_Segment_null_Host_Human_1,gb_AY568539_Organism_SARS_coronavirus_GZ0401_Strain_Name_GZ0401_Segment_null_Host_Human_1)Node7,gb_AY310120_Organism_SARS_coronavirus_FRA_Strain_Name_FRA_Segment_null_Host_Human_2)"
    }
  },
 "test results":{
   "P-value threshold":0.05,
   "positive test results":0,
   "tested":2
  },
 "tested":{
   "0":{
     "Node11":"test",
     "Node7":"test",
     "SARS_coronavirus_lcl_NC_004718_3_cds_YP_009825061_1_12_gene_N_locus_tag_sars9a_db_xref_GeneID_1489678_protein_nucleocapsid_protein_protein_id_YP_009825061_1_location_28120_29388_gbkey_CDS__44":"background",
     "gb_AY282752_Organism_SARS_coronavirus_CUHK_Su10_Strain_Name_CUHK_Su10_Segment_null_Host_Human_1":"background",
     "gb_AY310120_Organism_SARS_coronavirus_FRA_Strain_Name_FRA_Segment_null_Host_Human_2":"background",
     "gb_AY313906_Organism_SARS_coronavirus_GD69_Strain_Name_GD69_Segment_null_Host_Human_1":"background",
     "gb_AY390556_Organism_SARS_coronavirus_GZ02_Strain_Name_GZ02_Segment_null_Host_Human_1":"background",
     "gb_AY394850_Organism_SARS_coronavirus_WHU_Strain_Name_WHU_Segment_null_Host_Human_1":"background",
     "gb_AY395003_Organism_SARS_coronavirus_ZS_C_Strain_Name_ZS_C_Segment_null_Host_Human_1":"background",
     "gb_AY502924_Organism_SARS_coronavirus_TW11_Strain_Name_TW11_Segment_null_Host_Human_1":"background",
     "gb_AY568539_Organism_SARS_coronavirus_GZ0401_Strain_Name_GZ0401_Segment_null_Host_Human_1":"background",
     "gb_AY613947_Organism_SARS_coronavirus_GZ0402_Strain_Name_GZ0402_Segment_null_Host_Human_1":"background"
    }
  },
 "timers":{
   "Baseline model fitting":{
     "order":2,
     "timer":1
    },
   "Complexity analysis":{
     "order":3,
     "timer":15
    },
   "Full adaptive model fitting":{
     "order":4,
     "timer":2
    },
   "Overall":{
     "order":0,
     "timer":18
    },
   "Preliminary model fitting":{
     "order":1,
     "timer":0
    },
   "Testing for selection":{
     "order":5,
     "timer":0
    }
  }
}